Card_ID,Customer_ID,Card_Type,Credit_Limit,Outstanding_Balance,Available_Credit,Card_Status,Issue_Date,Expiry_Date
CC000001,C01625,Silver,36556,22631.28,13924.72,Active,2026-04-19,2031-04-19
CC000002,C01930,Gold,307473,176394.08,131078.92,Active,2023-09-16,2028-09-16
CC000003,C04943,Gold,642417,78534.11,563882.89,Active,2022-06-19,2027-06-19
CC000004,C05930,Gold,227824,112287.97,115536.03,Active,2022-10-13,2027-10-13
CC000005,C03963,Platinum,639898,162731.46,477166.54,Active,2023-08-18,2028-08-18
CC000006,C02416,Gold,31703,20009.83,11693.17,Active,2023-05-01,2028-05-01
CC000007,C05361,Gold,491369,102615.36,388753.64,Blocked,2024-07-12,2029-07-12
CC000008,C02009,Platinum,994502,363937.12,630564.88,Active,2026-05-27,2031-05-27
CC000009,C05859,Platinum,1354740,900888.27,453851.73,Active,2023-08-31,2028-08-31
CC000010,C05596,Gold,596922,92618.5,504303.5,Active,2025-11-19,2030-11-19
CC000011,C02014,Silver,124800,62917.48,61882.52,Active,2025-11-06,2030-11-06
CC000012,C06848,Platinum,1277937,819346.55,458590.45,Expired,2023-04-27,2028-04-27
CC000013,C09561,Platinum,305907,111988.99,193918.01,Active,2026-03-28,2031-03-28
CC000014,C04785,Platinum,370555,133076.19,237478.81,Active,2024-03-01,2029-03-01
CC000015,C00691,Gold,274870,144689.29,130180.71,Active,2023-06-03,2028-06-03
CC000016,C08737,Platinum,371339,157292.57,214046.43,Active,2022-02-12,2027-02-12
CC000017,C00596,Gold,176001,44656.84,131344.16,Active,2023-11-02,2028-11-02
CC000018,C04683,Platinum,258655,67336.6,191318.4,Active,2025-03-23,2030-03-23
CC000019,C05866,Gold,480746,70348.54,410397.46,Active,2024-09-10,2029-09-10
CC000020,C02804,Gold,529963,131875.24,398087.76,Active,2026-04-17,2031-04-17
CC000021,C02258,Platinum,681141,136235.09,544905.91,Active,2024-04-27,2029-04-27
CC000022,C06236,Platinum,765158,217242.99,547915.01,Active,2026-03-07,2031-03-07
CC000023,C07917,Platinum,1637603,578724.82,1058878.18,Expired,2021-02-12,2026-02-12
CC000024,C03348,Platinum,1834977,300269.38,1534707.62,Active,2026-04-27,2031-04-27
CC000025,C06330,Gold,367753,240677.99,127075.01,Active,2026-03-13,2031-03-13
CC000026,C01746,Gold,600156,310353.81,289802.19,Active,2023-11-24,2028-11-24
CC000027,C04052,Gold,780099,548055.27,232043.73,Active,2023-02-18,2028-02-18
CC000028,C02439,Gold,170763,106831.8,63931.2,Active,2024-03-27,2029-03-27
CC000029,C05651,Gold,507757,205304.27,302452.73,Active,2026-05-15,2031-05-15
CC000030,C08863,Platinum,2309279,656695.06,1652583.94,Active,2026-05-29,2031-05-29
CC000031,C01473,Gold,311579,221022.61,90556.39,Active,2024-05-21,2029-05-21
CC000032,C02799,Silver,189637,45368.33,144268.67,Active,2025-05-28,2030-05-28
CC000033,C06948,Gold,756116,561752.94,194363.06,Active,2026-02-04,2031-02-04
CC000034,C09611,Gold,317301,238092.84,79208.16,Active,2025-10-19,2030-10-19
CC000035,C05459,Platinum,1444903,386680.05,1058222.95,Active,2025-09-14,2030-09-14
CC000036,C08838,Platinum,965165,154385.3,810779.7,Active,2025-05-13,2030-05-13
CC000037,C00284,Platinum,2395098,1132628.24,1262469.76,Active,2023-02-28,2028-02-28
CC000038,C02643,Platinum,776510,167406.91,609103.09,Active,2025-03-23,2030-03-23
CC000039,C06840,Platinum,1244173,933427.66,310745.34,Active,2023-03-07,2028-03-07
CC000040,C04103,Platinum,526858,199834.4,327023.6,Active,2024-03-14,2029-03-14
CC000041,C05539,Gold,742717,309000.2,433716.8,Active,2025-11-11,2030-11-11
CC000042,C06427,Gold,222056,113651.84,108404.16,Active,2025-06-26,2030-06-26
CC000043,C07137,Gold,274441,163426.5,111014.5,Active,2026-03-07,2031-03-07
CC000044,C06493,Gold,232938,163463.03,69474.97,Active,2026-05-12,2031-05-12
CC000045,C05558,Platinum,2202948,968834.83,1234113.17,Active,2022-05-21,2027-05-21
CC000046,C06800,Platinum,798782,402065.45,396716.55,Active,2019-11-13,2024-11-13
CC000047,C02281,Gold,626833,146231.95,480601.05,Active,2026-03-12,2031-03-12
CC000048,C09359,Platinum,1688308,654677.88,1033630.12,Active,2023-03-03,2028-03-03
CC000049,C02333,Gold,303198,43184.15,260013.85,Active,2025-08-05,2030-08-05
CC000050,C03312,Platinum,314576,86212.52,228363.48,Active,2023-09-13,2028-09-13
CC000051,C00386,Silver,140593,32117.29,108475.71,Active,2025-02-04,2030-02-04
CC000052,C03583,Platinum,279046,114462.3,164583.7,Active,2026-05-15,2031-05-15
CC000053,C02674,Gold,253045,140819.9,112225.1,Active,2025-08-22,2030-08-22
CC000054,C01299,Gold,297793,222885.22,74907.78,Active,2024-11-29,2029-11-29
CC000055,C04821,Gold,709231,309899.12,399331.88,Active,2025-06-11,2030-06-11
CC000056,C08047,Platinum,372634,136116.19,236517.81,Expired,2024-11-05,2029-11-05
CC000057,C08110,Gold,677110,202912.57,474197.43,Active,2023-05-31,2028-05-31
CC000058,C04270,Platinum,782765,440939.29,341825.71,Active,2025-08-27,2030-08-27
CC000059,C09662,Platinum,1256551,977718.0,278833.0,Active,2026-06-25,2031-06-25
CC000060,C00428,Silver,112209,15711.02,96497.98,Active,2025-08-06,2030-08-06
CC000061,C05343,Gold,756926,159108.05,597817.95,Blocked,2026-06-30,2031-06-30
CC000062,C09223,Gold,394851,58424.1,336426.9,Active,2026-07-09,2031-07-09
CC000063,C09932,Platinum,623389,114654.1,508734.9,Active,2023-09-17,2028-09-17
CC000064,C04853,Platinum,2046797,261619.88,1785177.12,Active,2026-02-01,2031-02-01
CC000065,C01269,Platinum,792683,369348.98,423334.02,Active,2025-04-19,2030-04-19
CC000066,C05042,Platinum,2301963,736464.04,1565498.96,Active,2021-10-03,2026-10-03
CC000067,C00293,Silver,199214,61755.93,137458.07,Active,2026-06-25,2031-06-25
CC000068,C09301,Gold,49016,5221.22,43794.78,Active,2023-11-03,2028-11-03
CC000069,C08186,Silver,56209,8503.44,47705.56,Active,2025-07-19,2030-07-19
CC000070,C06018,Silver,121490,87060.33,34429.67,Active,2022-07-09,2027-07-09
CC000071,C07791,Gold,365409,148622.51,216786.49,Active,2024-06-02,2029-06-02
CC000072,C01042,Gold,754634,79595.91,675038.09,Active,2026-06-06,2031-06-06
CC000073,C01861,Platinum,2191226,378009.61,1813216.39,Active,2025-12-24,2030-12-24
CC000074,C07722,Gold,312235,193489.43,118745.57,Active,2026-07-26,2031-07-26
CC000075,C04200,Platinum,1241722,747924.59,493797.41,Active,2025-06-07,2030-06-07
CC000076,C09014,Silver,99201,45016.06,54184.94,Active,2025-11-29,2030-11-29
CC000077,C07839,Gold,43316,7130.2,36185.8,Active,2025-07-03,2030-07-03
CC000078,C08244,Gold,203717,67937.5,135779.5,Active,2024-08-14,2029-08-14
CC000079,C02062,Platinum,369430,228626.05,140803.95,Active,2025-09-13,2030-09-13
CC000080,C08181,Platinum,820278,146265.18,674012.82,Blocked,2025-12-12,2030-12-12
CC000081,C03274,Silver,69073,33287.19,35785.81,Active,2026-06-11,2031-06-11
CC000082,C06580,Gold,355287,142417.04,212869.96,Active,2024-12-07,2029-12-07
CC000083,C04117,Gold,241832,176355.32,65476.68,Active,2022-11-10,2027-11-10
CC000084,C08263,Gold,307786,106978.73,200807.27,Active,2024-11-27,2029-11-27
CC000085,C04127,Platinum,362060,270833.43,91226.57,Active,2026-06-30,2031-06-30
CC000086,C05456,Platinum,2477484,1653820.17,823663.83,Active,2023-08-05,2028-08-05
CC000087,C05758,Gold,548321,355131.36,193189.64,Active,2023-08-21,2028-08-21
CC000088,C05896,Platinum,460222,131975.1,328246.9,Active,2026-05-23,2031-05-23
CC000089,C05962,Gold,240605,168667.78,71937.22,Active,2022-05-08,2027-05-08
CC000090,C00561,Platinum,682662,235355.16,447306.84,Active,2024-03-02,2029-03-02
CC000091,C03003,Platinum,433752,50560.35,383191.65,Active,2025-05-24,2030-05-24
CC000092,C07021,Silver,48198,37441.28,10756.72,Active,2026-06-13,2031-06-13
CC000093,C07904,Platinum,619093,356388.74,262704.26,Active,2025-10-02,2030-10-02
CC000094,C09326,Silver,37235,6729.83,30505.17,Expired,2025-07-18,2030-07-18
CC000095,C07415,Gold,478361,60646.63,417714.37,Active,2025-12-13,2030-12-13
CC000096,C01078,Silver,112228,45505.73,66722.27,Expired,2025-08-17,2030-08-17
CC000097,C01763,Silver,181149,42217.71,138931.29,Active,2025-11-07,2030-11-07
CC000098,C06182,Gold,745175,557318.33,187856.67,Active,2025-01-12,2030-01-12
CC000099,C01873,Platinum,406606,144326.85,262279.15,Active,2026-02-09,2031-02-09
CC000100,C03338,Silver,116559,62499.96,54059.04,Active,2022-11-24,2027-11-24
CC000101,C07171,Platinum,1429821,650548.18,779272.82,Active,2022-01-04,2027-01-04
CC000102,C05495,Gold,510016,248933.06,261082.94,Active,2021-03-28,2026-03-28
CC000103,C04452,Platinum,597562,343073.83,254488.17,Active,2023-07-26,2028-07-26
CC000104,C07324,Platinum,515568,198108.35,317459.65,Active,2026-04-22,2031-04-22
CC000105,C07293,Gold,420392,168544.28,251847.72,Active,2024-10-14,2029-10-14
CC000106,C06415,Platinum,687575,281390.21,406184.79,Active,2026-07-04,2031-07-04
CC000107,C02960,Silver,74483,41799.53,32683.47,Active,2026-07-08,2031-07-08
CC000108,C00387,Platinum,551470,91197.17,460272.83,Blocked,2026-02-12,2031-02-12
CC000109,C09884,Gold,525498,135183.55,390314.45,Active,2025-12-03,2030-12-03
CC000110,C02755,Platinum,1313472,1036007.89,277464.11,Active,2025-09-09,2030-09-09
CC000111,C07942,Platinum,1755076,684670.43,1070405.57,Active,2023-05-07,2028-05-07
CC000112,C09491,Gold,602630,268811.56,333818.44,Active,2025-06-10,2030-06-10
CC000113,C01329,Platinum,205814,149186.72,56627.28,Active,2026-02-19,2031-02-19
CC000114,C00810,Platinum,2432465,967153.77,1465311.23,Active,2026-06-13,2031-06-13
CC000115,C07203,Platinum,743118,315962.57,427155.43,Active,2021-07-30,2026-07-30
CC000116,C07814,Platinum,327253,137290.25,189962.75,Active,2023-12-28,2028-12-28
CC000117,C01615,Platinum,786075,406256.63,379818.37,Blocked,2026-03-18,2031-03-18
CC000118,C09363,Platinum,729298,290784.63,438513.37,Active,2024-03-05,2029-03-05
CC000119,C04547,Gold,366889,227676.2,139212.8,Active,2026-07-08,2031-07-08
CC000120,C02743,Gold,459249,315919.23,143329.77,Active,2026-05-01,2031-05-01
CC000121,C03741,Platinum,708136,381489.79,326646.21,Active,2026-02-21,2031-02-21
CC000122,C01464,Gold,499607,131968.94,367638.06,Active,2026-03-24,2031-03-24
CC000123,C02853,Platinum,284491,56005.42,228485.58,Active,2025-08-28,2030-08-28
CC000124,C01286,Platinum,424345,61513.13,362831.87,Active,2025-11-08,2030-11-08
CC000125,C05258,Platinum,1671941,240067.32,1431873.68,Active,2025-05-14,2030-05-14
CC000126,C02363,Gold,220480,154272.59,66207.41,Active,2026-05-13,2031-05-13
CC000127,C07285,Gold,206182,156681.65,49500.35,Active,2026-07-22,2031-07-22
CC000128,C00938,Silver,139843,66670.77,73172.23,Active,2025-08-16,2030-08-16
CC000129,C01249,Platinum,431251,190509.72,240741.28,Active,2023-04-03,2028-04-03
CC000130,C00119,Platinum,1615492,541659.41,1073832.59,Active,2021-03-28,2026-03-28
CC000131,C01666,Gold,373061,256798.02,116262.98,Active,2023-07-25,2028-07-25
CC000132,C06674,Platinum,760069,90354.35,669714.65,Active,2025-07-07,2030-07-07
CC000133,C00127,Gold,228418,36264.38,192153.62,Active,2025-05-29,2030-05-29
CC000134,C05777,Platinum,390556,52802.88,337753.12,Active,2020-09-13,2025-09-13
CC000135,C06135,Gold,542722,182490.48,360231.52,Active,2026-07-17,2031-07-17
CC000136,C09973,Gold,642042,177582.44,464459.56,Active,2022-03-05,2027-03-05
CC000137,C05408,Silver,171405,23389.91,148015.09,Blocked,2026-01-07,2031-01-07
CC000138,C06100,Platinum,943903,610576.05,333326.95,Active,2024-06-05,2029-06-05
CC000139,C02571,Platinum,459295,110025.26,349269.74,Active,2023-06-19,2028-06-19
CC000140,C02819,Platinum,1064704,459412.05,605291.95,Active,2025-07-28,2030-07-28
CC000141,C09557,Platinum,687623,405440.04,282182.96,Active,2020-06-29,2025-06-29
CC000142,C09645,Gold,320096,206287.25,113808.75,Active,2025-11-28,2030-11-28
CC000143,C00993,Gold,226925,170243.9,56681.1,Active,2026-05-24,2031-05-24
CC000144,C01493,Gold,128384,48485.26,79898.74,Active,2025-04-29,2030-04-29
CC000145,C09623,Gold,454646,77894.91,376751.09,Active,2025-07-18,2030-07-18
CC000146,C08867,Platinum,326935,214913.68,112021.32,Active,2024-11-11,2029-11-11
CC000147,C07321,Gold,758623,303346.49,455276.51,Active,2026-06-19,2031-06-19
CC000148,C04620,Gold,557806,60720.81,497085.19,Active,2026-01-30,2031-01-30
CC000149,C09916,Platinum,1709164,1320416.87,388747.13,Active,2025-03-29,2030-03-29
CC000150,C02293,Platinum,360422,145913.6,214508.4,Active,2020-10-12,2025-10-12
CC000151,C04086,Platinum,483201,256646.73,226554.27,Active,2025-11-29,2030-11-29
CC000152,C06615,Platinum,1774910,718664.87,1056245.13,Active,2020-12-12,2025-12-12
CC000153,C02919,Gold,457420,311737.09,145682.91,Active,2025-09-11,2030-09-11
CC000154,C03061,Platinum,455709,284970.06,170738.94,Active,2024-07-26,2029-07-26
CC000155,C07274,Platinum,1505474,180792.37,1324681.63,Active,2024-06-15,2029-06-15
CC000156,C02631,Gold,422423,147162.66,275260.34,Active,2024-10-13,2029-10-13
CC000157,C07238,Gold,489688,239483.74,250204.26,Active,2026-02-25,2031-02-25
CC000158,C04492,Gold,453080,273684.0,179396.0,Active,2024-08-09,2029-08-09
CC000159,C02510,Platinum,2248312,974115.3,1274196.7,Active,2023-04-09,2028-04-09
CC000160,C06870,Gold,218080,36013.15,182066.85,Active,2026-03-26,2031-03-26
CC000161,C03633,Platinum,521080,294291.4,226788.6,Active,2025-04-18,2030-04-18
CC000162,C00878,Gold,560455,222978.52,337476.48,Active,2023-05-30,2028-05-30
CC000163,C09413,Platinum,2273993,949668.79,1324324.21,Active,2023-09-12,2028-09-12
CC000164,C05694,Platinum,2312642,543029.17,1769612.83,Active,2024-09-06,2029-09-06
CC000165,C00894,Gold,394143,92260.47,301882.53,Active,2025-05-24,2030-05-24
CC000166,C08803,Gold,750121,388377.79,361743.21,Expired,2023-04-13,2028-04-13
CC000167,C08979,Platinum,510636,132376.36,378259.64,Active,2024-09-13,2029-09-13
CC000168,C04184,Gold,760081,143357.41,616723.59,Active,2024-01-11,2029-01-11
CC000169,C02513,Gold,506327,297817.58,208509.42,Active,2026-07-18,2031-07-18
CC000170,C00663,Platinum,714723,122797.53,591925.47,Active,2024-11-08,2029-11-08
CC000171,C09691,Gold,701968,286633.3,415334.7,Active,2024-08-24,2029-08-24
CC000172,C08627,Silver,155233,27920.36,127312.64,Active,2022-10-25,2027-10-25
CC000173,C01289,Platinum,2010101,1086684.71,923416.29,Active,2025-05-16,2030-05-16
CC000174,C08946,Silver,177545,135713.26,41831.74,Active,2024-07-27,2029-07-27
CC000175,C00567,Platinum,1970363,1251398.06,718964.94,Active,2025-08-24,2030-08-24
CC000176,C03337,Platinum,1273300,818713.41,454586.59,Active,2021-10-05,2026-10-05
CC000177,C07677,Platinum,511797,359341.2,152455.8,Expired,2024-06-12,2029-06-12
CC000178,C03539,Gold,263156,138615.22,124540.78,Active,2025-03-14,2030-03-14
CC000179,C04018,Platinum,1235762,664667.59,571094.41,Active,2020-06-14,2025-06-14
CC000180,C08445,Gold,451516,100087.32,351428.68,Active,2026-07-24,2031-07-24
CC000181,C04921,Silver,148096,86274.78,61821.22,Active,2024-06-07,2029-06-07
CC000182,C03449,Gold,502099,298683.17,203415.83,Active,2026-06-22,2031-06-22
CC000183,C00324,Gold,444762,332120.57,112641.43,Active,2024-12-23,2029-12-23
CC000184,C03135,Platinum,407428,161992.26,245435.74,Active,2025-09-26,2030-09-26
CC000185,C06164,Platinum,478535,324753.86,153781.14,Active,2025-04-27,2030-04-27
CC000186,C01365,Gold,522554,269915.25,252638.75,Active,2023-09-05,2028-09-05
CC000187,C03567,Platinum,660485,123542.11,536942.89,Active,2025-11-08,2030-11-08
CC000188,C10000,Platinum,1370941,617376.58,753564.42,Active,2022-11-04,2027-11-04
CC000189,C01104,Gold,241797,174721.55,67075.45,Active,2023-06-27,2028-06-27
CC000190,C06616,Platinum,227121,37231.68,189889.32,Blocked,2022-11-17,2027-11-17
CC000191,C05005,Platinum,221753,177336.03,44416.97,Active,2025-11-13,2030-11-13
CC000192,C01736,Platinum,884371,560847.13,323523.87,Active,2025-10-16,2030-10-16
CC000193,C03715,Gold,663711,491976.41,171734.59,Active,2021-08-26,2026-08-26
CC000194,C08727,Gold,715611,556987.71,158623.29,Active,2026-05-02,2031-05-02
CC000195,C04742,Gold,536653,305405.71,231247.29,Active,2026-02-28,2031-02-28
CC000196,C03862,Platinum,2254739,1007481.23,1247257.77,Active,2025-08-11,2030-08-11
CC000197,C06247,Gold,776818,97636.69,679181.31,Active,2020-02-21,2025-02-21
CC000198,C02975,Gold,321552,250530.59,71021.41,Active,2026-06-11,2031-06-11
CC000199,C09414,Platinum,802413,449641.97,352771.03,Active,2024-02-15,2029-02-15
CC000200,C07619,Gold,396694,183632.66,213061.34,Active,2026-03-28,2031-03-28
CC000201,C07412,Silver,145878,92193.93,53684.07,Active,2026-04-23,2031-04-23
CC000202,C07654,Gold,502020,204162.13,297857.87,Active,2024-01-17,2029-01-17
CC000203,C09856,Platinum,2121252,1116224.37,1005027.63,Active,2025-08-23,2030-08-23
CC000204,C01335,Silver,174399,19109.27,155289.73,Active,2026-03-03,2031-03-03
CC000205,C03325,Platinum,1037945,439064.77,598880.23,Active,2025-11-27,2030-11-27
CC000206,C06887,Platinum,1845169,1389148.66,456020.34,Active,2025-12-21,2030-12-21
CC000207,C07933,Platinum,635673,434995.33,200677.67,Expired,2026-04-13,2031-04-13
CC000208,C01500,Gold,778043,156580.67,621462.33,Active,2026-03-05,2031-03-05
CC000209,C04263,Silver,65784,46365.8,19418.2,Active,2023-04-24,2028-04-24
CC000210,C09823,Platinum,1670197,564380.73,1105816.27,Active,2025-12-17,2030-12-17
CC000211,C00892,Platinum,805379,239992.7,565386.3,Active,2023-05-13,2028-05-13
CC000212,C04362,Gold,713425,503451.48,209973.52,Active,2024-08-02,2029-08-02
CC000213,C08789,Gold,548588,266801.49,281786.51,Active,2025-03-28,2030-03-28
CC000214,C02734,Gold,537408,380872.43,156535.57,Expired,2024-10-23,2029-10-23
CC000215,C04723,Platinum,1603148,422419.42,1180728.58,Active,2025-03-03,2030-03-03
CC000216,C01743,Gold,695951,413157.93,282793.07,Active,2025-11-18,2030-11-18
CC000217,C03083,Gold,359493,160596.33,198896.67,Active,2023-02-17,2028-02-17
CC000218,C06856,Gold,548121,388502.8,159618.2,Active,2021-01-03,2026-01-03
CC000219,C01458,Gold,751499,554087.11,197411.89,Active,2023-10-15,2028-10-15
CC000220,C04193,Gold,361859,55139.99,306719.01,Active,2021-04-04,2026-04-04
CC000221,C00082,Gold,616791,342248.48,274542.52,Active,2023-01-10,2028-01-10
CC000222,C06270,Platinum,759543,277997.73,481545.27,Active,2022-08-26,2027-08-26
CC000223,C03812,Platinum,711650,505746.96,205903.04,Active,2025-10-25,2030-10-25
CC000224,C08159,Silver,195455,113184.02,82270.98,Active,2025-06-30,2030-06-30
CC000225,C02575,Silver,53692,21679.76,32012.24,Active,2022-05-14,2027-05-14
CC000226,C06158,Platinum,1010778,415000.16,595777.84,Active,2024-01-08,2029-01-08
CC000227,C09286,Gold,42056,13754.93,28301.07,Active,2020-11-22,2025-11-22
CC000228,C08435,Gold,651607,131558.71,520048.29,Active,2020-08-27,2025-08-27
CC000229,C03055,Gold,388803,85143.41,303659.59,Active,2024-11-11,2029-11-11
CC000230,C04469,Platinum,452528,202898.66,249629.34,Active,2026-07-06,2031-07-06
CC000231,C08135,Platinum,2137782,593841.93,1543940.07,Active,2022-07-14,2027-07-14
CC000232,C01198,Gold,687853,502715.02,185137.98,Active,2023-05-11,2028-05-11
CC000233,C09434,Platinum,1726374,1314918.56,411455.44,Expired,2021-08-30,2026-08-30
CC000234,C09271,Silver,141230,82368.08,58861.92,Active,2024-04-17,2029-04-17
CC000235,C03751,Gold,603380,420757.88,182622.12,Active,2022-08-21,2027-08-21
CC000236,C03727,Platinum,1552791,780073.05,772717.95,Expired,2022-12-01,2027-12-01
CC000237,C09915,Gold,615032,179673.15,435358.85,Active,2024-04-21,2029-04-21
CC000238,C05688,Silver,42856,31603.38,11252.62,Active,2022-08-25,2027-08-25
CC000239,C01361,Platinum,500096,321571.07,178524.93,Active,2025-11-28,2030-11-28
CC000240,C00268,Platinum,429642,234426.64,195215.36,Active,2024-01-04,2029-01-04
CC000241,C00888,Platinum,343423,185370.69,158052.31,Active,2026-05-09,2031-05-09
CC000242,C06083,Silver,110984,72364.6,38619.4,Active,2026-01-06,2031-01-06
CC000243,C03131,Silver,64448,10511.04,53936.96,Active,2023-03-11,2028-03-11
CC000244,C08401,Platinum,384171,92414.78,291756.22,Active,2026-06-09,2031-06-09
CC000245,C08101,Platinum,583629,275237.49,308391.51,Active,2025-12-10,2030-12-10
CC000246,C04376,Gold,97363,72032.48,25330.52,Blocked,2023-09-25,2028-09-25
CC000247,C05186,Platinum,509478,317196.7,192281.3,Active,2026-01-28,2031-01-28
CC000248,C02005,Gold,278957,55381.31,223575.69,Blocked,2026-03-26,2031-03-26
CC000249,C05175,Gold,134179,104269.0,29910.0,Active,2022-05-31,2027-05-31
CC000250,C05556,Gold,613741,67353.81,546387.19,Active,2025-07-26,2030-07-26
CC000251,C06989,Gold,474896,241813.27,233082.73,Active,2026-01-08,2031-01-08
CC000252,C06544,Gold,58402,33428.46,24973.54,Active,2020-07-23,2025-07-23
CC000253,C00029,Silver,177169,58395.68,118773.32,Active,2026-04-12,2031-04-12
CC000254,C08268,Platinum,2132538,1443085.79,689452.21,Active,2024-10-26,2029-10-26
CC000255,C04950,Silver,137032,24895.04,112136.96,Active,2026-05-30,2031-05-30
CC000256,C01525,Silver,159138,28849.23,130288.77,Active,2024-12-18,2029-12-18
CC000257,C03563,Gold,607524,253672.03,353851.97,Active,2022-08-30,2027-08-30
CC000258,C06472,Platinum,766432,301505.71,464926.29,Active,2023-11-18,2028-11-18
CC000259,C05947,Silver,138759,77489.32,61269.68,Active,2025-12-27,2030-12-27
CC000260,C01707,Platinum,493328,60630.7,432697.3,Active,2022-06-08,2027-06-08
CC000261,C02026,Platinum,1295164,905080.21,390083.79,Active,2025-07-21,2030-07-21
CC000262,C05443,Silver,172728,126296.53,46431.47,Active,2026-01-24,2031-01-24
CC000263,C06343,Gold,489282,113937.14,375344.86,Active,2026-01-30,2031-01-30
CC000264,C06207,Gold,149201,24494.54,124706.46,Active,2022-11-11,2027-11-11
CC000265,C04426,Platinum,222394,30113.25,192280.75,Active,2023-08-15,2028-08-15
CC000266,C00732,Platinum,792002,192966.46,599035.54,Active,2025-12-23,2030-12-23
CC000267,C02606,Gold,426441,285347.49,141093.51,Active,2026-04-13,2031-04-13
CC000268,C08494,Platinum,202973,59692.82,143280.18,Expired,2025-02-12,2030-02-12
CC000269,C09760,Platinum,766456,211126.39,555329.61,Active,2020-11-21,2025-11-21
CC000270,C02242,Silver,36758,7067.18,29690.82,Active,2020-11-11,2025-11-11
CC000271,C03100,Platinum,539498,59909.5,479588.5,Active,2023-04-10,2028-04-10
CC000272,C04027,Gold,641409,300346.09,341062.91,Active,2022-10-19,2027-10-19
CC000273,C06301,Gold,579625,266202.39,313422.61,Active,2026-07-04,2031-07-04
CC000274,C07938,Gold,245471,149509.05,95961.95,Active,2020-05-17,2025-05-17
CC000275,C08709,Silver,109070,45878.09,63191.91,Blocked,2024-08-08,2029-08-08
CC000276,C07299,Silver,155562,107821.42,47740.58,Active,2025-10-07,2030-10-07
CC000277,C08256,Platinum,2294013,1690207.17,603805.83,Active,2024-06-29,2029-06-29
CC000278,C07900,Platinum,2075692,423095.93,1652596.07,Active,2025-06-29,2030-06-29
CC000279,C00383,Platinum,2027598,981052.29,1046545.71,Active,2022-11-25,2027-11-25
CC000280,C02302,Platinum,756329,231760.7,524568.3,Active,2023-08-27,2028-08-27
CC000281,C03768,Gold,319971,223005.36,96965.64,Active,2025-03-30,2030-03-30
CC000282,C08143,Platinum,425468,170633.5,254834.5,Active,2025-11-30,2030-11-30
CC000283,C01649,Gold,675528,256100.18,419427.82,Active,2022-01-11,2027-01-11
CC000284,C02192,Silver,111926,63302.6,48623.4,Active,2025-05-09,2030-05-09
CC000285,C03053,Gold,697305,102499.17,594805.83,Active,2025-08-28,2030-08-28
CC000286,C06947,Gold,301255,187143.3,114111.7,Active,2021-01-30,2026-01-30
CC000287,C04166,Gold,262894,134214.11,128679.89,Active,2020-01-18,2025-01-18
CC000288,C07491,Silver,62042,24045.37,37996.63,Active,2026-05-10,2031-05-10
CC000289,C08206,Gold,140870,99688.7,41181.3,Active,2026-05-14,2031-05-14
CC000290,C09299,Platinum,527626,182638.97,344987.03,Active,2021-02-11,2026-02-11
CC000291,C05338,Gold,705612,181322.11,524289.89,Active,2022-02-06,2027-02-06
CC000292,C00611,Platinum,585415,105620.41,479794.59,Active,2024-02-14,2029-02-14
CC000293,C00162,Platinum,1699913,1175674.47,524238.53,Expired,2024-05-30,2029-05-30
CC000294,C08923,Platinum,783783,92782.41,691000.59,Active,2026-04-05,2031-04-05
CC000295,C05377,Platinum,480439,57781.07,422657.93,Active,2022-06-11,2027-06-11
CC000296,C00584,Gold,119082,41168.6,77913.4,Active,2025-09-12,2030-09-12
CC000297,C06435,Gold,620252,92237.55,528014.45,Active,2024-02-01,2029-02-01
CC000298,C02319,Gold,54053,33636.01,20416.99,Active,2025-07-25,2030-07-25
CC000299,C01754,Gold,557455,117169.51,440285.49,Active,2026-08-04,2031-08-04
CC000300,C09928,Gold,795164,411383.38,383780.62,Active,2023-02-14,2028-02-14
CC000301,C05950,Gold,252179,144190.43,107988.57,Active,2024-11-12,2029-11-12
CC000302,C01785,Platinum,709253,372324.64,336928.36,Active,2024-06-07,2029-06-07
CC000303,C03612,Gold,737234,132460.5,604773.5,Active,2024-09-25,2029-09-25
CC000304,C06251,Gold,710271,333013.31,377257.69,Active,2025-05-27,2030-05-27
CC000305,C07431,Gold,257443,27129.59,230313.41,Active,2023-09-29,2028-09-29
CC000306,C01646,Gold,343901,218347.09,125553.91,Active,2026-06-29,2031-06-29
CC000307,C05227,Gold,721546,449458.14,272087.86,Active,2025-10-20,2030-10-20
CC000308,C06272,Gold,441288,198660.64,242627.36,Active,2026-06-05,2031-06-05
CC000309,C05968,Platinum,275576,104153.9,171422.1,Active,2024-01-29,2029-01-29
CC000310,C05872,Gold,682087,508027.75,174059.25,Active,2023-04-01,2028-04-01
CC000311,C08033,Gold,624068,372349.72,251718.28,Active,2021-10-24,2026-10-24
CC000312,C04244,Gold,221869,172245.73,49623.27,Active,2023-04-20,2028-04-20
CC000313,C05571,Platinum,1764893,1204395.0,560498.0,Active,2026-05-03,2031-05-03
CC000314,C06206,Platinum,1022011,276271.58,745739.42,Active,2026-06-17,2031-06-17
CC000315,C08535,Gold,614991,436254.38,178736.62,Active,2026-02-27,2031-02-27
CC000316,C08658,Gold,376299,57748.94,318550.06,Active,2023-04-18,2028-04-18
CC000317,C06980,Gold,403322,296097.2,107224.8,Active,2019-05-30,2024-05-30
CC000318,C05324,Platinum,354864,94176.72,260687.28,Active,2024-01-12,2029-01-12
CC000319,C00861,Silver,187915,38900.07,149014.93,Active,2020-08-21,2025-08-21
CC000320,C00047,Gold,718119,305033.36,413085.64,Active,2024-11-01,2029-11-01
CC000321,C06634,Gold,791912,435626.26,356285.74,Expired,2024-10-26,2029-10-26
CC000322,C06718,Gold,531495,109312.67,422182.33,Active,2026-07-21,2031-07-21
CC000323,C06201,Platinum,1435060,943452.61,491607.39,Active,2025-09-04,2030-09-04
CC000324,C03638,Gold,277794,88140.01,189653.99,Active,2026-06-05,2031-06-05
CC000325,C07784,Gold,501022,77012.94,424009.06,Active,2023-11-08,2028-11-08
CC000326,C09596,Platinum,731699,270097.71,461601.29,Active,2023-09-05,2028-09-05
CC000327,C00524,Platinum,243015,100805.93,142209.07,Active,2025-04-28,2030-04-28
CC000328,C08030,Platinum,537145,281197.6,255947.4,Active,2024-10-01,2029-10-01
CC000329,C07906,Platinum,672407,115957.47,556449.53,Active,2024-12-13,2029-12-13
CC000330,C09964,Silver,52106,23613.62,28492.38,Active,2025-09-16,2030-09-16
CC000331,C03066,Gold,659022,523059.31,135962.69,Active,2025-08-08,2030-08-08
CC000332,C00121,Platinum,581574,209946.11,371627.89,Active,2025-04-16,2030-04-16
CC000333,C02590,Gold,554803,319138.44,235664.56,Active,2026-07-29,2031-07-29
CC000334,C07821,Platinum,550905,80508.32,470396.68,Active,2023-09-07,2028-09-07
CC000335,C05734,Platinum,497949,137631.63,360317.37,Active,2024-05-06,2029-05-06
CC000336,C03785,Platinum,2063955,1468082.45,595872.55,Active,2024-03-04,2029-03-04
CC000337,C04963,Gold,348298,258340.47,89957.53,Active,2024-05-16,2029-05-16
CC000338,C08781,Silver,132749,25257.64,107491.36,Active,2022-01-06,2027-01-06
CC000339,C01745,Platinum,1972144,717220.48,1254923.52,Active,2026-08-05,2031-08-05
CC000340,C04217,Platinum,751963,124387.52,627575.48,Active,2022-04-05,2027-04-05
CC000341,C07878,Silver,34779,12305.45,22473.55,Active,2024-05-14,2029-05-14
CC000342,C08404,Gold,709892,166401.29,543490.71,Expired,2026-08-01,2031-08-01
CC000343,C08765,Platinum,1420320,981582.97,438737.03,Active,2023-05-26,2028-05-26
CC000344,C00672,Platinum,752108,95083.93,657024.07,Active,2023-05-03,2028-05-03
CC000345,C04237,Platinum,337414,174804.92,162609.08,Active,2025-12-06,2030-12-06
CC000346,C09889,Platinum,2253002,1441399.64,811602.36,Active,2024-08-07,2029-08-07
CC000347,C06944,Gold,658933,86046.57,572886.43,Active,2026-07-17,2031-07-17
CC000348,C00311,Platinum,665776,351141.44,314634.56,Active,2024-12-03,2029-12-03
CC000349,C02747,Platinum,445369,211019.31,234349.69,Active,2026-01-11,2031-01-11
CC000350,C00404,Platinum,1783597,1306987.84,476609.16,Active,2022-03-26,2027-03-26
CC000351,C03726,Platinum,1996256,1575261.29,420994.71,Active,2024-11-28,2029-11-28
CC000352,C04378,Gold,600422,271411.57,329010.43,Active,2024-06-12,2029-06-12
CC000353,C08530,Platinum,1218796,805479.68,413316.32,Active,2023-12-27,2028-12-27
CC000354,C04423,Gold,703935,501118.56,202816.44,Active,2024-10-24,2029-10-24
CC000355,C03149,Gold,740970,515578.95,225391.05,Active,2025-01-25,2030-01-25
CC000356,C09744,Platinum,1372084,568761.0,803323.0,Active,2026-04-22,2031-04-22
CC000357,C06602,Gold,54042,41206.45,12835.55,Active,2025-03-12,2030-03-12
CC000358,C02273,Silver,121641,91392.57,30248.43,Active,2024-06-16,2029-06-16
CC000359,C04710,Gold,592127,156940.09,435186.91,Expired,2022-09-29,2027-09-29
CC000360,C03581,Gold,229556,74164.82,155391.18,Active,2026-07-15,2031-07-15
CC000361,C02338,Gold,117894,77098.72,40795.28,Active,2023-12-30,2028-12-30
CC000362,C08802,Platinum,1790809,1051653.29,739155.71,Active,2026-03-29,2031-03-29
CC000363,C09005,Platinum,1740785,923910.81,816874.19,Active,2024-06-25,2029-06-25
CC000364,C01860,Silver,86532,59228.92,27303.08,Active,2023-05-26,2028-05-26
CC000365,C07683,Gold,168352,66714.25,101637.75,Active,2023-04-23,2028-04-23
CC000366,C06792,Gold,327767,43732.19,284034.81,Active,2023-08-04,2028-08-04
CC000367,C03408,Platinum,679318,97798.02,581519.98,Active,2026-06-17,2031-06-17
CC000368,C00600,Gold,762093,84976.99,677116.01,Active,2024-07-23,2029-07-23
CC000369,C03499,Gold,350551,106529.08,244021.92,Active,2022-11-24,2027-11-24
CC000370,C08343,Silver,179596,70329.31,109266.69,Active,2025-09-24,2030-09-24
CC000371,C08768,Platinum,1556240,229351.69,1326888.31,Active,2023-06-25,2028-06-25
CC000372,C02402,Gold,732280,357284.07,374995.93,Active,2022-05-30,2027-05-30
CC000373,C00192,Gold,605674,476500.45,129173.55,Active,2025-01-17,2030-01-17
CC000374,C03530,Platinum,2453646,361401.67,2092244.33,Active,2026-07-12,2031-07-12
CC000375,C03534,Platinum,308699,197583.09,111115.91,Active,2021-10-26,2026-10-26
CC000376,C04368,Platinum,892978,309514.51,583463.49,Active,2025-10-12,2030-10-12
CC000377,C08257,Platinum,2433980,1409950.57,1024029.43,Expired,2026-01-25,2031-01-25
CC000378,C06053,Gold,391132,261295.1,129836.9,Active,2026-03-19,2031-03-19
CC000379,C02452,Platinum,679911,85593.08,594317.92,Active,2025-12-15,2030-12-15
CC000380,C07314,Gold,40985,13152.79,27832.21,Active,2024-06-11,2029-06-11
CC000381,C09765,Silver,172352,74349.18,98002.82,Active,2026-05-10,2031-05-10
CC000382,C08751,Platinum,500009,174944.11,325064.89,Active,2026-08-03,2031-08-03
CC000383,C03469,Platinum,548048,159619.87,388428.13,Active,2024-05-19,2029-05-19
CC000384,C06759,Silver,134863,83657.59,51205.41,Active,2024-10-21,2029-10-21
CC000385,C01141,Silver,78973,35327.96,43645.04,Active,2026-08-04,2031-08-04
CC000386,C00575,Platinum,744500,213451.49,531048.51,Active,2024-05-16,2029-05-16
CC000387,C00852,Gold,651524,339911.35,311612.65,Active,2023-10-24,2028-10-24
CC000388,C06645,Platinum,1473629,253196.78,1220432.22,Active,2026-06-29,2031-06-29
CC000389,C02833,Silver,146894,76654.45,70239.55,Active,2024-07-06,2029-07-06
CC000390,C01386,Platinum,1537247,634868.81,902378.19,Active,2025-04-07,2030-04-07
CC000391,C09945,Gold,191179,152695.7,38483.3,Active,2026-05-19,2031-05-19
CC000392,C08534,Platinum,260144,39679.46,220464.54,Active,2022-05-15,2027-05-15
CC000393,C09716,Gold,367758,282052.95,85705.05,Active,2023-04-25,2028-04-25
CC000394,C05969,Platinum,659457,82009.6,577447.4,Active,2023-11-03,2028-11-03
CC000395,C04239,Platinum,584123,206490.64,377632.36,Blocked,2023-09-06,2028-09-06
CC000396,C05857,Gold,360891,207636.27,153254.73,Blocked,2026-08-02,2031-08-02
CC000397,C02148,Gold,280620,140799.75,139820.25,Active,2022-05-19,2027-05-19
CC000398,C01549,Silver,103056,28312.38,74743.62,Active,2025-01-06,2030-01-06
CC000399,C07853,Platinum,723285,334462.67,388822.33,Active,2026-05-23,2031-05-23
CC000400,C04848,Silver,98233,58235.12,39997.88,Active,2024-06-30,2029-06-30
CC000401,C01498,Platinum,715060,171703.67,543356.33,Active,2025-02-02,2030-02-02
CC000402,C03023,Gold,381043,277809.05,103233.95,Active,2024-02-10,2029-02-10
CC000403,C06426,Gold,535112,303669.56,231442.44,Active,2023-07-05,2028-07-05
CC000404,C03179,Gold,504466,365199.17,139266.83,Active,2023-12-08,2028-12-08
CC000405,C03876,Platinum,2268466,1239467.17,1028998.83,Active,2021-12-16,2026-12-16
CC000406,C06443,Gold,327257,258399.77,68857.23,Active,2020-10-18,2025-10-18
CC000407,C03701,Gold,718019,85012.6,633006.4,Active,2022-05-29,2027-05-29
CC000408,C03959,Gold,778443,148557.95,629885.05,Active,2026-06-08,2031-06-08
CC000409,C00434,Gold,617500,493824.96,123675.04,Active,2023-04-08,2028-04-08
CC000410,C08907,Platinum,2413054,932895.05,1480158.95,Active,2026-07-31,2031-07-31
CC000411,C04827,Gold,532427,292641.59,239785.41,Active,2021-03-01,2026-03-01
CC000412,C00620,Platinum,1522499,289022.42,1233476.58,Active,2024-07-20,2029-07-20
CC000413,C09677,Gold,390802,249115.62,141686.38,Active,2021-07-21,2026-07-21
CC000414,C09803,Gold,258104,176020.1,82083.9,Active,2024-03-22,2029-03-22
CC000415,C06375,Gold,369834,120515.04,249318.96,Active,2021-08-08,2026-08-08
CC000416,C02800,Platinum,1888207,1371684.47,516522.53,Active,2026-05-30,2031-05-30
CC000417,C08100,Gold,777599,227148.89,550450.11,Active,2023-07-22,2028-07-22
CC000418,C08321,Platinum,297966,134621.4,163344.6,Active,2025-03-28,2030-03-28
CC000419,C07215,Platinum,361684,79512.77,282171.23,Active,2026-02-19,2031-02-19
CC000420,C02851,Platinum,554019,382146.24,171872.76,Active,2025-09-10,2030-09-10
CC000421,C01076,Platinum,229751,36037.82,193713.18,Blocked,2025-07-07,2030-07-07
CC000422,C01254,Platinum,477511,265396.31,212114.69,Active,2024-04-24,2029-04-24
CC000423,C03531,Platinum,2140061,259375.67,1880685.33,Active,2019-09-09,2024-09-09
CC000424,C08495,Gold,516768,226376.1,290391.9,Active,2023-03-03,2028-03-03
CC000425,C07369,Platinum,1423764,594394.27,829369.73,Active,2026-07-23,2031-07-23
CC000426,C07198,Gold,635810,279105.2,356704.8,Active,2026-02-28,2031-02-28
CC000427,C04065,Platinum,527766,371040.37,156725.63,Active,2022-04-27,2027-04-27
CC000428,C05690,Gold,120536,94350.99,26185.01,Active,2026-07-12,2031-07-12
CC000429,C05302,Gold,788933,137533.71,651399.29,Active,2023-10-14,2028-10-14
CC000430,C08906,Platinum,1742871,476750.54,1266120.46,Active,2025-12-14,2030-12-14
CC000431,C04207,Gold,602810,424929.63,177880.37,Active,2026-07-27,2031-07-27
CC000432,C08854,Platinum,367457,245988.39,121468.61,Active,2020-04-30,2025-04-30
CC000433,C03803,Platinum,399055,253074.68,145980.32,Active,2026-08-03,2031-08-03
CC000434,C03805,Silver,160746,114990.13,45755.87,Active,2026-02-19,2031-02-19
CC000435,C05550,Gold,612344,277888.52,334455.48,Blocked,2019-03-06,2024-03-06
CC000436,C06763,Gold,570037,76419.56,493617.44,Active,2024-10-24,2029-10-24
CC000437,C07205,Platinum,2172082,1239747.13,932334.87,Active,2024-02-13,2029-02-13
CC000438,C02893,Gold,312718,125603.01,187114.99,Active,2021-07-04,2026-07-04
CC000439,C02934,Gold,135710,48333.95,87376.05,Active,2022-01-27,2027-01-27
CC000440,C03178,Gold,404110,142960.64,261149.36,Active,2024-02-23,2029-02-23
CC000441,C02808,Silver,148057,94028.47,54028.53,Active,2026-05-10,2031-05-10
CC000442,C07632,Platinum,2226899,1175201.85,1051697.15,Active,2023-09-09,2028-09-09
CC000443,C05016,Gold,591326,388162.98,203163.02,Active,2025-11-05,2030-11-05
CC000444,C03749,Platinum,351275,84074.34,267200.66,Active,2021-10-30,2026-10-30
CC000445,C03320,Platinum,895008,113880.62,781127.38,Active,2023-12-22,2028-12-22
CC000446,C01217,Platinum,744559,312634.36,431924.64,Active,2025-09-14,2030-09-14
CC000447,C01437,Platinum,1487794,1118758.77,369035.23,Active,2026-01-14,2031-01-14
CC000448,C08801,Gold,513769,264903.03,248865.97,Active,2025-05-30,2030-05-30
CC000449,C07284,Gold,713641,425414.15,288226.85,Active,2023-04-11,2028-04-11
CC000450,C07745,Gold,126562,42001.84,84560.16,Active,2023-08-20,2028-08-20
CC000451,C06633,Gold,522623,343743.97,178879.03,Active,2023-06-19,2028-06-19
CC000452,C03319,Platinum,227941,118036.22,109904.78,Active,2024-06-18,2029-06-18
CC000453,C08622,Platinum,438596,265341.84,173254.16,Active,2026-04-19,2031-04-19
CC000454,C04232,Platinum,2119161,1281727.88,837433.12,Active,2025-09-05,2030-09-05
CC000455,C08114,Gold,453961,55428.35,398532.65,Blocked,2022-02-12,2027-02-12
CC000456,C01673,Gold,219857,89861.49,129995.51,Active,2026-05-25,2031-05-25
CC000457,C02612,Gold,413795,160247.98,253547.02,Active,2022-05-14,2027-05-14
CC000458,C06841,Platinum,2343162,1427410.87,915751.13,Active,2026-06-11,2031-06-11
CC000459,C01708,Gold,788132,258140.56,529991.44,Active,2022-07-21,2027-07-21
CC000460,C04795,Silver,112248,86395.02,25852.98,Active,2025-06-25,2030-06-25
CC000461,C04931,Gold,772808,268937.87,503870.13,Active,2025-12-10,2030-12-10
CC000462,C02835,Platinum,477203,251511.56,225691.44,Active,2026-01-05,2031-01-05
CC000463,C02627,Gold,785196,242585.84,542610.16,Blocked,2025-07-08,2030-07-08
CC000464,C07268,Platinum,2417269,730747.42,1686521.58,Active,2022-04-17,2027-04-17
CC000465,C08884,Platinum,532441,232071.01,300369.99,Active,2021-05-07,2026-05-07
CC000466,C06706,Platinum,486741,146729.32,340011.68,Active,2025-06-22,2030-06-22
CC000467,C05971,Gold,613697,412934.75,200762.25,Blocked,2021-08-23,2026-08-23
CC000468,C03242,Platinum,1409123,182406.1,1226716.9,Blocked,2023-11-08,2028-11-08
CC000469,C09152,Platinum,1727729,966112.25,761616.75,Active,2026-08-05,2031-08-05
CC000470,C04280,Gold,764739,221615.94,543123.06,Active,2021-05-06,2026-05-06
CC000471,C08238,Silver,58633,31132.59,27500.41,Active,2023-10-18,2028-10-18
CC000472,C00642,Platinum,2204743,1617463.26,587279.74,Active,2021-01-15,2026-01-15
CC000473,C01942,Gold,305065,118765.15,186299.85,Active,2021-12-23,2026-12-23
CC000474,C01931,Platinum,2416413,474165.29,1942247.71,Blocked,2025-11-05,2030-11-05
CC000475,C07793,Platinum,365613,140700.76,224912.24,Active,2026-02-15,2031-02-15
CC000476,C03324,Platinum,1801282,1000390.75,800891.25,Active,2025-04-12,2030-04-12
CC000477,C01291,Gold,499279,275666.19,223612.81,Active,2025-10-21,2030-10-21
CC000478,C09874,Gold,443500,210488.02,233011.98,Active,2020-07-09,2025-07-09
CC000479,C00918,Platinum,383568,150557.91,233010.09,Active,2023-07-22,2028-07-22
CC000480,C02901,Platinum,238105,190012.61,48092.39,Active,2026-05-08,2031-05-08
CC000481,C08675,Gold,503528,359378.11,144149.89,Active,2026-06-06,2031-06-06
CC000482,C03729,Gold,312512,234358.5,78153.5,Active,2024-10-26,2029-10-26
CC000483,C05978,Gold,769691,359463.38,410227.62,Active,2022-11-23,2027-11-23
CC000484,C02006,Gold,728705,311604.85,417100.15,Active,2024-04-10,2029-04-10
CC000485,C08080,Gold,370387,226596.64,143790.36,Active,2026-03-25,2031-03-25
CC000486,C09485,Gold,33692,20741.89,12950.11,Active,2024-10-24,2029-10-24
CC000487,C01024,Gold,402544,89705.5,312838.5,Active,2024-03-30,2029-03-30
CC000488,C09456,Platinum,648479,298751.98,349727.02,Active,2026-02-03,2031-02-03
CC000489,C09337,Platinum,393757,309957.49,83799.51,Active,2025-04-28,2030-04-28
CC000490,C08341,Gold,31790,8982.25,22807.75,Active,2026-06-11,2031-06-11
CC000491,C06501,Platinum,545637,169890.68,375746.32,Active,2025-05-28,2030-05-28
CC000492,C06859,Gold,577017,337519.18,239497.82,Active,2026-06-17,2031-06-17
CC000493,C03928,Silver,110427,23388.63,87038.37,Active,2022-11-08,2027-11-08
CC000494,C09096,Platinum,526084,306813.91,219270.09,Active,2019-12-21,2024-12-21
CC000495,C00482,Platinum,585397,310399.63,274997.37,Active,2024-06-13,2029-06-13
CC000496,C09626,Gold,360626,150916.6,209709.4,Expired,2023-05-14,2028-05-14
CC000497,C02956,Gold,775914,573367.72,202546.28,Active,2026-04-09,2031-04-09
CC000498,C00280,Platinum,1258042,796720.18,461321.82,Active,2021-02-14,2026-02-14
CC000499,C08564,Silver,51461,24076.27,27384.73,Active,2025-03-11,2030-03-11
CC000500,C01929,Gold,791573,141332.31,650240.69,Active,2025-02-11,2030-02-11
CC000501,C01417,Platinum,1223953,613067.25,610885.75,Active,2026-04-29,2031-04-29
CC000502,C02247,Silver,166404,68107.22,98296.78,Active,2025-07-13,2030-07-13
CC000503,C04536,Platinum,712573,116619.09,595953.91,Active,2024-02-14,2029-02-14
CC000504,C08089,Platinum,675458,129931.8,545526.2,Active,2026-05-19,2031-05-19
CC000505,C09507,Platinum,1971882,835417.02,1136464.98,Active,2025-11-02,2030-11-02
CC000506,C05368,Platinum,615182,171094.45,444087.55,Active,2023-09-09,2028-09-09
CC000507,C00042,Gold,276577,36425.98,240151.02,Active,2026-03-08,2031-03-08
CC000508,C03830,Gold,263182,198493.96,64688.04,Active,2021-11-29,2026-11-29
CC000509,C08473,Platinum,233276,70207.56,163068.44,Active,2025-06-29,2030-06-29
CC000510,C09839,Gold,640781,232041.31,408739.69,Active,2023-08-27,2028-08-27
CC000511,C07296,Platinum,1591667,577698.52,1013968.48,Active,2024-06-08,2029-06-08
CC000512,C01924,Platinum,765497,147812.01,617684.99,Active,2024-12-21,2029-12-21
CC000513,C05413,Silver,170839,64088.72,106750.28,Active,2026-05-17,2031-05-17
CC000514,C02282,Gold,30910,19452.45,11457.55,Expired,2025-03-02,2030-03-02
CC000515,C03222,Platinum,2308049,1110429.46,1197619.54,Active,2020-08-12,2025-08-12
CC000516,C09484,Platinum,459535,194124.91,265410.09,Active,2025-12-10,2030-12-10
CC000517,C03329,Gold,318326,39011.53,279314.47,Active,2026-07-20,2031-07-20
CC000518,C07100,Platinum,216405,58097.47,158307.53,Active,2025-10-01,2030-10-01
CC000519,C00078,Gold,668127,346390.06,321736.94,Active,2024-12-11,2029-12-11
CC000520,C09334,Platinum,2353027,308165.85,2044861.15,Active,2023-07-22,2028-07-22
CC000521,C09930,Platinum,2382061,1678426.79,703634.21,Active,2022-02-13,2027-02-13
CC000522,C06650,Silver,105828,27929.39,77898.61,Active,2026-04-10,2031-04-10
CC000523,C02023,Gold,536241,142550.46,393690.54,Active,2026-02-16,2031-02-16
CC000524,C05716,Platinum,1893142,482239.91,1410902.09,Active,2026-06-30,2031-06-30
CC000525,C00402,Platinum,2040815,1460814.81,580000.19,Active,2025-07-24,2030-07-24
CC000526,C07587,Silver,141988,69445.69,72542.31,Active,2026-02-18,2031-02-18
CC000527,C03015,Gold,599669,389822.76,209846.24,Active,2023-10-28,2028-10-28
CC000528,C04151,Platinum,1112932,344922.05,768009.95,Active,2026-02-24,2031-02-24
CC000529,C09399,Gold,452673,314398.9,138274.1,Active,2023-08-26,2028-08-26
CC000530,C03941,Platinum,2489835,1055982.87,1433852.13,Active,2025-03-03,2030-03-03
CC000531,C08477,Gold,636740,312066.74,324673.26,Active,2025-07-03,2030-07-03
CC000532,C08526,Gold,413214,136849.9,276364.1,Active,2026-05-10,2031-05-10
CC000533,C05562,Silver,127275,20965.35,106309.65,Active,2026-02-19,2031-02-19
CC000534,C05677,Gold,481502,175275.19,306226.81,Active,2026-01-28,2031-01-28
CC000535,C04889,Platinum,952639,220740.08,731898.92,Active,2025-06-27,2030-06-27
CC000536,C05065,Gold,176499,44462.14,132036.86,Active,2026-01-08,2031-01-08
CC000537,C03770,Platinum,517915,398749.92,119165.08,Active,2024-10-11,2029-10-11
CC000538,C07742,Platinum,323014,201178.11,121835.89,Active,2023-04-03,2028-04-03
CC000539,C09692,Gold,188440,111676.71,76763.29,Active,2026-07-26,2031-07-26
CC000540,C04360,Silver,114309,73484.65,40824.35,Active,2025-07-30,2030-07-30
CC000541,C04983,Gold,576710,182180.15,394529.85,Active,2026-06-26,2031-06-26
CC000542,C03305,Gold,152160,25718.96,126441.04,Expired,2024-04-29,2029-04-29
CC000543,C04187,Silver,113947,84324.35,29622.65,Active,2026-01-28,2031-01-28
CC000544,C02142,Gold,789849,556732.48,233116.52,Active,2026-01-02,2031-01-02
CC000545,C05863,Gold,780189,588520.57,191668.43,Active,2026-07-14,2031-07-14
CC000546,C00670,Platinum,1119629,265726.31,853902.69,Active,2025-06-07,2030-06-07
CC000547,C06263,Gold,457666,205725.92,251940.08,Active,2023-06-11,2028-06-11
CC000548,C03821,Platinum,469826,298035.27,171790.73,Active,2020-04-29,2025-04-29
CC000549,C00099,Platinum,714426,301902.35,412523.65,Active,2024-08-10,2029-08-10
CC000550,C01504,Gold,346757,209517.33,137239.67,Active,2025-11-12,2030-11-12
CC000551,C09975,Platinum,1936943,1536434.48,400508.52,Blocked,2026-03-18,2031-03-18
CC000552,C00958,Platinum,955882,728030.01,227851.99,Active,2026-07-14,2031-07-14
CC000553,C01312,Gold,138106,27102.48,111003.52,Active,2024-12-07,2029-12-07
CC000554,C02068,Gold,358366,38129.79,320236.21,Active,2025-09-25,2030-09-25
CC000555,C02849,Gold,706676,396797.9,309878.1,Active,2025-08-29,2030-08-29
CC000556,C01263,Gold,631319,68369.12,562949.88,Active,2023-06-04,2028-06-04
CC000557,C08242,Gold,500614,56068.68,444545.32,Active,2025-05-18,2030-05-18
CC000558,C06614,Silver,76993,13466.96,63526.04,Active,2020-07-25,2025-07-25
CC000559,C02843,Platinum,1202510,641955.86,560554.14,Active,2026-02-18,2031-02-18
CC000560,C03630,Gold,616176,95700.43,520475.57,Blocked,2023-08-15,2028-08-15
CC000561,C06440,Gold,455021,360905.88,94115.12,Active,2026-07-04,2031-07-04
CC000562,C02811,Platinum,284532,158659.31,125872.69,Active,2021-01-21,2026-01-21
CC000563,C02519,Gold,54510,20915.2,33594.8,Active,2025-05-30,2030-05-30
CC000564,C00183,Silver,196919,20994.54,175924.46,Active,2021-08-24,2026-08-24
CC000565,C04455,Gold,654987,361182.8,293804.2,Active,2024-10-12,2029-10-12
CC000566,C09236,Gold,54998,39948.01,15049.99,Active,2023-09-14,2028-09-14
CC000567,C07178,Gold,794316,343819.84,450496.16,Active,2025-06-04,2030-06-04
CC000568,C06473,Silver,103498,75503.67,27994.33,Active,2026-02-19,2031-02-19
CC000569,C00206,Platinum,1459522,161949.53,1297572.47,Active,2023-05-14,2028-05-14
CC000570,C06448,Gold,617643,463363.47,154279.53,Active,2025-03-29,2030-03-29
CC000571,C02885,Platinum,1988447,1360605.58,627841.42,Active,2025-01-21,2030-01-21
CC000572,C09985,Platinum,547843,201985.52,345857.48,Active,2025-12-14,2030-12-14
CC000573,C06146,Platinum,2245588,1362879.92,882708.08,Active,2023-05-31,2028-05-31
CC000574,C08074,Platinum,256304,43156.48,213147.52,Active,2020-07-25,2025-07-25
CC000575,C08699,Gold,615973,479377.52,136595.48,Active,2023-12-05,2028-12-05
CC000576,C01933,Platinum,2443219,1941895.17,501323.83,Active,2020-06-06,2025-06-06
CC000577,C09859,Gold,593663,238826.8,354836.2,Active,2024-05-11,2029-05-11
CC000578,C02114,Platinum,289856,185657.75,104198.25,Active,2026-04-23,2031-04-23
CC000579,C05655,Platinum,954154,150209.23,803944.77,Active,2026-01-30,2031-01-30
CC000580,C01012,Platinum,361771,223487.18,138283.82,Active,2024-03-31,2029-03-31
CC000581,C05773,Platinum,810895,616338.71,194556.29,Active,2026-01-14,2031-01-14
CC000582,C02079,Platinum,307197,59213.73,247983.27,Active,2025-04-03,2030-04-03
CC000583,C02469,Silver,175421,80467.12,94953.88,Active,2026-07-30,2031-07-30
CC000584,C04266,Platinum,1962283,324061.19,1638221.81,Active,2024-06-12,2029-06-12
CC000585,C00631,Gold,603951,65612.29,538338.71,Active,2026-08-01,2031-08-01
CC000586,C08777,Platinum,786716,577170.5,209545.5,Expired,2024-05-13,2029-05-13
CC000587,C07941,Platinum,1155641,669949.58,485691.42,Active,2025-11-01,2030-11-01
CC000588,C00781,Gold,481444,214332.49,267111.51,Active,2024-02-01,2029-02-01
CC000589,C08232,Silver,140389,43496.24,96892.76,Active,2023-11-13,2028-11-13
CC000590,C08732,Platinum,1317136,796379.43,520756.57,Active,2022-02-14,2027-02-14
CC000591,C07424,Platinum,680102,118936.68,561165.32,Active,2026-07-31,2031-07-31
CC000592,C05889,Platinum,548354,377886.85,170467.15,Active,2025-10-02,2030-10-02
CC000593,C08482,Platinum,661607,221185.38,440421.62,Active,2023-12-01,2028-12-01
CC000594,C09054,Platinum,342736,106352.59,236383.41,Active,2022-12-03,2027-12-03
CC000595,C02769,Platinum,702278,224678.6,477599.4,Blocked,2026-04-10,2031-04-10
CC000596,C05488,Platinum,505605,310649.81,194955.19,Active,2025-03-12,2030-03-12
CC000597,C02379,Platinum,454200,149032.27,305167.73,Active,2021-11-06,2026-11-06
CC000598,C01740,Platinum,582746,104731.97,478014.03,Active,2023-02-08,2028-02-08
CC000599,C01950,Platinum,1944267,439305.28,1504961.72,Active,2026-08-04,2031-08-04
CC000600,C07496,Gold,684045,519930.59,164114.41,Active,2026-01-24,2031-01-24
CC000601,C06753,Platinum,2252980,334367.17,1918612.83,Active,2026-02-28,2031-02-28
CC000602,C08714,Platinum,723557,142848.52,580708.48,Active,2023-10-15,2028-10-15
CC000603,C06265,Gold,361630,217218.66,144411.34,Active,2020-09-04,2025-09-04
CC000604,C02445,Gold,702514,356575.6,345938.4,Active,2024-11-08,2029-11-08
CC000605,C09316,Gold,139655,67111.44,72543.56,Active,2024-03-15,2029-03-15
CC000606,C03208,Gold,762986,393452.01,369533.99,Active,2022-12-07,2027-12-07
CC000607,C04284,Gold,460289,257909.66,202379.34,Active,2023-04-27,2028-04-27
CC000608,C05592,Platinum,246448,121807.96,124640.04,Active,2021-12-25,2026-12-25
CC000609,C00677,Platinum,2378490,789938.61,1588551.39,Active,2026-08-02,2031-08-02
CC000610,C09387,Gold,303396,85289.73,218106.27,Active,2023-05-20,2028-05-20
CC000611,C08474,Gold,431768,177907.84,253860.16,Active,2026-01-28,2031-01-28
CC000612,C03363,Platinum,724776,148957.02,575818.98,Expired,2026-02-18,2031-02-18
CC000613,C08193,Gold,509783,199418.34,310364.66,Blocked,2024-08-05,2029-08-05
CC000614,C01169,Gold,348557,119844.37,228712.63,Active,2026-04-13,2031-04-13
CC000615,C09396,Platinum,746428,326971.44,419456.56,Active,2026-07-28,2031-07-28
CC000616,C01654,Silver,148606,48034.9,100571.1,Active,2026-05-08,2031-05-08
CC000617,C04118,Gold,60168,6968.03,53199.97,Active,2026-01-10,2031-01-10
CC000618,C06858,Gold,372337,279604.87,92732.13,Active,2024-09-26,2029-09-26
CC000619,C02036,Gold,778719,165162.4,613556.6,Active,2024-12-19,2029-12-19
CC000620,C07889,Platinum,1286236,846895.15,439340.85,Active,2025-11-23,2030-11-23
CC000621,C07248,Gold,653125,246167.82,406957.18,Active,2025-05-24,2030-05-24
CC000622,C09510,Gold,147853,76076.61,71776.39,Active,2025-11-15,2030-11-15
CC000623,C07228,Platinum,415780,122589.15,293190.85,Active,2022-01-01,2027-01-01
CC000624,C01355,Platinum,306694,202311.2,104382.8,Active,2024-02-15,2029-02-15
CC000625,C05451,Silver,81661,34320.92,47340.08,Active,2026-02-07,2031-02-07
CC000626,C08332,Platinum,753349,584705.41,168643.59,Active,2025-09-11,2030-09-11
CC000627,C09398,Gold,611612,312474.59,299137.41,Active,2026-02-26,2031-02-26
CC000628,C04781,Platinum,380908,255062.39,125845.61,Active,2025-06-24,2030-06-24
CC000629,C07762,Gold,288868,164792.57,124075.43,Active,2025-01-15,2030-01-15
CC000630,C00751,Gold,322629,73601.73,249027.27,Active,2025-12-14,2030-12-14
CC000631,C05526,Gold,638555,330450.98,308104.02,Active,2021-02-16,2026-02-16
CC000632,C00497,Gold,710310,387013.22,323296.78,Active,2026-07-12,2031-07-12
CC000633,C06161,Platinum,381649,186412.18,195236.82,Active,2022-09-17,2027-09-17
CC000634,C03292,Gold,529861,365280.69,164580.31,Active,2026-05-05,2031-05-05
CC000635,C04083,Platinum,820097,360208.12,459888.88,Active,2023-10-25,2028-10-25
CC000636,C03394,Silver,177215,80421.34,96793.66,Active,2026-03-13,2031-03-13
CC000637,C07797,Platinum,1671640,998135.68,673504.32,Active,2023-06-12,2028-06-12
CC000638,C06398,Silver,178215,21671.39,156543.61,Active,2026-03-10,2031-03-10
CC000639,C03971,Gold,488204,125659.02,362544.98,Active,2024-02-24,2029-02-24
CC000640,C01410,Platinum,793127,491550.59,301576.41,Active,2026-04-09,2031-04-09
CC000641,C03240,Gold,318710,159641.79,159068.21,Active,2026-08-03,2031-08-03
CC000642,C03898,Silver,126170,60489.73,65680.27,Active,2021-12-21,2026-12-21
CC000643,C02390,Platinum,662806,319768.96,343037.04,Expired,2023-04-24,2028-04-24
CC000644,C02158,Platinum,2170848,1358824.61,812023.39,Active,2021-01-09,2026-01-09
CC000645,C02499,Gold,147894,41997.56,105896.44,Active,2026-01-27,2031-01-27
CC000646,C05993,Gold,323088,207726.89,115361.11,Active,2024-04-07,2029-04-07
CC000647,C05188,Platinum,567663,398916.14,168746.86,Active,2025-06-01,2030-06-01
CC000648,C07354,Gold,345998,224689.2,121308.8,Active,2019-11-24,2024-11-24
CC000649,C01178,Platinum,1995532,689597.66,1305934.34,Active,2023-08-30,2028-08-30
CC000650,C03537,Gold,539375,423571.25,115803.75,Active,2020-01-26,2025-01-26
CC000651,C00720,Gold,739403,584011.41,155391.59,Active,2025-06-22,2030-06-22
CC000652,C01087,Gold,631589,469357.85,162231.15,Expired,2024-09-02,2029-09-02
CC000653,C03170,Platinum,1066103,630065.35,436037.65,Active,2023-03-03,2028-03-03
CC000654,C09464,Gold,537742,365630.82,172111.18,Active,2025-08-18,2030-08-18
CC000655,C08302,Platinum,713234,142304.55,570929.45,Active,2022-10-20,2027-10-20
CC000656,C05489,Platinum,1586793,660731.41,926061.59,Active,2025-06-06,2030-06-06
CC000657,C09102,Platinum,297616,113687.99,183928.01,Active,2026-06-11,2031-06-11
CC000658,C06325,Platinum,586999,245534.02,341464.98,Active,2025-08-07,2030-08-07
CC000659,C09462,Platinum,2423479,1679512.46,743966.54,Active,2026-03-20,2031-03-20
CC000660,C00216,Platinum,575623,400100.79,175522.21,Active,2023-05-01,2028-05-01
CC000661,C03881,Silver,142628,96615.26,46012.74,Active,2025-12-20,2030-12-20
CC000662,C03691,Silver,104342,35103.63,69238.37,Active,2021-01-18,2026-01-18
CC000663,C08469,Gold,708913,462078.4,246834.6,Active,2025-03-26,2030-03-26
CC000664,C07310,Platinum,896349,152112.5,744236.5,Active,2025-12-27,2030-12-27
CC000665,C07180,Silver,62568,46963.73,15604.27,Active,2025-11-23,2030-11-23
CC000666,C01324,Gold,648580,156711.68,491868.32,Active,2024-03-26,2029-03-26
CC000667,C00930,Platinum,2163142,673398.77,1489743.23,Active,2026-04-10,2031-04-10
CC000668,C00398,Gold,54468,30404.67,24063.33,Active,2022-02-11,2027-02-11
CC000669,C06639,Gold,373565,50898.64,322666.36,Active,2026-06-17,2031-06-17
CC000670,C07194,Platinum,2383836,629095.96,1754740.04,Active,2025-01-18,2030-01-18
CC000671,C07804,Platinum,201139,50163.03,150975.97,Active,2025-06-24,2030-06-24
CC000672,C09931,Platinum,1889353,1088244.48,801108.52,Active,2025-07-21,2030-07-21
CC000673,C03836,Platinum,326451,258454.01,67996.99,Active,2026-07-20,2031-07-20
CC000674,C04867,Platinum,948537,246868.9,701668.1,Active,2026-06-09,2031-06-09
CC000675,C01163,Platinum,308214,98426.92,209787.08,Active,2023-04-16,2028-04-16
CC000676,C01351,Gold,339613,186482.62,153130.38,Active,2023-05-14,2028-05-14
CC000677,C05949,Gold,790653,83755.71,706897.29,Active,2023-10-10,2028-10-10
CC000678,C01469,Gold,423404,228492.52,194911.48,Active,2026-03-23,2031-03-23
CC000679,C05305,Platinum,2239833,917589.49,1322243.51,Active,2025-08-03,2030-08-03
CC000680,C05382,Platinum,1093628,685389.74,408238.26,Active,2021-07-21,2026-07-21
CC000681,C03282,Silver,142561,45641.27,96919.73,Active,2023-04-23,2028-04-23
CC000682,C01939,Platinum,976682,267334.39,709347.61,Active,2024-09-07,2029-09-07
CC000683,C07830,Platinum,498761,321839.88,176921.12,Active,2026-02-10,2031-02-10
CC000684,C06966,Platinum,2180776,1555065.64,625710.36,Active,2024-12-20,2029-12-20
CC000685,C03176,Platinum,397810,248030.78,149779.22,Active,2024-10-23,2029-10-23
CC000686,C09811,Gold,450967,201321.32,249645.68,Active,2026-05-16,2031-05-16
CC000687,C09433,Platinum,2045561,306237.67,1739323.33,Active,2020-03-08,2025-03-08
CC000688,C08373,Silver,124659,93961.36,30697.64,Active,2026-05-18,2031-05-18
CC000689,C06508,Gold,178997,70633.02,108363.98,Active,2024-04-13,2029-04-13
CC000690,C05127,Platinum,1787789,1373231.28,414557.72,Active,2025-02-26,2030-02-26
CC000691,C00221,Silver,47703,5230.89,42472.11,Active,2025-11-04,2030-11-04
CC000692,C05384,Platinum,617307,280644.69,336662.31,Active,2025-03-14,2030-03-14
CC000693,C03507,Gold,635612,252021.85,383590.15,Active,2022-05-26,2027-05-26
CC000694,C09298,Platinum,763772,405740.84,358031.16,Active,2025-01-31,2030-01-31
CC000695,C01002,Platinum,1872283,1394190.67,478092.33,Expired,2025-09-05,2030-09-05
CC000696,C09486,Gold,542622,202675.86,339946.14,Active,2025-08-15,2030-08-15
CC000697,C07771,Platinum,269326,85408.3,183917.7,Active,2026-04-24,2031-04-24
CC000698,C06013,Platinum,450229,63272.55,386956.45,Active,2020-04-11,2025-04-11
CC000699,C01833,Silver,148848,78682.21,70165.79,Active,2023-07-25,2028-07-25
CC000700,C03496,Platinum,384178,70538.96,313639.04,Active,2025-09-23,2030-09-23
CC000701,C06824,Platinum,1143581,511739.98,631841.02,Active,2025-09-14,2030-09-14
CC000702,C04845,Silver,97960,21244.98,76715.02,Active,2023-04-16,2028-04-16
CC000703,C04319,Platinum,481819,295381.59,186437.41,Active,2020-06-18,2025-06-18
CC000704,C06271,Platinum,1502569,999171.56,503397.44,Active,2019-02-09,2024-02-09
CC000705,C00055,Gold,280813,125608.58,155204.42,Active,2022-11-02,2027-11-02
CC000706,C04858,Gold,794423,172244.39,622178.61,Active,2025-04-22,2030-04-22
CC000707,C03014,Gold,180447,103194.81,77252.19,Active,2026-06-29,2031-06-29
CC000708,C07559,Platinum,805386,105365.86,700020.14,Active,2024-01-25,2029-01-25
CC000709,C06875,Platinum,1789362,634836.2,1154525.8,Active,2023-06-29,2028-06-29
CC000710,C00263,Gold,237081,115459.72,121621.28,Active,2023-12-21,2028-12-21
CC000711,C00226,Platinum,639740,164516.0,475224.0,Active,2022-05-10,2027-05-10
CC000712,C09746,Platinum,1470952,426400.41,1044551.59,Active,2026-04-20,2031-04-20
CC000713,C03402,Platinum,1852856,1058588.52,794267.48,Active,2024-05-07,2029-05-07
CC000714,C08352,Silver,165207,130016.21,35190.79,Blocked,2023-01-14,2028-01-14
CC000715,C09639,Silver,151921,107290.04,44630.96,Active,2026-06-20,2031-06-20
CC000716,C00924,Platinum,981163,477987.27,503175.73,Active,2025-03-30,2030-03-30
CC000717,C02135,Platinum,1982388,1286877.19,695510.81,Active,2021-07-03,2026-07-03
CC000718,C00862,Platinum,1572325,808463.81,763861.19,Active,2025-12-23,2030-12-23
CC000719,C05181,Platinum,1209830,741292.28,468537.72,Active,2022-02-27,2027-02-27
CC000720,C04618,Platinum,1115760,116557.33,999202.67,Active,2026-07-24,2031-07-24
CC000721,C00111,Gold,563251,307061.51,256189.49,Active,2022-06-25,2027-06-25
CC000722,C04064,Gold,551291,55693.31,495597.69,Active,2025-10-28,2030-10-28
CC000723,C01477,Platinum,522448,90260.37,432187.63,Active,2025-04-30,2030-04-30
CC000724,C02889,Gold,715929,553291.08,162637.92,Expired,2023-12-05,2028-12-05
CC000725,C03207,Gold,493418,81472.51,411945.49,Active,2025-08-21,2030-08-21
CC000726,C05002,Gold,166251,64694.87,101556.13,Active,2021-09-25,2026-09-25
CC000727,C02344,Gold,289026,146403.07,142622.93,Active,2022-10-17,2027-10-17
CC000728,C09267,Platinum,1627014,247926.57,1379087.43,Active,2026-06-30,2031-06-30
CC000729,C04136,Gold,337057,89569.6,247487.4,Active,2022-08-08,2027-08-08
CC000730,C00318,Silver,133010,78543.46,54466.54,Active,2025-09-20,2030-09-20
CC000731,C04769,Platinum,1370332,361120.66,1009211.34,Blocked,2023-07-07,2028-07-07
CC000732,C04130,Gold,314266,65614.78,248651.22,Active,2023-11-03,2028-11-03
CC000733,C09265,Platinum,1652518,304915.54,1347602.46,Active,2026-01-08,2031-01-08
CC000734,C09173,Platinum,673869,212818.21,461050.79,Active,2025-12-12,2030-12-12
CC000735,C06828,Platinum,1130543,752170.42,378372.58,Active,2021-07-24,2026-07-24
CC000736,C06637,Gold,188152,24126.89,164025.11,Active,2025-11-09,2030-11-09
CC000737,C08910,Gold,295643,176738.39,118904.61,Blocked,2023-05-29,2028-05-29
CC000738,C04037,Gold,251328,144269.4,107058.6,Active,2023-10-17,2028-10-17
CC000739,C00931,Platinum,232591,178273.47,54317.53,Active,2022-05-23,2027-05-23
CC000740,C07222,Gold,776843,213551.69,563291.31,Active,2024-06-07,2029-06-07
CC000741,C00925,Platinum,346583,64123.84,282459.16,Active,2026-02-21,2031-02-21
CC000742,C06266,Platinum,1266172,242472.78,1023699.22,Active,2022-12-08,2027-12-08
CC000743,C00676,Silver,195228,147651.41,47576.59,Active,2025-07-01,2030-07-01
CC000744,C04565,Gold,278629,32114.81,246514.19,Active,2023-08-26,2028-08-26
CC000745,C03562,Gold,146242,97471.62,48770.38,Active,2025-12-03,2030-12-03
CC000746,C07489,Platinum,547655,101737.52,445917.48,Blocked,2024-01-18,2029-01-18
CC000747,C08027,Gold,654197,441700.59,212496.41,Active,2025-12-07,2030-12-07
CC000748,C06663,Silver,141847,31343.23,110503.77,Active,2026-07-27,2031-07-27
CC000749,C01636,Platinum,1386897,571690.04,815206.96,Active,2025-06-17,2030-06-17
CC000750,C09603,Platinum,457724,253164.8,204559.2,Active,2023-01-27,2028-01-27
CC000751,C05314,Platinum,702300,100207.92,602092.08,Active,2026-02-06,2031-02-06
CC000752,C05619,Gold,409146,224971.7,184174.3,Active,2025-12-20,2030-12-20
CC000753,C04183,Gold,770065,505464.79,264600.21,Expired,2026-02-21,2031-02-21
CC000754,C00467,Platinum,1553112,676813.76,876298.24,Active,2026-02-27,2031-02-27
CC000755,C00071,Silver,178282,80525.57,97756.43,Active,2024-05-21,2029-05-21
CC000756,C00086,Platinum,1468734,760776.96,707957.04,Active,2026-08-05,2031-08-05
CC000757,C06438,Platinum,1389158,195890.53,1193267.47,Expired,2023-09-26,2028-09-26
CC000758,C02100,Gold,444068,347166.1,96901.9,Active,2025-08-20,2030-08-20
CC000759,C09273,Silver,99868,47295.76,52572.24,Active,2025-04-26,2030-04-26
CC000760,C01657,Platinum,430069,216318.03,213750.97,Expired,2026-06-18,2031-06-18
CC000761,C07149,Gold,382150,85322.73,296827.27,Active,2023-08-21,2028-08-21
CC000762,C07012,Platinum,576211,426272.83,149938.17,Active,2024-10-03,2029-10-03
CC000763,C04225,Platinum,1990451,984326.87,1006124.13,Active,2023-10-01,2028-10-01
CC000764,C04066,Silver,159034,76254.77,82779.23,Active,2022-05-12,2027-05-12
CC000765,C08883,Silver,44724,11755.09,32968.91,Active,2026-05-10,2031-05-10
CC000766,C06898,Gold,200716,66680.62,134035.38,Active,2024-06-22,2029-06-22
CC000767,C09761,Platinum,557311,335421.16,221889.84,Active,2025-05-11,2030-05-11
CC000768,C00547,Gold,114826,16269.6,98556.4,Active,2025-05-08,2030-05-08
CC000769,C09687,Platinum,348533,223777.9,124755.1,Active,2025-12-08,2030-12-08
CC000770,C01834,Platinum,952109,344200.3,607908.7,Blocked,2024-09-09,2029-09-09
CC000771,C05040,Gold,305939,102670.91,203268.09,Active,2026-01-28,2031-01-28
CC000772,C07715,Platinum,658089,430580.9,227508.1,Blocked,2025-08-11,2030-08-11
CC000773,C07932,Platinum,382664,227695.81,154968.19,Active,2025-11-13,2030-11-13
CC000774,C01772,Platinum,574158,147137.2,427020.8,Active,2022-11-11,2027-11-11
CC000775,C07966,Gold,521727,320234.2,201492.8,Active,2025-03-24,2030-03-24
CC000776,C03182,Gold,201885,154270.76,47614.24,Blocked,2020-06-11,2025-06-11
CC000777,C05521,Gold,795048,97526.88,697521.12,Active,2023-11-30,2028-11-30
CC000778,C08121,Platinum,2082159,530173.22,1551985.78,Active,2026-02-26,2031-02-26
CC000779,C08045,Platinum,347475,115298.42,232176.58,Active,2025-05-12,2030-05-12
CC000780,C07912,Silver,113759,24744.99,89014.01,Active,2026-01-11,2031-01-11
CC000781,C00025,Silver,197536,120595.76,76940.24,Active,2024-12-08,2029-12-08
CC000782,C06920,Gold,419869,115329.03,304539.97,Active,2026-07-28,2031-07-28
CC000783,C02380,Silver,58320,35242.16,23077.84,Active,2025-11-22,2030-11-22
CC000784,C02384,Gold,640038,498187.2,141850.8,Active,2024-06-10,2029-06-10
CC000785,C03649,Gold,597108,206516.86,390591.14,Active,2022-04-04,2027-04-04
CC000786,C03722,Platinum,436540,93358.25,343181.75,Active,2024-10-30,2029-10-30
CC000787,C07463,Platinum,509234,58080.48,451153.52,Active,2026-03-25,2031-03-25
CC000788,C06196,Gold,558411,122333.13,436077.87,Active,2025-03-30,2030-03-30
CC000789,C00943,Platinum,773619,587396.45,186222.55,Expired,2026-03-22,2031-03-22
CC000790,C01674,Silver,190863,138424.98,52438.02,Active,2024-08-16,2029-08-16
CC000791,C09179,Gold,373012,195876.93,177135.07,Active,2024-12-26,2029-12-26
CC000792,C06383,Platinum,1494355,364451.27,1129903.73,Active,2025-02-08,2030-02-08
CC000793,C00588,Platinum,766362,218938.39,547423.61,Active,2025-09-27,2030-09-27
CC000794,C02789,Platinum,904093,339063.4,565029.6,Active,2023-12-11,2028-12-11
CC000795,C06052,Gold,257152,90666.72,166485.28,Active,2026-03-19,2031-03-19
CC000796,C04816,Platinum,2188357,1176381.21,1011975.79,Active,2020-09-15,2025-09-15
CC000797,C00578,Gold,417005,91567.01,325437.99,Active,2025-01-27,2030-01-27
CC000798,C01573,Platinum,1042239,329188.46,713050.54,Active,2026-02-28,2031-02-28
CC000799,C05786,Gold,477877,78274.25,399602.75,Active,2022-12-07,2027-12-07
CC000800,C00374,Gold,599974,215139.38,384834.62,Active,2026-05-30,2031-05-30
CC000801,C09279,Platinum,1775297,504859.97,1270437.03,Active,2024-08-11,2029-08-11
CC000802,C09923,Gold,358471,224605.24,133865.76,Active,2024-05-14,2029-05-14
CC000803,C02163,Gold,560491,373133.49,187357.51,Active,2023-11-22,2028-11-22
CC000804,C02176,Platinum,1277128,622627.15,654500.85,Active,2025-11-23,2030-11-23
CC000805,C01434,Platinum,1677935,1301975.87,375959.13,Active,2026-06-11,2031-06-11
CC000806,C04114,Platinum,447088,193760.61,253327.39,Active,2025-10-06,2030-10-06
CC000807,C06797,Platinum,236415,106734.52,129680.48,Active,2025-07-07,2030-07-07
CC000808,C04352,Platinum,2220893,1749904.52,470988.48,Active,2024-04-30,2029-04-30
CC000809,C02067,Platinum,670852,148268.54,522583.46,Expired,2026-03-22,2031-03-22
CC000810,C07561,Gold,80521,15164.54,65356.46,Active,2023-11-15,2028-11-15
CC000811,C03822,Platinum,656542,158452.14,498089.86,Active,2025-03-10,2030-03-10
CC000812,C01613,Gold,470413,152331.32,318081.68,Active,2023-12-15,2028-12-15
CC000813,C03616,Platinum,291254,108250.2,183003.8,Active,2026-04-06,2031-04-06
CC000814,C08363,Gold,489617,227075.42,262541.58,Active,2026-07-27,2031-07-27
CC000815,C00100,Gold,747945,484055.02,263889.98,Active,2026-05-09,2031-05-09
CC000816,C02136,Gold,794116,406233.13,387882.87,Active,2026-05-03,2031-05-03
CC000817,C00802,Platinum,310766,153480.69,157285.31,Active,2022-06-17,2027-06-17
CC000818,C09853,Gold,761652,545415.23,216236.77,Active,2022-03-12,2027-03-12
CC000819,C06218,Silver,157293,78711.98,78581.02,Active,2026-02-26,2031-02-26
CC000820,C09095,Gold,622548,124943.43,497604.57,Active,2026-06-25,2031-06-25
CC000821,C09393,Platinum,240666,90744.3,149921.7,Active,2022-02-18,2027-02-18
CC000822,C01996,Platinum,903370,561918.61,341451.39,Active,2026-05-16,2031-05-16
CC000823,C08641,Platinum,221215,74440.23,146774.77,Active,2026-07-23,2031-07-23
CC000824,C03451,Gold,715500,501396.89,214103.11,Active,2023-05-01,2028-05-01
CC000825,C05257,Gold,89757,17419.13,72337.87,Expired,2026-05-14,2031-05-14
CC000826,C05718,Platinum,1472909,425072.68,1047836.32,Active,2022-02-02,2027-02-02
CC000827,C08218,Platinum,397064,162479.23,234584.77,Active,2021-07-05,2026-07-05
CC000828,C04563,Gold,707993,447200.46,260792.54,Active,2023-09-06,2028-09-06
CC000829,C02776,Gold,165074,107965.54,57108.46,Active,2026-05-13,2031-05-13
CC000830,C01327,Platinum,622979,121452.79,501526.21,Active,2024-05-19,2029-05-19
CC000831,C09696,Gold,37588,8330.11,29257.89,Active,2024-08-18,2029-08-18
CC000832,C03410,Silver,45106,12388.06,32717.94,Active,2019-09-21,2024-09-21
CC000833,C01719,Platinum,2277724,545234.38,1732489.62,Active,2026-08-04,2031-08-04
CC000834,C07704,Gold,616224,335710.74,280513.26,Active,2025-07-12,2030-07-12
CC000835,C06374,Gold,590559,261116.09,329442.91,Active,2022-03-27,2027-03-27
CC000836,C00145,Platinum,1795271,917053.46,878217.54,Active,2024-07-20,2029-07-20
CC000837,C07170,Gold,471224,294172.32,177051.68,Active,2026-07-22,2031-07-22
CC000838,C07581,Platinum,1610686,217049.17,1393636.83,Active,2025-07-09,2030-07-09
CC000839,C04956,Platinum,424729,297300.88,127428.12,Active,2025-11-07,2030-11-07
CC000840,C05234,Platinum,482154,268131.21,214022.79,Active,2026-06-22,2031-06-22
CC000841,C05085,Platinum,209330,90402.94,118927.06,Active,2025-12-30,2030-12-30
CC000842,C07093,Silver,32218,8268.4,23949.6,Active,2025-12-19,2030-12-19
CC000843,C03038,Platinum,488755,193871.88,294883.12,Active,2026-03-25,2031-03-25
CC000844,C05148,Gold,464239,117334.71,346904.29,Active,2025-08-20,2030-08-20
CC000845,C06194,Silver,193474,73134.48,120339.52,Active,2026-03-07,2031-03-07
CC000846,C08869,Silver,128102,63156.85,64945.15,Active,2026-03-14,2031-03-14
CC000847,C02501,Gold,313355,137004.1,176350.9,Active,2026-03-23,2031-03-23
CC000848,C06314,Gold,540930,380297.66,160632.34,Active,2024-04-07,2029-04-07
CC000849,C08606,Platinum,513305,119010.82,394294.18,Active,2022-02-26,2027-02-26
CC000850,C04243,Platinum,919065,610076.15,308988.85,Active,2025-07-30,2030-07-30
CC000851,C04044,Platinum,535109,308505.87,226603.13,Active,2024-05-04,2029-05-04
CC000852,C07024,Platinum,509963,143604.76,366358.24,Active,2024-09-29,2029-09-29
CC000853,C09819,Gold,237034,120440.91,116593.09,Expired,2025-01-03,2030-01-03
CC000854,C02157,Platinum,559836,340707.74,219128.26,Active,2022-06-02,2027-06-02
CC000855,C03082,Gold,698844,513348.83,185495.17,Active,2025-11-27,2030-11-27
CC000856,C07888,Platinum,1156487,796180.11,360306.89,Active,2026-07-14,2031-07-14
CC000857,C06628,Gold,302344,129870.84,172473.16,Active,2026-07-17,2031-07-17
CC000858,C01648,Platinum,786187,498476.17,287710.83,Active,2025-10-06,2030-10-06
CC000859,C05034,Platinum,551936,308037.83,243898.17,Active,2024-12-29,2029-12-29
CC000860,C06304,Gold,522002,205841.47,316160.53,Active,2023-05-09,2028-05-09
CC000861,C01270,Gold,508334,215855.11,292478.89,Active,2025-12-20,2030-12-20
CC000862,C09785,Gold,274675,118262.36,156412.64,Active,2025-06-23,2030-06-23
CC000863,C04972,Gold,600209,282630.59,317578.41,Active,2026-04-14,2031-04-14
CC000864,C02253,Platinum,358102,70243.74,287858.26,Active,2023-09-27,2028-09-27
CC000865,C08360,Silver,179265,129965.62,49299.38,Expired,2025-04-20,2030-04-20
CC000866,C08968,Gold,389117,251081.18,138035.82,Active,2024-11-28,2029-11-28
CC000867,C03110,Platinum,385413,123097.0,262316.0,Active,2026-04-30,2031-04-30
CC000868,C09572,Gold,419553,265507.95,154045.05,Active,2025-05-04,2030-05-04
CC000869,C05653,Platinum,713358,463431.34,249926.66,Active,2024-05-17,2029-05-17
CC000870,C04020,Silver,143694,78089.25,65604.75,Active,2026-02-22,2031-02-22
CC000871,C06370,Platinum,601936,62160.97,539775.03,Active,2024-03-11,2029-03-11
CC000872,C01308,Platinum,829521,600908.72,228612.28,Active,2020-09-20,2025-09-20
CC000873,C08082,Gold,218786,125522.71,93263.29,Active,2023-05-03,2028-05-03
CC000874,C00774,Platinum,2254426,1609411.26,645014.74,Active,2025-04-12,2030-04-12
CC000875,C06465,Gold,727786,372677.0,355109.0,Active,2024-08-11,2029-08-11
CC000876,C06936,Platinum,512687,391654.09,121032.91,Active,2025-09-19,2030-09-19
CC000877,C08982,Gold,749577,252221.12,497355.88,Active,2025-04-24,2030-04-24
CC000878,C00975,Platinum,559381,445992.93,113388.07,Active,2022-07-13,2027-07-13
CC000879,C02746,Gold,73223,55917.41,17305.59,Active,2021-06-25,2026-06-25
CC000880,C08035,Gold,439513,112965.81,326547.19,Expired,2021-03-20,2026-03-20
CC000881,C09210,Gold,222977,114339.26,108637.74,Active,2025-03-31,2030-03-31
CC000882,C05023,Gold,239178,86734.24,152443.76,Active,2026-03-13,2031-03-13
CC000883,C00065,Platinum,250947,129425.12,121521.88,Active,2025-04-18,2030-04-18
CC000884,C09902,Gold,220700,29521.83,191178.17,Active,2025-10-11,2030-10-11
CC000885,C00921,Silver,62399,30144.81,32254.19,Active,2026-04-18,2031-04-18
CC000886,C00303,Gold,209756,65188.29,144567.71,Active,2025-11-08,2030-11-08
CC000887,C02308,Platinum,483091,258916.7,224174.3,Active,2025-05-11,2030-05-11
CC000888,C00219,Platinum,1020021,467281.16,552739.84,Active,2024-05-15,2029-05-15
CC000889,C08638,Gold,311425,139648.37,171776.63,Active,2022-06-09,2027-06-09
CC000890,C00022,Platinum,1897116,1481996.3,415119.7,Active,2023-05-23,2028-05-23
CC000891,C04911,Platinum,1136327,144977.14,991349.86,Active,2021-11-29,2026-11-29
CC000892,C05231,Platinum,1808025,599220.22,1208804.78,Active,2023-12-04,2028-12-04
CC000893,C03867,Platinum,315795,216213.0,99582.0,Active,2024-11-02,2029-11-02
CC000894,C01212,Platinum,988917,638512.41,350404.59,Active,2024-06-22,2029-06-22
CC000895,C06630,Platinum,1336644,736538.63,600105.37,Active,2022-11-07,2027-11-07
CC000896,C04701,Platinum,476955,202703.08,274251.92,Active,2020-11-23,2025-11-23
CC000897,C03400,Gold,241360,168125.12,73234.88,Active,2025-12-29,2030-12-29
CC000898,C08708,Platinum,646688,398992.36,247695.64,Active,2023-12-16,2028-12-16
CC000899,C08522,Platinum,896236,95691.68,800544.32,Active,2020-10-13,2025-10-13
CC000900,C02795,Platinum,544625,190765.35,353859.65,Active,2022-11-24,2027-11-24
CC000901,C01912,Platinum,297466,107336.3,190129.7,Active,2022-05-04,2027-05-04
CC000902,C03065,Platinum,1639385,1268256.03,371128.97,Active,2025-08-03,2030-08-03
CC000903,C00634,Gold,701476,462924.61,238551.39,Active,2025-10-19,2030-10-19
CC000904,C00389,Platinum,318548,61402.71,257145.29,Active,2023-04-28,2028-04-28
CC000905,C02703,Platinum,1134276,195775.1,938500.9,Active,2025-07-04,2030-07-04
CC000906,C04399,Platinum,1993160,1145818.24,847341.76,Active,2023-04-14,2028-04-14
CC000907,C01752,Silver,124004,65468.02,58535.98,Active,2025-06-08,2030-06-08
CC000908,C06575,Platinum,337002,147659.37,189342.63,Active,2026-05-13,2031-05-13
CC000909,C07009,Platinum,662094,87516.0,574578.0,Active,2020-04-22,2025-04-22
CC000910,C03430,Silver,167577,106791.81,60785.19,Active,2024-05-24,2029-05-24
CC000911,C08571,Platinum,2204765,1568029.96,636735.04,Active,2026-03-23,2031-03-23
CC000912,C08914,Platinum,299868,120844.87,179023.13,Active,2022-10-09,2027-10-09
CC000913,C01352,Gold,603572,123163.77,480408.23,Active,2026-01-22,2031-01-22
CC000914,C09845,Platinum,257216,27818.27,229397.73,Active,2025-04-04,2030-04-04
CC000915,C05624,Gold,692085,481905.57,210179.43,Active,2026-03-30,2031-03-30
CC000916,C05345,Silver,158882,51548.26,107333.74,Active,2024-06-28,2029-06-28
CC000917,C03399,Silver,162888,41682.15,121205.85,Active,2020-05-08,2025-05-08
CC000918,C01801,Gold,446415,69275.31,377139.69,Active,2019-09-16,2024-09-16
CC000919,C09676,Gold,292295,204493.22,87801.78,Active,2024-01-25,2029-01-25
CC000920,C07746,Gold,721533,448553.45,272979.55,Active,2024-05-07,2029-05-07
CC000921,C04288,Gold,237572,116408.31,121163.69,Active,2026-07-31,2031-07-31
CC000922,C08447,Platinum,2067106,1600394.55,466711.45,Active,2020-10-18,2025-10-18
CC000923,C07536,Platinum,789648,193302.57,596345.43,Active,2024-11-28,2029-11-28
CC000924,C07410,Platinum,580992,393748.56,187243.44,Active,2025-10-14,2030-10-14
CC000925,C09446,Platinum,548098,269722.09,278375.91,Active,2020-04-03,2025-04-03
CC000926,C07615,Gold,580941,349226.55,231714.45,Active,2023-07-03,2028-07-03
CC000927,C01310,Platinum,432518,43916.95,388601.05,Active,2026-05-18,2031-05-18
CC000928,C07077,Silver,106541,51500.15,55040.85,Active,2024-03-27,2029-03-27
CC000929,C09213,Gold,372129,165484.09,206644.91,Active,2020-06-02,2025-06-02
CC000930,C01481,Platinum,629088,110010.54,519077.46,Active,2025-01-13,2030-01-13
CC000931,C01759,Platinum,1623963,407472.86,1216490.14,Active,2026-04-17,2031-04-17
CC000932,C01326,Platinum,1508698,264679.98,1244018.02,Active,2023-09-08,2028-09-08
CC000933,C09610,Gold,184353,34336.38,150016.62,Active,2021-10-20,2026-10-20
CC000934,C05417,Gold,728689,141544.35,587144.65,Active,2026-07-14,2031-07-14
CC000935,C01260,Gold,250931,122268.25,128662.75,Active,2023-12-14,2028-12-14
CC000936,C02619,Gold,733025,474089.09,258935.91,Active,2025-02-26,2030-02-26
CC000937,C08179,Platinum,382085,233586.24,148498.76,Active,2025-08-24,2030-08-24
CC000938,C03201,Gold,537477,243411.02,294065.98,Active,2026-05-31,2031-05-31
CC000939,C09574,Platinum,460297,134184.45,326112.55,Blocked,2024-04-24,2029-04-24
CC000940,C03428,Platinum,674843,447662.36,227180.64,Active,2023-10-04,2028-10-04
CC000941,C05068,Platinum,737179,227964.64,509214.36,Active,2026-01-04,2031-01-04
CC000942,C06784,Platinum,780472,423646.68,356825.32,Active,2026-05-09,2031-05-09
CC000943,C08039,Platinum,1409389,818330.59,591058.41,Active,2026-03-30,2031-03-30
CC000944,C04271,Gold,386450,174955.73,211494.27,Active,2025-10-13,2030-10-13
CC000945,C08229,Platinum,1042022,659123.22,382898.78,Active,2024-05-06,2029-05-06
CC000946,C03740,Silver,139439,79754.99,59684.01,Active,2024-06-02,2029-06-02
CC000947,C03750,Gold,642904,428054.06,214849.94,Active,2025-09-23,2030-09-23
CC000948,C00533,Silver,68096,9339.06,58756.94,Active,2024-11-11,2029-11-11
CC000949,C04614,Gold,368752,290750.88,78001.12,Active,2021-05-04,2026-05-04
CC000950,C05945,Gold,265046,154632.18,110413.82,Active,2025-06-19,2030-06-19
CC000951,C09665,Platinum,233875,82108.3,151766.7,Active,2026-01-24,2031-01-24
CC000952,C08924,Silver,177294,125061.24,52232.76,Active,2020-07-09,2025-07-09
CC000953,C06003,Platinum,1298273,594148.94,704124.06,Active,2025-03-28,2030-03-28
CC000954,C02775,Platinum,249261,186581.67,62679.33,Active,2021-12-28,2026-12-28
CC000955,C07553,Platinum,527841,409648.56,118192.44,Active,2022-09-03,2027-09-03
CC000956,C06624,Gold,83238,44481.82,38756.18,Active,2026-01-11,2031-01-11
CC000957,C06773,Platinum,436504,322157.61,114346.39,Active,2024-12-29,2029-12-29
CC000958,C06353,Platinum,773167,476978.34,296188.66,Active,2026-03-29,2031-03-29
CC000959,C04576,Platinum,402897,123256.03,279640.97,Active,2024-08-13,2029-08-13
CC000960,C05344,Platinum,396059,306443.79,89615.21,Active,2024-12-31,2029-12-31
CC000961,C09526,Gold,242608,97032.4,145575.6,Active,2021-06-19,2026-06-19
CC000962,C09984,Silver,183088,126735.33,56352.67,Active,2021-04-04,2026-04-04
CC000963,C07976,Gold,362325,46362.53,315962.47,Active,2025-01-31,2030-01-31
CC000964,C09604,Gold,515783,228690.79,287092.21,Active,2026-05-22,2031-05-22
CC000965,C01233,Gold,533299,249464.76,283834.24,Blocked,2022-11-24,2027-11-24
CC000966,C03142,Gold,729678,154370.2,575307.8,Active,2026-01-25,2031-01-25
CC000967,C05590,Gold,566375,144334.24,422040.76,Active,2022-06-20,2027-06-20
CC000968,C00599,Gold,578323,176678.86,401644.14,Blocked,2024-05-21,2029-05-21
CC000969,C03504,Platinum,697923,556692.53,141230.47,Active,2022-06-21,2027-06-21
CC000970,C00242,Platinum,209231,37725.47,171505.53,Active,2026-03-29,2031-03-29
CC000971,C01593,Gold,455671,351426.13,104244.87,Active,2025-11-02,2030-11-02
CC000972,C01762,Gold,318881,118022.05,200858.95,Active,2024-07-14,2029-07-14
CC000973,C08701,Silver,165493,111786.61,53706.39,Active,2023-11-30,2028-11-30
CC000974,C05291,Platinum,667200,294077.27,373122.73,Active,2023-09-21,2028-09-21
CC000975,C02144,Platinum,535872,246354.45,289517.55,Blocked,2023-12-30,2028-12-30
CC000976,C07278,Platinum,2421766,1154171.01,1267594.99,Active,2021-06-05,2026-06-05
CC000977,C04680,Silver,195023,125108.73,69914.27,Active,2025-02-22,2030-02-22
CC000978,C02043,Gold,308975,75360.76,233614.24,Active,2026-04-15,2031-04-15
CC000979,C04541,Platinum,2354776,1513284.36,841491.64,Active,2025-09-30,2030-09-30
CC000980,C03299,Platinum,361223,42128.38,319094.62,Active,2021-05-26,2026-05-26
CC000981,C06156,Gold,276806,38195.81,238610.19,Active,2025-01-22,2030-01-22
CC000982,C06467,Gold,438703,323627.08,115075.92,Active,2025-01-26,2030-01-26
CC000983,C08177,Gold,624094,251583.23,372510.77,Active,2022-07-10,2027-07-10
CC000984,C07741,Platinum,1921628,200097.68,1721530.32,Active,2026-06-03,2031-06-03
CC000985,C06371,Gold,247727,146311.88,101415.12,Active,2025-02-12,2030-02-12
CC000986,C02496,Platinum,311291,94285.57,217005.43,Active,2026-01-22,2031-01-22
CC000987,C08050,Platinum,495192,314789.58,180402.42,Active,2026-04-22,2031-04-22
CC000988,C02822,Silver,38079,16442.18,21636.82,Active,2025-03-15,2030-03-15
CC000989,C03608,Gold,609985,401211.11,208773.89,Active,2025-07-12,2030-07-12
CC000990,C06246,Gold,351074,108355.32,242718.68,Active,2022-01-21,2027-01-21
CC000991,C03185,Platinum,591255,455369.32,135885.68,Active,2024-07-10,2029-07-10
CC000992,C00893,Platinum,348241,64864.97,283376.03,Active,2025-04-21,2030-04-21
CC000993,C00435,Platinum,1926489,931010.13,995478.87,Active,2023-02-04,2028-02-04
CC000994,C00838,Gold,560554,139138.39,421415.61,Active,2025-12-30,2030-12-30
CC000995,C05256,Platinum,349375,74300.9,275074.1,Active,2026-07-01,2031-07-01
CC000996,C00062,Platinum,403765,72772.9,330992.1,Active,2023-03-11,2028-03-11
CC000997,C03166,Gold,257030,178885.53,78144.47,Active,2022-09-10,2027-09-10
CC000998,C00803,Platinum,1767343,974286.99,793056.01,Active,2022-06-10,2027-06-10
CC000999,C08903,Platinum,462865,78104.62,384760.38,Active,2020-04-01,2025-04-01
CC001000,C08896,Silver,116730,40855.13,75874.87,Active,2022-06-23,2027-06-23
CC001001,C00215,Gold,498987,266289.92,232697.08,Active,2025-01-27,2030-01-27
CC001002,C09257,Gold,672536,221830.79,450705.21,Active,2025-11-18,2030-11-18
CC001003,C05283,Platinum,359797,178418.44,181378.56,Active,2021-09-21,2026-09-21
CC001004,C03030,Gold,649112,141537.35,507574.65,Active,2022-11-02,2027-11-02
CC001005,C02696,Platinum,2293589,1417142.93,876446.07,Active,2026-04-01,2031-04-01
CC001006,C00989,Gold,65207,37540.07,27666.93,Active,2024-02-27,2029-02-27
CC001007,C02870,Gold,666991,234193.29,432797.71,Active,2026-04-29,2031-04-29
CC001008,C06923,Platinum,1168616,644942.95,523673.05,Active,2022-03-05,2027-03-05
CC001009,C04139,Platinum,1093604,791668.6,301935.4,Active,2026-01-09,2031-01-09
CC001010,C07776,Platinum,280176,170682.59,109493.41,Active,2025-02-04,2030-02-04
CC001011,C03859,Platinum,232709,155647.34,77061.66,Active,2024-12-21,2029-12-21
CC001012,C07530,Platinum,423095,310726.26,112368.74,Active,2025-03-01,2030-03-01
CC001013,C04330,Gold,765892,329695.65,436196.35,Active,2026-04-29,2031-04-29
CC001014,C06072,Gold,434153,314329.5,119823.5,Active,2025-06-16,2030-06-16
CC001015,C00116,Gold,65096,27684.73,37411.27,Active,2024-11-11,2029-11-11
CC001016,C07383,Silver,161640,17362.43,144277.57,Active,2026-03-20,2031-03-20
CC001017,C01280,Platinum,373899,235572.91,138326.09,Active,2019-05-07,2024-05-07
CC001018,C05814,Gold,793868,606593.18,187274.82,Active,2026-01-26,2031-01-26
CC001019,C07337,Platinum,2343335,1435065.69,908269.31,Active,2025-11-20,2030-11-20
CC001020,C02167,Gold,711329,186528.2,524800.8,Active,2021-08-12,2026-08-12
CC001021,C03175,Silver,84204,38946.01,45257.99,Active,2025-11-08,2030-11-08
CC001022,C02551,Gold,676728,485272.44,191455.56,Active,2021-03-11,2026-03-11
CC001023,C00659,Silver,57059,33814.04,23244.96,Active,2025-08-20,2030-08-20
CC001024,C03953,Platinum,476106,240453.53,235652.47,Active,2023-01-20,2028-01-20
CC001025,C01252,Silver,129226,45966.69,83259.31,Active,2024-05-12,2029-05-12
CC001026,C04463,Platinum,741760,204807.71,536952.29,Expired,2026-05-26,2031-05-26
CC001027,C04538,Platinum,1651112,572983.09,1078128.91,Active,2026-04-24,2031-04-24
CC001028,C01575,Silver,156382,112754.61,43627.39,Active,2025-07-18,2030-07-18
CC001029,C00132,Platinum,1722534,371936.56,1350597.44,Active,2025-12-19,2030-12-19
CC001030,C08020,Platinum,1243583,255143.79,988439.21,Active,2025-12-20,2030-12-20
CC001031,C01281,Silver,61019,34340.07,26678.93,Active,2026-03-28,2031-03-28
CC001032,C00161,Gold,318844,139354.49,179489.51,Active,2025-08-24,2030-08-24
CC001033,C05559,Gold,369078,204130.2,164947.8,Active,2026-03-01,2031-03-01
CC001034,C07181,Gold,334097,167529.79,166567.21,Active,2026-03-27,2031-03-27
CC001035,C05575,Platinum,241094,174445.58,66648.42,Active,2026-05-17,2031-05-17
CC001036,C02045,Platinum,1177566,543621.56,633944.44,Active,2025-07-22,2030-07-22
CC001037,C04366,Gold,197148,22284.43,174863.57,Active,2025-04-28,2030-04-28
CC001038,C03073,Platinum,497223,379419.79,117803.21,Active,2022-12-02,2027-12-02
CC001039,C03316,Silver,153578,108596.8,44981.2,Active,2026-06-24,2031-06-24
CC001040,C07241,Gold,187506,37482.17,150023.83,Active,2026-03-05,2031-03-05
CC001041,C06813,Platinum,735617,209771.85,525845.15,Active,2024-07-10,2029-07-10
CC001042,C03219,Gold,675497,349619.25,325877.75,Active,2024-12-07,2029-12-07
CC001043,C06245,Gold,338635,59599.45,279035.55,Active,2022-01-09,2027-01-09
CC001044,C00876,Platinum,1857718,1075725.51,781992.49,Active,2024-05-02,2029-05-02
CC001045,C06761,Silver,76510,33137.13,43372.87,Active,2023-08-27,2028-08-27
CC001046,C05020,Gold,757244,342524.52,414719.48,Active,2026-06-01,2031-06-01
CC001047,C00202,Gold,336659,246228.8,90430.2,Active,2024-07-01,2029-07-01
CC001048,C00452,Platinum,2425021,1394366.59,1030654.41,Active,2021-04-09,2026-04-09
CC001049,C04904,Gold,245548,144468.16,101079.84,Active,2026-07-15,2031-07-15
CC001050,C08952,Platinum,705543,460500.09,245042.91,Active,2025-06-11,2030-06-11
CC001051,C01050,Gold,302463,120332.66,182130.34,Active,2025-12-15,2030-12-15
CC001052,C08376,Platinum,975778,291061.57,684716.43,Active,2026-01-25,2031-01-25
CC001053,C09817,Gold,398202,41344.76,356857.24,Active,2025-02-06,2030-02-06
CC001054,C07311,Gold,747923,136481.01,611441.99,Active,2025-05-29,2030-05-29
CC001055,C07302,Platinum,531246,205162.72,326083.28,Active,2026-01-28,2031-01-28
CC001056,C05805,Gold,465953,131823.71,334129.29,Active,2022-06-09,2027-06-09
CC001057,C03078,Gold,488946,388349.8,100596.2,Active,2024-11-06,2029-11-06
CC001058,C06579,Gold,778923,505249.88,273673.12,Active,2021-06-22,2026-06-22
CC001059,C08796,Gold,781866,342951.53,438914.47,Expired,2026-03-04,2031-03-04
CC001060,C03823,Gold,617469,379772.89,237696.11,Active,2025-01-04,2030-01-04
CC001061,C01898,Silver,90233,37231.62,53001.38,Active,2021-10-19,2026-10-19
CC001062,C06085,Gold,424875,193675.22,231199.78,Active,2023-09-27,2028-09-27
CC001063,C04730,Platinum,254581,54102.69,200478.31,Blocked,2025-10-28,2030-10-28
CC001064,C07345,Platinum,991026,670209.9,320816.1,Active,2024-10-27,2029-10-27
CC001065,C04808,Platinum,292422,42359.17,250062.83,Active,2025-08-31,2030-08-31
CC001066,C05717,Silver,39897,24223.32,15673.68,Active,2024-04-05,2029-04-05
CC001067,C06604,Gold,746313,224288.3,522024.7,Blocked,2026-06-23,2031-06-23
CC001068,C08889,Gold,383785,210392.44,173392.56,Active,2025-06-12,2030-06-12
CC001069,C04640,Gold,743323,223148.95,520174.05,Active,2026-06-20,2031-06-20
CC001070,C03050,Gold,740869,436308.73,304560.27,Active,2025-09-03,2030-09-03
CC001071,C02855,Platinum,577214,154392.99,422821.01,Active,2023-10-25,2028-10-25
CC001072,C06844,Silver,102335,66084.98,36250.02,Active,2025-09-07,2030-09-07
CC001073,C03481,Silver,183637,44112.78,139524.22,Active,2024-07-17,2029-07-17
CC001074,C03763,Platinum,989091,479427.1,509663.9,Active,2026-04-27,2031-04-27
CC001075,C08604,Silver,182812,62826.39,119985.61,Blocked,2026-06-27,2031-06-27
CC001076,C08852,Silver,188954,146276.85,42677.15,Active,2024-08-09,2029-08-09
CC001077,C03371,Gold,204877,57934.15,146942.85,Active,2026-06-15,2031-06-15
CC001078,C02745,Platinum,951804,430423.3,521380.7,Active,2026-07-16,2031-07-16
CC001079,C01551,Gold,738220,568205.38,170014.62,Active,2024-01-21,2029-01-21
CC001080,C04995,Platinum,462292,270872.74,191419.26,Blocked,2025-06-10,2030-06-10
CC001081,C08195,Gold,455090,286811.96,168278.04,Blocked,2022-12-14,2027-12-14
CC001082,C06798,Platinum,1766200,1285028.26,481171.74,Active,2026-05-11,2031-05-11
CC001083,C07286,Gold,470343,69275.87,401067.13,Active,2024-11-14,2029-11-14
CC001084,C04790,Platinum,441099,291175.17,149923.83,Active,2026-04-30,2031-04-30
CC001085,C08603,Gold,761671,81351.21,680319.79,Active,2023-08-05,2028-08-05
CC001086,C00091,Silver,54381,20624.07,33756.93,Active,2025-02-19,2030-02-19
CC001087,C01934,Gold,781489,587662.04,193826.96,Active,2021-04-30,2026-04-30
CC001088,C03210,Gold,482146,109904.75,372241.25,Active,2024-03-28,2029-03-28
CC001089,C09570,Platinum,399405,179452.48,219952.52,Active,2025-04-21,2030-04-21
CC001090,C03189,Platinum,478297,117060.82,361236.18,Active,2024-09-18,2029-09-18
CC001091,C02917,Gold,573321,119936.97,453384.03,Active,2023-07-28,2028-07-28
CC001092,C04977,Platinum,716596,379565.77,337030.23,Active,2026-04-17,2031-04-17
CC001093,C02071,Gold,244316,169459.39,74856.61,Active,2021-01-05,2026-01-05
CC001094,C03293,Gold,488078,216493.71,271584.29,Expired,2024-10-14,2029-10-14
CC001095,C09397,Gold,103470,39165.01,64304.99,Active,2025-10-08,2030-10-08
CC001096,C06066,Gold,751273,495456.24,255816.76,Active,2022-08-06,2027-08-06
CC001097,C08076,Silver,161720,55486.5,106233.5,Active,2021-03-28,2026-03-28
CC001098,C08113,Platinum,1758809,1378123.65,380685.35,Active,2022-02-12,2027-02-12
CC001099,C01773,Gold,208827,22610.53,186216.47,Active,2026-01-07,2031-01-07
CC001100,C01871,Gold,541244,191124.96,350119.04,Active,2023-08-18,2028-08-18
CC001101,C00039,Platinum,1351234,359424.74,991809.26,Active,2026-01-28,2031-01-28
CC001102,C03757,Platinum,1567398,358525.95,1208872.05,Active,2023-07-16,2028-07-16
CC001103,C07882,Gold,590394,209917.3,380476.7,Active,2026-07-12,2031-07-12
CC001104,C04691,Gold,799166,153277.97,645888.03,Active,2025-11-27,2030-11-27
CC001105,C00203,Silver,56180,33964.79,22215.21,Active,2026-07-03,2031-07-03
CC001106,C01717,Gold,599385,142200.64,457184.36,Active,2023-03-17,2028-03-17
CC001107,C05386,Gold,153990,102244.41,51745.59,Active,2022-06-18,2027-06-18
CC001108,C06107,Silver,195321,90219.72,105101.28,Active,2026-03-11,2031-03-11
CC001109,C09948,Platinum,1429217,394009.15,1035207.85,Active,2024-03-16,2029-03-16
CC001110,C01017,Silver,55945,32637.21,23307.79,Active,2025-02-04,2030-02-04
CC001111,C08609,Platinum,699687,480881.02,218805.98,Active,2025-12-27,2030-12-27
CC001112,C05555,Gold,98096,34595.85,63500.15,Active,2026-01-10,2031-01-10
CC001113,C02609,Platinum,1340467,456962.78,883504.22,Active,2026-04-29,2031-04-29
CC001114,C04896,Silver,188748,45161.86,143586.14,Active,2026-02-06,2031-02-06
CC001115,C06896,Platinum,383017,300883.29,82133.71,Active,2022-10-03,2027-10-03
CC001116,C05711,Gold,735239,324420.99,410818.01,Active,2026-06-17,2031-06-17
CC001117,C05898,Platinum,1599163,846860.18,752302.82,Active,2021-09-20,2026-09-20
CC001118,C06514,Gold,73928,40542.59,33385.41,Active,2025-05-13,2030-05-13
CC001119,C06694,Gold,799405,306444.64,492960.36,Active,2024-07-14,2029-07-14
CC001120,C01991,Gold,560317,145543.77,414773.23,Active,2025-12-24,2030-12-24
CC001121,C00033,Gold,480465,251652.9,228812.1,Active,2026-04-17,2031-04-17
CC001122,C06177,Platinum,580805,362147.51,218657.49,Active,2025-06-05,2030-06-05
CC001123,C02411,Gold,375445,85871.91,289573.09,Active,2025-12-16,2030-12-16
CC001124,C08784,Platinum,463871,351756.23,112114.77,Active,2026-04-01,2031-04-01
CC001125,C05535,Gold,375018,141731.27,233286.73,Active,2025-04-18,2030-04-18
CC001126,C08908,Platinum,696171,336879.67,359291.33,Active,2023-08-13,2028-08-13
CC001127,C01877,Silver,51823,8952.42,42870.58,Active,2025-07-10,2030-07-10
CC001128,C08529,Platinum,1617566,512055.82,1105510.18,Active,2021-03-22,2026-03-22
CC001129,C02544,Platinum,2113825,398431.06,1715393.94,Active,2025-12-28,2030-12-28
CC001130,C08942,Gold,236862,133704.9,103157.1,Active,2024-09-13,2029-09-13
CC001131,C00617,Gold,699284,298619.05,400664.95,Active,2024-08-05,2029-08-05
CC001132,C07899,Platinum,775191,318906.95,456284.05,Blocked,2026-07-17,2031-07-17
CC001133,C00536,Platinum,385636,198055.57,187580.43,Active,2023-05-30,2028-05-30
CC001134,C06442,Gold,177845,71935.49,105909.51,Active,2026-06-12,2031-06-12
CC001135,C08402,Silver,121008,52899.39,68108.61,Active,2026-07-06,2031-07-06
CC001136,C04001,Gold,522823,186150.25,336672.75,Active,2026-07-02,2031-07-02
CC001137,C06281,Gold,200096,93309.04,106786.96,Active,2025-04-27,2030-04-27
CC001138,C01815,Gold,500692,214515.76,286176.24,Active,2024-08-03,2029-08-03
CC001139,C04722,Platinum,700241,216883.8,483357.2,Active,2023-10-20,2028-10-20
CC001140,C01911,Gold,186500,48835.17,137664.83,Active,2025-09-10,2030-09-10
CC001141,C07998,Gold,631736,453279.08,178456.92,Active,2026-01-26,2031-01-26
CC001142,C01869,Platinum,2299333,1416348.88,882984.12,Active,2023-03-20,2028-03-20
CC001143,C07161,Gold,475754,73954.44,401799.56,Active,2025-07-16,2030-07-16
CC001144,C09629,Gold,485071,145169.04,339901.96,Active,2026-05-19,2031-05-19
CC001145,C05761,Platinum,1665922,385828.26,1280093.74,Active,2026-01-17,2031-01-17
CC001146,C08945,Silver,58929,32164.92,26764.08,Active,2026-03-08,2031-03-08
CC001147,C02165,Silver,193251,85880.21,107370.79,Active,2026-01-16,2031-01-16
CC001148,C03480,Gold,760957,87884.16,673072.84,Expired,2024-11-25,2029-11-25
CC001149,C04601,Silver,62778,37706.8,25071.2,Active,2026-02-25,2031-02-25
CC001150,C06910,Gold,358003,39490.38,318512.62,Active,2023-09-03,2028-09-03
CC001151,C08828,Gold,722605,577053.86,145551.14,Active,2023-11-18,2028-11-18
CC001152,C03541,Platinum,546290,85306.55,460983.45,Active,2019-05-27,2024-05-27
CC001153,C02773,Silver,99862,64206.98,35655.02,Active,2025-06-20,2030-06-20
CC001154,C00664,Gold,401528,291906.55,109621.45,Active,2025-02-21,2030-02-21
CC001155,C09495,Platinum,826456,153202.7,673253.3,Active,2025-06-08,2030-06-08
CC001156,C00730,Platinum,2417376,1891549.7,525826.3,Active,2024-12-23,2029-12-23
CC001157,C07531,Platinum,408855,172775.68,236079.32,Active,2024-01-29,2029-01-29
CC001158,C05697,Gold,418572,180395.27,238176.73,Active,2026-04-28,2031-04-28
CC001159,C03415,Silver,114689,24202.59,90486.41,Active,2023-06-25,2028-06-25
CC001160,C02219,Platinum,776276,360695.38,415580.62,Active,2024-08-31,2029-08-31
CC001161,C04203,Platinum,1216753,428660.45,788092.55,Active,2019-05-28,2024-05-28
CC001162,C04206,Silver,59603,15805.29,43797.71,Active,2025-05-16,2030-05-16
CC001163,C00605,Gold,489511,249301.98,240209.02,Active,2023-07-14,2028-07-14
CC001164,C06490,Gold,244033,123664.68,120368.32,Active,2025-02-26,2030-02-26
CC001165,C05430,Platinum,362520,130499.61,232020.39,Active,2026-03-07,2031-03-07
CC001166,C06319,Platinum,991682,575335.47,416346.53,Active,2022-10-26,2027-10-26
CC001167,C09266,Platinum,262969,37300.2,225668.8,Active,2023-06-05,2028-06-05
CC001168,C07571,Platinum,312608,58795.07,253812.93,Active,2022-03-21,2027-03-21
CC001169,C02629,Platinum,564189,374546.89,189642.11,Active,2026-04-06,2031-04-06
CC001170,C01071,Gold,596119,209069.22,387049.78,Active,2026-01-10,2031-01-10
CC001171,C03998,Gold,157219,93488.42,63730.58,Active,2021-05-08,2026-05-08
CC001172,C03105,Platinum,1827797,425589.89,1402207.11,Active,2025-01-21,2030-01-21
CC001173,C04700,Gold,691147,202317.47,488829.53,Active,2024-05-14,2029-05-14
CC001174,C04817,Platinum,1962913,416609.41,1546303.59,Active,2024-03-11,2029-03-11
CC001175,C03269,Gold,476141,228130.66,248010.34,Active,2026-07-17,2031-07-17
CC001176,C03731,Gold,162633,59414.8,103218.2,Active,2023-05-19,2028-05-19
CC001177,C02790,Gold,581760,374194.78,207565.22,Active,2026-03-23,2031-03-23
CC001178,C00486,Platinum,765136,515192.71,249943.29,Active,2025-06-18,2030-06-18
CC001179,C06531,Platinum,778255,161793.03,616461.97,Active,2025-08-05,2030-08-05
CC001180,C05075,Gold,537666,95341.57,442324.43,Active,2023-10-24,2028-10-24
CC001181,C00490,Platinum,1072156,241285.66,830870.34,Active,2022-03-20,2027-03-20
CC001182,C08577,Gold,400924,67807.28,333116.72,Active,2026-04-17,2031-04-17
CC001183,C01976,Platinum,2179760,965495.8,1214264.2,Active,2025-07-26,2030-07-26
CC001184,C03167,Platinum,902940,321850.99,581089.01,Active,2022-08-14,2027-08-14
CC001185,C02695,Gold,418877,234162.53,184714.47,Active,2025-10-01,2030-10-01
CC001186,C04506,Platinum,1781591,1177122.05,604468.95,Active,2020-06-17,2025-06-17
CC001187,C07055,Gold,636158,429672.92,206485.08,Active,2025-11-28,2030-11-28
CC001188,C07273,Gold,478727,225152.29,253574.71,Active,2026-03-30,2031-03-30
CC001189,C07427,Platinum,281721,214452.35,67268.65,Blocked,2026-07-21,2031-07-21
CC001190,C05851,Silver,90559,42758.59,47800.41,Active,2025-03-01,2030-03-01
CC001191,C00713,Silver,95211,47512.13,47698.87,Blocked,2024-08-30,2029-08-30
CC001192,C08799,Platinum,1970507,769737.61,1200769.39,Active,2026-07-11,2031-07-11
CC001193,C04080,Platinum,575351,329184.08,246166.92,Active,2026-01-01,2031-01-01
CC001194,C06943,Platinum,1018318,220737.25,797580.75,Active,2026-01-15,2031-01-15
CC001195,C05054,Gold,553907,310338.76,243568.24,Active,2024-09-12,2029-09-12
CC001196,C00666,Gold,569438,416680.27,152757.73,Active,2022-08-19,2027-08-19
CC001197,C02900,Gold,127444,49529.87,77914.13,Active,2025-04-22,2030-04-22
CC001198,C04568,Platinum,539162,283539.56,255622.44,Active,2024-01-06,2029-01-06
CC001199,C03106,Platinum,2405806,1167217.91,1238588.09,Active,2022-04-04,2027-04-04
CC001200,C04464,Gold,674379,278687.02,395691.98,Active,2024-03-05,2029-03-05
CC001201,C01597,Platinum,498301,257638.55,240662.45,Active,2022-08-30,2027-08-30
CC001202,C05300,Platinum,516503,54025.27,462477.73,Expired,2022-06-20,2027-06-20
CC001203,C06808,Silver,112550,12964.74,99585.26,Active,2026-02-24,2031-02-24
CC001204,C00585,Platinum,489362,363781.17,125580.83,Active,2021-08-01,2026-08-01
CC001205,C06951,Silver,179844,37461.57,142382.43,Active,2026-04-01,2031-04-01
CC001206,C07946,Silver,66282,18922.96,47359.04,Active,2026-07-08,2031-07-08
CC001207,C01106,Gold,468691,312969.34,155721.66,Active,2022-07-28,2027-07-28
CC001208,C05349,Gold,427999,262785.47,165213.53,Active,2024-11-17,2029-11-17
CC001209,C03594,Platinum,381301,168456.3,212844.7,Active,2022-10-05,2027-10-05
CC001210,C05922,Platinum,299996,154996.49,144999.51,Active,2023-04-22,2028-04-22
CC001211,C04258,Platinum,600080,92972.9,507107.1,Active,2021-01-27,2026-01-27
CC001212,C00579,Platinum,564831,404336.96,160494.04,Active,2024-06-08,2029-06-08
CC001213,C02306,Platinum,326395,231365.28,95029.72,Active,2021-10-18,2026-10-18
CC001214,C02614,Platinum,211989,115262.87,96726.13,Active,2026-07-15,2031-07-15
CC001215,C00306,Gold,749855,96602.0,653253.0,Active,2021-03-19,2026-03-19
CC001216,C04401,Gold,726806,427680.31,299125.69,Active,2024-04-04,2029-04-04
CC001217,C07540,Platinum,611967,477167.91,134799.09,Active,2022-03-30,2027-03-30
CC001218,C01086,Gold,294458,75222.22,219235.78,Active,2022-06-27,2027-06-27
CC001219,C00956,Platinum,1077220,361210.96,716009.04,Active,2025-03-09,2030-03-09
CC001220,C03301,Platinum,774779,293977.43,480801.57,Active,2020-07-03,2025-07-03
CC001221,C07091,Gold,336708,213278.61,123429.39,Active,2022-04-02,2027-04-02
CC001222,C06553,Platinum,1629043,906682.83,722360.17,Active,2025-06-13,2030-06-13
CC001223,C02116,Platinum,749713,204200.9,545512.1,Active,2024-05-20,2029-05-20
CC001224,C07574,Platinum,539121,312321.73,226799.27,Active,2025-12-14,2030-12-14
CC001225,C03265,Silver,138418,54879.75,83538.25,Active,2025-08-26,2030-08-26
CC001226,C00518,Silver,185681,103756.11,81924.89,Active,2022-03-24,2027-03-24
CC001227,C02376,Gold,566704,301120.83,265583.17,Expired,2021-08-21,2026-08-21
CC001228,C04067,Silver,68225,27857.93,40367.07,Active,2023-05-11,2028-05-11
CC001229,C04504,Silver,127994,26775.56,101218.44,Active,2021-06-24,2026-06-24
CC001230,C00278,Gold,257187,69474.91,187712.09,Active,2025-02-07,2030-02-07
CC001231,C02147,Gold,501659,54988.5,446670.5,Active,2026-04-27,2031-04-27
CC001232,C01640,Gold,671923,288814.82,383108.18,Active,2023-12-03,2028-12-03
CC001233,C00875,Platinum,422167,102443.44,319723.56,Active,2024-11-19,2029-11-19
CC001234,C01307,Gold,706489,378769.52,327719.48,Expired,2025-02-10,2030-02-10
CC001235,C03374,Silver,34820,12661.41,22158.59,Active,2026-04-10,2031-04-10
CC001236,C08335,Gold,467865,102567.12,365297.88,Active,2022-10-31,2027-10-31
CC001237,C05114,Platinum,484459,66448.24,418010.76,Active,2021-11-21,2026-11-21
CC001238,C08334,Silver,131880,74150.98,57729.02,Active,2026-06-03,2031-06-03
CC001239,C04894,Platinum,577717,407289.09,170427.91,Active,2025-11-19,2030-11-19
CC001240,C04444,Platinum,605298,158477.93,446820.07,Active,2023-11-29,2028-11-29
CC001241,C07573,Gold,56110,41112.38,14997.62,Active,2025-09-22,2030-09-22
CC001242,C06305,Silver,53074,12233.14,40840.86,Active,2026-04-17,2031-04-17
CC001243,C01418,Gold,222532,28445.53,194086.47,Active,2022-09-26,2027-09-26
CC001244,C09466,Platinum,1827463,685992.83,1141470.17,Active,2026-07-08,2031-07-08
CC001245,C08887,Platinum,1538015,536405.33,1001609.67,Active,2022-12-11,2027-12-11
CC001246,C03835,Platinum,1851200,542614.11,1308585.89,Active,2021-09-10,2026-09-10
CC001247,C00074,Gold,605977,438291.93,167685.07,Active,2025-12-21,2030-12-21
CC001248,C02331,Silver,175474,134129.08,41344.92,Active,2026-05-31,2031-05-31
CC001249,C08527,Platinum,1623859,909121.08,714737.92,Active,2021-03-14,2026-03-14
CC001250,C02203,Gold,438475,171940.66,266534.34,Active,2024-09-18,2029-09-18
CC001251,C07602,Platinum,1455114,1072149.5,382964.5,Active,2026-01-30,2031-01-30
CC001252,C07622,Gold,416800,232045.42,184754.58,Active,2024-12-24,2029-12-24
CC001253,C00122,Platinum,412137,290066.7,122070.3,Active,2024-12-17,2029-12-17
CC001254,C04720,Platinum,749249,551967.17,197281.83,Active,2024-03-05,2029-03-05
CC001255,C01204,Platinum,2414911,486862.18,1928048.82,Active,2025-01-22,2030-01-22
CC001256,C05705,Platinum,532918,78589.33,454328.67,Active,2023-05-11,2028-05-11
CC001257,C04825,Platinum,1186159,382320.77,803838.23,Active,2024-01-30,2029-01-30
CC001258,C01101,Platinum,2405233,777085.59,1628147.41,Expired,2026-02-04,2031-02-04
CC001259,C09420,Platinum,1436167,588976.6,847190.4,Active,2023-08-09,2028-08-09
CC001260,C00191,Platinum,487096,100521.97,386574.03,Active,2022-05-23,2027-05-23
CC001261,C02656,Gold,227470,144150.75,83319.25,Active,2026-01-09,2031-01-09
CC001262,C06327,Gold,794587,420061.13,374525.87,Active,2024-01-17,2029-01-17
CC001263,C00766,Platinum,854703,300413.52,554289.48,Active,2026-07-22,2031-07-22
CC001264,C07572,Silver,161681,111931.23,49749.77,Active,2023-01-01,2028-01-01
CC001265,C03858,Platinum,1185826,825916.67,359909.33,Active,2024-07-27,2029-07-27
CC001266,C01486,Gold,402647,104040.42,298606.58,Active,2025-06-22,2030-06-22
CC001267,C05663,Platinum,1365934,1045128.87,320805.13,Active,2025-07-02,2030-07-02
CC001268,C00551,Platinum,412686,260175.25,152510.75,Active,2026-06-27,2031-06-27
CC001269,C01843,Platinum,1721247,1216904.94,504342.06,Active,2025-11-13,2030-11-13
CC001270,C01768,Silver,149942,108154.79,41787.21,Active,2025-09-07,2030-09-07
CC001271,C02051,Platinum,598851,361790.23,237060.77,Active,2025-04-17,2030-04-17
CC001272,C00742,Platinum,1999433,1031035.74,968397.26,Active,2024-09-26,2029-09-26
CC001273,C05785,Platinum,240382,111646.47,128735.53,Active,2025-12-08,2030-12-08
CC001274,C01605,Platinum,244476,174664.89,69811.11,Active,2024-01-02,2029-01-02
CC001275,C08964,Gold,241158,118261.63,122896.37,Active,2022-01-25,2027-01-25
CC001276,C04089,Platinum,251690,58617.4,193072.6,Active,2025-03-30,2030-03-30
CC001277,C05178,Platinum,499803,211388.19,288414.81,Active,2022-06-16,2027-06-16
CC001278,C02314,Platinum,257196,149936.8,107259.2,Active,2025-03-30,2030-03-30
CC001279,C01064,Gold,673639,110011.02,563627.98,Active,2025-10-21,2030-10-21
CC001280,C06871,Gold,772949,150504.51,622444.49,Active,2026-03-17,2031-03-17
CC001281,C00780,Gold,387567,161838.88,225728.12,Active,2025-08-04,2030-08-04
CC001282,C03611,Platinum,676769,110398.46,566370.54,Active,2026-04-24,2031-04-24
CC001283,C08018,Platinum,371960,224240.66,147719.34,Active,2022-09-09,2027-09-09
CC001284,C04968,Platinum,1742456,947635.9,794820.1,Active,2024-02-10,2029-02-10
CC001285,C02373,Platinum,736521,389215.09,347305.91,Active,2026-04-06,2031-04-06
CC001286,C07023,Gold,246038,156918.66,89119.34,Active,2025-10-18,2030-10-18
CC001287,C00950,Gold,357380,76295.94,281084.06,Active,2025-06-16,2030-06-16
CC001288,C04494,Gold,43450,17106.58,26343.42,Active,2026-07-06,2031-07-06
CC001289,C08235,Platinum,667935,201814.14,466120.86,Active,2025-09-07,2030-09-07
CC001290,C04499,Platinum,412705,42291.13,370413.87,Active,2025-10-21,2030-10-21
CC001291,C05856,Silver,160450,112120.49,48329.51,Active,2025-10-20,2030-10-20
CC001292,C04245,Gold,717437,191207.61,526229.39,Active,2025-01-11,2030-01-11
CC001293,C08499,Platinum,1660149,679520.16,980628.84,Active,2026-07-22,2031-07-22
CC001294,C08184,Gold,773929,228060.67,545868.33,Active,2024-11-04,2029-11-04
CC001295,C05476,Platinum,1235447,165850.31,1069596.69,Active,2026-06-04,2031-06-04
CC001296,C03834,Silver,39626,7995.02,31630.98,Active,2026-06-04,2031-06-04
CC001297,C07148,Gold,512938,170181.42,342756.58,Active,2026-01-20,2031-01-20
CC001298,C02786,Gold,386906,82385.7,304520.3,Active,2025-05-24,2030-05-24
CC001299,C04361,Platinum,789485,176997.4,612487.6,Active,2019-08-15,2024-08-15
CC001300,C00961,Gold,237581,39245.63,198335.37,Active,2026-08-05,2031-08-05
CC001301,C04584,Gold,597346,402721.9,194624.1,Active,2021-09-07,2026-09-07
CC001302,C03487,Platinum,268079,81759.51,186319.49,Active,2025-12-09,2030-12-09
CC001303,C04973,Platinum,1375497,454527.44,920969.56,Active,2025-12-19,2030-12-19
CC001304,C07282,Gold,419205,221523.69,197681.31,Active,2019-03-14,2024-03-14
CC001305,C02159,Gold,194882,91645.72,103236.28,Active,2026-07-08,2031-07-08
CC001306,C01570,Gold,188538,142105.65,46432.35,Expired,2025-08-18,2030-08-18
CC001307,C01838,Silver,189604,131482.52,58121.48,Active,2022-03-22,2027-03-22
CC001308,C08886,Gold,571042,427695.47,143346.53,Active,2021-04-05,2026-04-05
CC001309,C01288,Gold,721919,321075.73,400843.27,Active,2026-06-08,2031-06-08
CC001310,C07641,Platinum,504598,396351.82,108246.18,Active,2025-02-06,2030-02-06
CC001311,C00944,Gold,323654,199444.61,124209.39,Active,2025-08-03,2030-08-03
CC001312,C09439,Platinum,634773,247452.8,387320.2,Active,2024-02-21,2029-02-21
CC001313,C04699,Platinum,2136941,531321.65,1605619.35,Active,2021-05-24,2026-05-24
CC001314,C00432,Platinum,466776,304868.61,161907.39,Active,2026-05-05,2031-05-05
CC001315,C08000,Platinum,1479317,942210.76,537106.24,Active,2022-01-30,2027-01-30
CC001316,C05574,Gold,615287,373526.99,241760.01,Active,2025-11-23,2030-11-23
CC001317,C02348,Silver,76040,17931.06,58108.94,Active,2024-12-16,2029-12-16
CC001318,C08736,Gold,155595,115344.77,40250.23,Active,2025-10-20,2030-10-20
CC001319,C06028,Platinum,1809769,377826.2,1431942.8,Active,2026-05-24,2031-05-24
CC001320,C01973,Gold,117846,49934.77,67911.23,Active,2026-04-30,2031-04-30
CC001321,C03904,Platinum,258743,177128.73,81614.27,Active,2021-11-22,2026-11-22
CC001322,C00698,Platinum,530828,259375.32,271452.68,Active,2023-12-08,2028-12-08
CC001323,C04093,Gold,547832,361390.93,186441.07,Active,2026-02-17,2031-02-17
CC001324,C05356,Gold,356557,105655.69,250901.31,Active,2025-02-09,2030-02-09
CC001325,C05152,Platinum,760226,524315.74,235910.26,Active,2026-01-28,2031-01-28
CC001326,C07482,Gold,322520,227446.13,95073.87,Active,2025-05-13,2030-05-13
CC001327,C03743,Platinum,529776,316216.94,213559.06,Active,2022-03-14,2027-03-14
CC001328,C03587,Gold,449185,161755.34,287429.66,Active,2023-01-15,2028-01-15
CC001329,C01315,Gold,750607,233906.26,516700.74,Active,2026-02-05,2031-02-05
CC001330,C09212,Platinum,411915,304548.4,107366.6,Active,2020-09-30,2025-09-30
CC001331,C02211,Platinum,1812218,1329205.83,483012.17,Active,2022-01-31,2027-01-31
CC001332,C00505,Platinum,1813914,1111400.97,702513.03,Active,2024-03-31,2029-03-31
CC001333,C08610,Platinum,1100511,702827.02,397683.98,Active,2025-02-04,2030-02-04
CC001334,C02935,Platinum,741218,425238.32,315979.68,Active,2026-07-11,2031-07-11
CC001335,C07115,Platinum,681682,253116.54,428565.46,Active,2024-10-15,2029-10-15
CC001336,C08358,Gold,526087,395952.09,130134.91,Active,2025-04-02,2030-04-02
CC001337,C06078,Gold,291305,97092.78,194212.22,Active,2026-01-21,2031-01-21
CC001338,C09317,Gold,527659,61069.24,466589.76,Active,2025-02-25,2030-02-25
CC001339,C03966,Silver,85009,27595.3,57413.7,Active,2026-07-23,2031-07-23
CC001340,C02223,Gold,534652,342685.72,191966.28,Active,2025-06-13,2030-06-13
CC001341,C07192,Silver,71286,20783.14,50502.86,Active,2025-10-26,2030-10-26
CC001342,C02818,Platinum,739031,126864.06,612166.94,Active,2025-10-19,2030-10-19
CC001343,C08058,Platinum,1368437,272441.82,1095995.18,Active,2025-02-01,2030-02-01
CC001344,C02839,Gold,456717,100428.64,356288.36,Active,2025-05-26,2030-05-26
CC001345,C05693,Gold,171709,70495.7,101213.3,Active,2024-08-09,2029-08-09
CC001346,C02112,Gold,252906,44043.29,208862.71,Active,2022-12-12,2027-12-12
CC001347,C01058,Platinum,1175354,697307.34,478046.66,Active,2024-11-22,2029-11-22
CC001348,C01439,Platinum,667493,354719.62,312773.38,Active,2024-04-01,2029-04-01
CC001349,C02424,Platinum,2295056,1447909.02,847146.98,Active,2024-10-26,2029-10-26
CC001350,C05586,Gold,688316,342404.52,345911.48,Active,2023-12-30,2028-12-30
CC001351,C08148,Platinum,2265069,968980.97,1296088.03,Active,2026-04-13,2031-04-13
CC001352,C01562,Platinum,2289430,1457326.24,832103.76,Active,2025-05-23,2030-05-23
CC001353,C06324,Platinum,350703,246462.63,104240.37,Active,2025-03-29,2030-03-29
CC001354,C06886,Platinum,1622244,370434.79,1251809.21,Active,2024-08-16,2029-08-16
CC001355,C07631,Platinum,1481073,618049.02,863023.98,Active,2025-01-20,2030-01-20
CC001356,C02615,Platinum,1537024,668692.22,868331.78,Active,2025-09-11,2030-09-11
CC001357,C06708,Gold,565549,295843.3,269705.7,Active,2025-09-02,2030-09-02
CC001358,C03423,Gold,312178,102428.35,209749.65,Active,2024-03-03,2029-03-03
CC001359,C00464,Platinum,758624,320657.01,437966.99,Active,2024-12-13,2029-12-13
CC001360,C02394,Gold,455528,220277.08,235250.92,Expired,2026-06-07,2031-06-07
CC001361,C09041,Gold,557264,136956.94,420307.06,Active,2020-07-02,2025-07-02
CC001362,C01662,Gold,656501,326312.4,330188.6,Active,2026-07-19,2031-07-19
CC001363,C01527,Platinum,381493,215096.66,166396.34,Active,2022-10-06,2027-10-06
CC001364,C07679,Platinum,710268,127866.71,582401.29,Active,2023-12-31,2028-12-31
CC001365,C04750,Platinum,1004795,678654.76,326140.24,Active,2024-01-22,2029-01-22
CC001366,C09585,Platinum,272988,141621.1,131366.9,Active,2025-09-09,2030-09-09
CC001367,C04259,Gold,597316,196627.93,400688.07,Active,2025-03-09,2030-03-09
CC001368,C03893,Gold,428182,287705.55,140476.45,Active,2024-06-24,2029-06-24
CC001369,C04758,Platinum,200193,126112.46,74080.54,Active,2026-06-29,2031-06-29
CC001370,C02236,Gold,505663,188606.16,317056.84,Active,2021-04-18,2026-04-18
CC001371,C09455,Platinum,2229244,1592121.04,637122.96,Active,2022-08-18,2027-08-18
CC001372,C05412,Platinum,519343,385846.47,133496.53,Active,2026-06-06,2031-06-06
CC001373,C07498,Gold,120246,95379.43,24866.57,Active,2025-09-26,2030-09-26
CC001374,C05482,Platinum,735218,281543.05,453674.95,Active,2026-05-14,2031-05-14
CC001375,C06104,Silver,126789,92651.44,34137.56,Blocked,2022-06-20,2027-06-20
CC001376,C06075,Gold,787234,531010.82,256223.18,Active,2024-04-25,2029-04-25
CC001377,C06180,Platinum,865399,229044.13,636354.87,Active,2025-07-30,2030-07-30
CC001378,C02594,Silver,113395,67837.6,45557.4,Active,2023-03-26,2028-03-26
CC001379,C04653,Silver,85369,48126.03,37242.97,Active,2025-07-03,2030-07-03
CC001380,C04186,Platinum,1606554,1109051.41,497502.59,Active,2025-03-23,2030-03-23
CC001381,C06127,Gold,502483,401091.59,101391.41,Active,2025-03-10,2030-03-10
CC001382,C01920,Platinum,950462,526434.74,424027.26,Active,2026-02-27,2031-02-27
CC001383,C04850,Platinum,2179772,884365.28,1295406.72,Expired,2025-03-21,2030-03-21
CC001384,C03982,Platinum,2146880,1425869.95,721010.05,Active,2025-09-23,2030-09-23
CC001385,C02636,Platinum,646383,346638.36,299744.64,Active,2025-08-19,2030-08-19
CC001386,C07243,Gold,671907,248135.46,423771.54,Active,2026-02-23,2031-02-23
CC001387,C04333,Gold,207790,104841.89,102948.11,Active,2025-05-26,2030-05-26
CC001388,C01472,Gold,726100,209461.93,516638.07,Active,2026-01-09,2031-01-09
CC001389,C06172,Gold,235087,184487.68,50599.32,Active,2020-09-27,2025-09-27
CC001390,C01896,Platinum,1037322,525080.1,512241.9,Blocked,2026-07-26,2031-07-26
CC001391,C06046,Gold,751978,592938.69,159039.31,Expired,2026-07-14,2031-07-14
CC001392,C05346,Platinum,687521,317541.67,369979.33,Active,2024-03-03,2029-03-03
CC001393,C05713,Platinum,457143,196898.85,260244.15,Active,2024-02-06,2029-02-06
CC001394,C05594,Platinum,281874,163163.28,118710.72,Active,2022-10-12,2027-10-12
CC001395,C04516,Platinum,2085636,285611.15,1800024.85,Active,2026-04-10,2031-04-10
CC001396,C00681,Platinum,691644,288985.7,402658.3,Active,2021-12-09,2026-12-09
CC001397,C06520,Gold,547617,216150.6,331466.4,Blocked,2023-07-06,2028-07-06
CC001398,C07041,Platinum,503257,109335.46,393921.54,Active,2026-01-02,2031-01-02
CC001399,C04057,Gold,518841,315912.01,202928.99,Active,2025-09-10,2030-09-10
CC001400,C02059,Gold,696144,351343.01,344800.99,Active,2025-11-14,2030-11-14
CC001401,C00210,Platinum,505925,337060.92,168864.08,Active,2023-07-31,2028-07-31
CC001402,C06659,Platinum,973036,183684.81,789351.19,Active,2025-03-31,2030-03-31
CC001403,C05217,Gold,96073,18520.68,77552.32,Active,2026-06-10,2031-06-10
CC001404,C09248,Platinum,214892,133018.24,81873.76,Active,2026-04-29,2031-04-29
CC001405,C06788,Platinum,358477,201252.2,157224.8,Active,2025-06-10,2030-06-10
CC001406,C02665,Gold,447669,196724.99,250944.01,Active,2025-12-25,2030-12-25
CC001407,C03637,Platinum,559502,441363.24,118138.76,Blocked,2026-07-28,2031-07-28
CC001408,C02478,Gold,361638,248202.99,113435.01,Active,2020-03-13,2025-03-13
CC001409,C09987,Gold,601779,160412.14,441366.86,Active,2023-03-10,2028-03-10
CC001410,C06379,Platinum,1242198,626602.16,615595.84,Active,2026-02-11,2031-02-11
CC001411,C04290,Platinum,1354477,851747.63,502729.37,Active,2021-05-27,2026-05-27
CC001412,C03454,Gold,618114,267867.34,350246.66,Active,2024-09-12,2029-09-12
CC001413,C05342,Platinum,758388,199882.95,558505.05,Active,2025-08-31,2030-08-31
CC001414,C08314,Silver,98845,19927.63,78917.37,Active,2020-12-08,2025-12-08
CC001415,C07594,Silver,147655,54248.87,93406.13,Active,2026-05-11,2031-05-11
CC001416,C01303,Platinum,886020,148988.71,737031.29,Active,2025-05-29,2030-05-29
CC001417,C00392,Gold,652760,344226.39,308533.61,Active,2024-06-02,2029-06-02
CC001418,C05450,Gold,483457,138733.53,344723.47,Active,2025-03-22,2030-03-22
CC001419,C08940,Platinum,610154,257958.48,352195.52,Active,2026-07-01,2031-07-01
CC001420,C07695,Gold,404394,187625.32,216768.68,Active,2024-01-02,2029-01-02
CC001421,C07657,Platinum,528487,255432.98,273054.02,Active,2023-02-12,2028-02-12
CC001422,C08686,Gold,33135,12852.21,20282.79,Active,2025-10-21,2030-10-21
CC001423,C03739,Silver,122147,30975.43,91171.57,Active,2026-06-14,2031-06-14
CC001424,C01119,Gold,224851,119975.56,104875.44,Active,2026-04-07,2031-04-07
CC001425,C08400,Silver,86839,66461.56,20377.44,Active,2021-03-12,2026-03-12
CC001426,C05842,Gold,61451,9861.07,51589.93,Active,2026-02-05,2031-02-05
CC001427,C00393,Platinum,2401925,1753232.43,648692.57,Active,2020-07-24,2025-07-24
CC001428,C01518,Platinum,316229,185613.0,130616.0,Active,2025-06-15,2030-06-15
CC001429,C09126,Gold,279392,152868.31,126523.69,Active,2023-03-08,2028-03-08
CC001430,C09999,Silver,141931,82966.48,58964.52,Active,2022-08-31,2027-08-31
CC001431,C07027,Platinum,469836,100251.83,369584.17,Active,2025-05-17,2030-05-17
CC001432,C09092,Gold,130348,48491.19,81856.81,Expired,2026-03-23,2031-03-23
CC001433,C06292,Gold,477521,107227.65,370293.35,Active,2021-04-17,2026-04-17
CC001434,C03228,Platinum,410416,216375.96,194040.04,Active,2026-06-10,2031-06-10
CC001435,C01419,Silver,67715,32397.73,35317.27,Active,2026-06-15,2031-06-15
CC001436,C02133,Platinum,311410,230077.95,81332.05,Active,2019-03-16,2024-03-16
CC001437,C05512,Gold,276461,41272.48,235188.52,Active,2025-10-11,2030-10-11
CC001438,C03549,Gold,34919,25405.62,9513.38,Active,2024-05-06,2029-05-06
CC001439,C00837,Platinum,879347,497028.1,382318.9,Active,2026-02-27,2031-02-27
CC001440,C01803,Platinum,610339,306541.65,303797.35,Active,2025-07-04,2030-07-04
CC001441,C09840,Platinum,714514,310597.52,403916.48,Active,2023-09-24,2028-09-24
CC001442,C00253,Platinum,2447064,364783.29,2082280.71,Active,2026-05-25,2031-05-25
CC001443,C06240,Gold,705483,130403.28,575079.72,Active,2025-11-12,2030-11-12
CC001444,C00937,Gold,117409,67778.46,49630.54,Active,2024-02-03,2029-02-03
CC001445,C09764,Platinum,295071,104971.14,190099.86,Active,2026-06-01,2031-06-01
CC001446,C01010,Gold,681966,431218.8,250747.2,Active,2021-01-16,2026-01-16
CC001447,C00112,Platinum,1962819,250321.89,1712497.11,Active,2019-10-11,2024-10-11
CC001448,C00922,Gold,609054,443100.48,165953.52,Active,2022-05-31,2027-05-31
CC001449,C02845,Gold,288984,207967.31,81016.69,Active,2024-02-25,2029-02-25
CC001450,C05180,Gold,237432,55835.67,181596.33,Active,2023-12-01,2028-12-01
CC001451,C06296,Gold,712997,265332.76,447664.24,Active,2026-06-08,2031-06-08
CC001452,C01471,Platinum,723956,342979.97,380976.03,Active,2025-10-21,2030-10-21
CC001453,C09080,Platinum,834431,105079.79,729351.21,Active,2021-11-13,2026-11-13
CC001454,C06498,Platinum,244894,94003.91,150890.09,Active,2025-09-15,2030-09-15
CC001455,C01447,Platinum,1897061,798395.68,1098665.32,Active,2021-09-03,2026-09-03
CC001456,C00241,Platinum,356189,220386.97,135802.03,Active,2021-01-31,2026-01-31
CC001457,C09478,Gold,348468,154101.71,194366.29,Active,2023-05-12,2028-05-12
CC001458,C07864,Platinum,248026,66936.71,181089.29,Active,2026-04-19,2031-04-19
CC001459,C01379,Gold,252384,185064.01,67319.99,Active,2024-02-27,2029-02-27
CC001460,C00682,Silver,190229,41751.95,148477.05,Active,2025-02-15,2030-02-15
CC001461,C03664,Platinum,311496,56046.16,255449.84,Active,2025-01-24,2030-01-24
CC001462,C07123,Platinum,266175,176505.29,89669.71,Active,2021-07-02,2026-07-02
CC001463,C02516,Platinum,621536,203220.18,418315.82,Expired,2022-09-30,2027-09-30
CC001464,C09719,Platinum,1088000,353722.86,734277.14,Blocked,2026-04-16,2031-04-16
CC001465,C01647,Gold,247800,127656.57,120143.43,Active,2026-08-05,2031-08-05
CC001466,C09989,Silver,67024,42244.23,24779.77,Active,2023-02-21,2028-02-21
CC001467,C03464,Gold,373021,151842.99,221178.01,Active,2026-03-03,2031-03-03
CC001468,C08396,Gold,304823,199273.95,105549.05,Active,2022-07-13,2027-07-13
CC001469,C06843,Silver,71354,7916.1,63437.9,Active,2024-07-21,2029-07-21
CC001470,C04753,Gold,388128,290434.58,97693.42,Active,2026-02-26,2031-02-26
CC001471,C06563,Gold,497514,194704.87,302809.13,Active,2020-12-26,2025-12-26
CC001472,C04346,Gold,63264,15456.16,47807.84,Active,2025-07-29,2030-07-29
CC001473,C09581,Gold,632046,169058.17,462987.83,Active,2022-11-04,2027-11-04
CC001474,C07973,Platinum,388744,234039.1,154704.9,Active,2025-07-30,2030-07-30
CC001475,C08017,Gold,515830,177186.31,338643.69,Active,2026-04-23,2031-04-23
CC001476,C09114,Gold,323215,255541.04,67673.96,Expired,2024-11-23,2029-11-23
CC001477,C08403,Platinum,2396201,1894789.92,501411.08,Active,2024-09-14,2029-09-14
CC001478,C04987,Gold,418217,122746.11,295470.89,Active,2021-09-09,2026-09-09
CC001479,C06937,Platinum,2237060,1545019.19,692040.81,Active,2022-04-11,2027-04-11
CC001480,C01174,Gold,367520,209155.57,158364.43,Active,2024-11-14,2029-11-14
CC001481,C05782,Platinum,1397823,344860.86,1052962.14,Active,2026-07-10,2031-07-10
CC001482,C04870,Platinum,675159,87988.23,587170.77,Active,2025-09-10,2030-09-10
CC001483,C06181,Platinum,384431,80973.44,303457.56,Active,2024-11-11,2029-11-11
CC001484,C06368,Gold,274301,199294.88,75006.12,Active,2022-12-13,2027-12-13
CC001485,C08730,Gold,541806,213117.44,328688.56,Active,2026-04-07,2031-04-07
CC001486,C08868,Platinum,441238,284723.25,156514.75,Active,2026-04-26,2031-04-26
CC001487,C07187,Gold,632637,448489.28,184147.72,Active,2024-07-28,2029-07-28
CC001488,C03931,Platinum,1787738,910967.96,876770.04,Active,2024-07-03,2029-07-03
CC001489,C05657,Platinum,1253331,939397.88,313933.12,Active,2024-08-14,2029-08-14
CC001490,C06055,Gold,343030,144216.03,198813.97,Active,2024-09-16,2029-09-16
CC001491,C03697,Gold,482795,116617.98,366177.02,Active,2021-03-11,2026-03-11
CC001492,C04531,Silver,45637,13527.85,32109.15,Active,2026-03-02,2031-03-02
CC001493,C08713,Gold,638539,140377.0,498162.0,Active,2025-08-13,2030-08-13
CC001494,C08498,Gold,188239,39483.45,148755.55,Active,2026-05-25,2031-05-25
CC001495,C00776,Platinum,1156380,583607.65,572772.35,Active,2025-10-12,2030-10-12
CC001496,C05226,Gold,631694,442111.03,189582.97,Active,2022-04-19,2027-04-19
CC001497,C09412,Platinum,696489,477716.45,218772.55,Active,2024-11-13,2029-11-13
CC001498,C09830,Gold,94658,25887.26,68770.74,Active,2026-01-25,2031-01-25
CC001499,C02155,Gold,356206,263460.04,92745.96,Active,2023-07-21,2028-07-21
CC001500,C00590,Silver,41593,5325.61,36267.39,Active,2026-02-18,2031-02-18
CC001501,C01681,Platinum,870507,346451.65,524055.35,Active,2026-07-30,2031-07-30
CC001502,C07402,Platinum,302759,126162.39,176596.61,Active,2026-07-23,2031-07-23
CC001503,C07608,Silver,33256,19461.81,13794.19,Active,2025-08-08,2030-08-08
CC001504,C07200,Silver,123953,38060.18,85892.82,Active,2025-12-26,2030-12-26
CC001505,C03618,Gold,703088,399582.44,303505.56,Active,2025-11-15,2030-11-15
CC001506,C05331,Silver,179521,111859.66,67661.34,Active,2022-03-24,2027-03-24
CC001507,C06073,Gold,345357,245873.23,99483.77,Active,2025-11-30,2030-11-30
CC001508,C01298,Platinum,1576828,849543.95,727284.05,Active,2025-12-13,2030-12-13
CC001509,C02966,Gold,274132,101268.61,172863.39,Active,2023-12-07,2028-12-07
CC001510,C00350,Gold,510997,203444.04,307552.96,Active,2023-01-31,2028-01-31
CC001511,C00686,Platinum,768784,386437.39,382346.61,Active,2025-01-27,2030-01-27
CC001512,C09178,Platinum,552001,339498.58,212502.42,Active,2024-06-13,2029-06-13
CC001513,C08381,Platinum,581671,419724.8,161946.2,Active,2022-10-03,2027-10-03
CC001514,C03829,Gold,242859,86433.47,156425.53,Active,2025-11-11,2030-11-11
CC001515,C06909,Platinum,940521,463235.51,477285.49,Active,2026-02-15,2031-02-15
CC001516,C02792,Platinum,1502398,401204.71,1101193.29,Active,2024-04-30,2029-04-30
CC001517,C08016,Platinum,2377639,1203284.03,1174354.97,Blocked,2025-06-28,2030-06-28
CC001518,C01767,Gold,436388,141531.39,294856.61,Active,2026-06-09,2031-06-09
CC001519,C02897,Silver,140868,41415.44,99452.56,Active,2021-03-25,2026-03-25
CC001520,C07567,Gold,709845,320150.79,389694.21,Active,2021-08-11,2026-08-11
CC001521,C06287,Platinum,1915484,1101050.48,814433.52,Active,2024-03-24,2029-03-24
CC001522,C05251,Gold,586028,386739.04,199288.96,Blocked,2026-02-23,2031-02-23
CC001523,C04313,Platinum,268815,62324.09,206490.91,Active,2025-07-16,2030-07-16
CC001524,C06300,Gold,609660,444175.17,165484.83,Active,2025-07-29,2030-07-29
CC001525,C09628,Platinum,314677,67761.4,246915.6,Active,2025-11-24,2030-11-24
CC001526,C03698,Gold,357808,254936.48,102871.52,Active,2024-02-02,2029-02-02
CC001527,C02008,Platinum,507410,198689.41,308720.59,Active,2025-10-23,2030-10-23
CC001528,C02648,Platinum,1793850,614734.77,1179115.23,Active,2020-07-02,2025-07-02
CC001529,C08832,Platinum,505677,117490.24,388186.76,Active,2020-05-31,2025-05-31
CC001530,C06101,Gold,166215,91629.41,74585.59,Active,2022-05-01,2027-05-01
CC001531,C03556,Gold,542157,238713.83,303443.17,Active,2020-01-07,2025-01-07
CC001532,C03938,Gold,775111,319097.24,456013.76,Active,2023-07-07,2028-07-07
CC001533,C03134,Gold,521383,114816.87,406566.13,Active,2024-09-27,2029-09-27
CC001534,C07786,Platinum,1404286,897092.75,507193.25,Active,2025-09-15,2030-09-15
CC001535,C02503,Gold,678073,521675.26,156397.74,Active,2023-04-21,2028-04-21
CC001536,C06675,Gold,761320,228146.75,533173.25,Expired,2024-11-23,2029-11-23
CC001537,C04737,Platinum,360940,76836.29,284103.71,Active,2025-12-23,2030-12-23
CC001538,C02145,Platinum,332617,135914.64,196702.36,Active,2024-02-09,2029-02-09
CC001539,C00883,Gold,236374,133761.04,102612.96,Expired,2024-01-25,2029-01-25
CC001540,C08359,Platinum,1740423,831759.67,908663.33,Active,2026-03-17,2031-03-17
CC001541,C06080,Platinum,852271,326584.82,525686.18,Active,2024-10-20,2029-10-20
CC001542,C03807,Silver,150072,112474.15,37597.85,Active,2019-08-30,2024-08-30
CC001543,C05641,Platinum,772675,604943.27,167731.73,Active,2025-03-14,2030-03-14
CC001544,C09635,Platinum,1793862,1304468.14,489393.86,Blocked,2024-02-27,2029-02-27
CC001545,C08653,Platinum,354228,233685.39,120542.61,Active,2025-05-07,2030-05-07
CC001546,C06378,Platinum,555136,323312.81,231823.19,Active,2026-03-12,2031-03-12
CC001547,C07767,Platinum,346195,198925.67,147269.33,Active,2025-03-20,2030-03-20
CC001548,C02979,Gold,431069,177678.4,253390.6,Active,2021-05-31,2026-05-31
CC001549,C06962,Gold,404629,205714.2,198914.8,Active,2021-09-21,2026-09-21
CC001550,C01047,Platinum,491427,116468.68,374958.32,Active,2025-06-29,2030-06-29
CC001551,C03111,Platinum,2219904,1265546.06,954357.94,Active,2025-01-11,2030-01-11
CC001552,C04642,Gold,403895,179057.05,224837.95,Active,2024-09-04,2029-09-04
CC001553,C00683,Gold,258770,190432.17,68337.83,Active,2025-05-02,2030-05-02
CC001554,C01284,Gold,648413,232612.31,415800.69,Active,2026-07-09,2031-07-09
CC001555,C00307,Gold,568422,179427.94,388994.06,Active,2025-08-12,2030-08-12
CC001556,C08215,Gold,426172,259750.7,166421.3,Active,2024-12-24,2029-12-24
CC001557,C02677,Platinum,2485450,1018420.73,1467029.27,Active,2026-06-25,2031-06-25
CC001558,C00360,Platinum,644420,393111.58,251308.42,Active,2022-09-01,2027-09-01
CC001559,C02466,Gold,186745,29926.74,156818.26,Active,2023-01-06,2028-01-06
CC001560,C00073,Gold,750818,593631.88,157186.12,Active,2023-08-19,2028-08-19
CC001561,C03574,Platinum,594025,96180.84,497844.16,Active,2026-07-08,2031-07-08
CC001562,C07134,Platinum,634649,141161.87,493487.13,Active,2025-05-24,2030-05-24
CC001563,C09075,Gold,343578,82280.16,261297.84,Active,2025-06-17,2030-06-17
CC001564,C04980,Gold,714416,92561.91,621854.09,Active,2022-08-13,2027-08-13
CC001565,C00126,Platinum,518677,231262.69,287414.31,Active,2024-08-12,2029-08-12
CC001566,C05801,Silver,30641,6367.71,24273.29,Active,2024-11-07,2029-11-07
CC001567,C03888,Platinum,695495,130004.6,565490.4,Active,2024-02-04,2029-02-04
CC001568,C07414,Silver,77021,34222.01,42798.99,Active,2026-07-18,2031-07-18
CC001569,C09992,Silver,61288,38936.44,22351.56,Active,2024-09-06,2029-09-06
CC001570,C09822,Gold,186995,116291.42,70703.58,Active,2024-10-22,2029-10-22
CC001571,C00662,Silver,97609,52669.55,44939.45,Active,2026-02-02,2031-02-02
CC001572,C03732,Platinum,325392,117545.11,207846.89,Active,2026-06-11,2031-06-11
CC001573,C04047,Gold,472144,101035.54,371108.46,Active,2024-08-11,2029-08-11
CC001574,C04287,Gold,342079,119785.74,222293.26,Active,2025-09-02,2030-09-02
CC001575,C01704,Platinum,2134306,1576127.86,558178.14,Active,2025-01-02,2030-01-02
CC001576,C04137,Gold,755338,413368.21,341969.79,Active,2025-04-19,2030-04-19
CC001577,C00424,Gold,392148,249124.79,143023.21,Active,2023-03-03,2028-03-03
CC001578,C02582,Silver,114569,81425.36,33143.64,Active,2024-01-16,2029-01-16
CC001579,C06709,Platinum,515697,149563.1,366133.9,Active,2024-04-04,2029-04-04
CC001580,C06507,Gold,760380,384777.11,375602.89,Active,2024-10-31,2029-10-31
CC001581,C06094,Platinum,1886682,560330.28,1326351.72,Active,2024-02-08,2029-02-08
CC001582,C00859,Silver,72737,12488.4,60248.6,Active,2022-07-14,2027-07-14
CC001583,C00531,Gold,397569,261033.75,136535.25,Active,2020-12-04,2025-12-04
CC001584,C04274,Platinum,751186,520007.63,231178.37,Active,2023-01-13,2028-01-13
CC001585,C03165,Platinum,319502,125290.27,194211.73,Active,2025-09-23,2030-09-23
CC001586,C04719,Gold,337606,251984.67,85621.33,Active,2025-08-15,2030-08-15
CC001587,C01846,Gold,580180,114475.19,465704.81,Active,2022-09-01,2027-09-01
CC001588,C05113,Gold,167133,106048.01,61084.99,Active,2022-12-16,2027-12-16
CC001589,C08848,Gold,37539,23316.3,14222.7,Active,2021-07-15,2026-07-15
CC001590,C06998,Gold,349274,203149.29,146124.71,Active,2019-10-27,2024-10-27
CC001591,C03112,Platinum,964846,383394.63,581451.37,Active,2026-05-30,2031-05-30
CC001592,C04546,Gold,219719,141122.13,78596.87,Active,2023-08-29,2028-08-29
CC001593,C08347,Gold,313054,38491.52,274562.48,Active,2025-06-17,2030-06-17
CC001594,C09724,Gold,691868,126781.73,565086.27,Active,2023-11-25,2028-11-25
CC001595,C02852,Gold,210771,132403.22,78367.78,Active,2026-02-24,2031-02-24
CC001596,C01478,Platinum,415378,212391.96,202986.04,Active,2024-09-23,2029-09-23
CC001597,C01709,Silver,37670,6160.76,31509.24,Active,2026-08-01,2031-08-01
CC001598,C07048,Platinum,2015826,692407.16,1323418.84,Active,2022-02-14,2027-02-14
CC001599,C02277,Silver,190682,51346.04,139335.96,Active,2025-11-25,2030-11-25
CC001600,C04830,Gold,214663,100931.78,113731.22,Active,2025-07-25,2030-07-25
CC001601,C05567,Platinum,380117,277927.18,102189.82,Active,2026-06-04,2031-06-04
CC001602,C00782,Platinum,1006958,752159.83,254798.17,Active,2026-07-17,2031-07-17
CC001603,C07253,Platinum,697775,248773.62,449001.38,Active,2024-09-05,2029-09-05
CC001604,C05287,Platinum,1025075,232275.82,792799.18,Active,2022-10-13,2027-10-13
CC001605,C02336,Gold,424682,195343.4,229338.6,Active,2026-07-04,2031-07-04
CC001606,C07659,Gold,112386,20963.45,91422.55,Active,2022-06-05,2027-06-05
CC001607,C08276,Platinum,2398603,846407.8,1552195.2,Active,2023-07-25,2028-07-25
CC001608,C00104,Platinum,286243,94368.82,191874.18,Active,2024-12-20,2029-12-20
CC001609,C08384,Gold,527162,306245.59,220916.41,Active,2022-08-12,2027-08-12
CC001610,C05105,Gold,627066,190259.68,436806.32,Active,2025-02-27,2030-02-27
CC001611,C06940,Silver,48247,35043.16,13203.84,Active,2020-05-10,2025-05-10
CC001612,C09034,Platinum,585290,131987.63,453302.37,Expired,2021-09-21,2026-09-21
CC001613,C02581,Gold,310280,117117.93,193162.07,Active,2025-04-24,2030-04-24
CC001614,C03950,Platinum,1050017,210378.56,839638.44,Active,2025-11-13,2030-11-13
CC001615,C02706,Gold,306663,189825.17,116837.83,Active,2026-03-26,2031-03-26
CC001616,C00510,Gold,581377,455011.95,126365.05,Active,2023-03-15,2028-03-15
CC001617,C05233,Silver,135981,25283.43,110697.57,Active,2026-06-18,2031-06-18
CC001618,C09790,Platinum,1384095,879415.08,504679.92,Active,2024-09-04,2029-09-04
CC001619,C06439,Silver,198776,151120.95,47655.05,Active,2025-10-27,2030-10-27
CC001620,C08584,Platinum,624089,493820.56,130268.44,Active,2024-07-11,2029-07-11
CC001621,C06229,Platinum,1753438,307948.72,1445489.28,Active,2025-11-29,2030-11-29
CC001622,C03520,Platinum,2117789,1608846.4,508942.6,Active,2025-12-06,2030-12-06
CC001623,C00357,Platinum,271542,121839.38,149702.62,Active,2025-12-13,2030-12-13
CC001624,C07322,Gold,542838,112321.68,430516.32,Active,2019-09-13,2024-09-13
CC001625,C04639,Gold,280234,157703.48,122530.52,Active,2025-09-18,2030-09-18
CC001626,C05374,Gold,688659,166209.38,522449.62,Active,2025-01-28,2030-01-28
CC001627,C08236,Platinum,1348751,647004.86,701746.14,Active,2025-04-11,2030-04-11
CC001628,C09816,Gold,218528,167568.66,50959.34,Active,2023-11-07,2028-11-07
CC001629,C09428,Platinum,1049842,386909.73,662932.27,Active,2025-04-14,2030-04-14
CC001630,C04077,Gold,681984,85375.38,596608.62,Active,2025-09-10,2030-09-10
CC001631,C01442,Platinum,517765,372423.27,145341.73,Active,2025-08-12,2030-08-12
CC001632,C02318,Gold,527637,317113.13,210523.87,Active,2025-12-14,2030-12-14
CC001633,C03619,Gold,714382,401521.98,312860.02,Active,2024-07-10,2029-07-10
CC001634,C07153,Platinum,1798057,887482.79,910574.21,Active,2025-07-03,2030-07-03
CC001635,C03122,Gold,476185,212513.65,263671.35,Expired,2023-01-24,2028-01-24
CC001636,C08044,Platinum,569899,362757.55,207141.45,Active,2025-02-27,2030-02-27
CC001637,C07560,Gold,247310,46924.26,200385.74,Active,2025-10-05,2030-10-05
CC001638,C07765,Gold,183083,21755.73,161327.27,Active,2025-08-12,2030-08-12
CC001639,C00537,Gold,302078,120741.7,181336.3,Expired,2022-12-09,2027-12-09
CC001640,C08501,Platinum,918382,516927.84,401454.16,Active,2025-04-24,2030-04-24
CC001641,C01619,Platinum,289067,213121.1,75945.9,Active,2025-12-27,2030-12-27
CC001642,C09370,Platinum,1507986,330015.9,1177970.1,Active,2022-10-17,2027-10-17
CC001643,C05581,Gold,642995,319976.55,323018.45,Active,2024-04-05,2029-04-05
CC001644,C06347,Gold,692516,354285.97,338230.03,Expired,2026-07-09,2031-07-09
CC001645,C08955,Gold,609260,198432.91,410827.09,Active,2025-06-25,2030-06-25
CC001646,C07689,Gold,415910,139403.56,276506.44,Active,2025-05-18,2030-05-18
CC001647,C08107,Platinum,1512065,327572.33,1184492.67,Active,2024-01-04,2029-01-04
CC001648,C07705,Platinum,411559,184323.36,227235.64,Active,2026-07-31,2031-07-31
CC001649,C05552,Platinum,761862,190355.85,571506.15,Active,2024-12-21,2029-12-21
CC001650,C02146,Platinum,2002760,763891.01,1238868.99,Active,2022-10-29,2027-10-29
CC001651,C04713,Platinum,296424,178564.27,117859.73,Active,2024-02-27,2029-02-27
CC001652,C00458,Silver,101660,14953.05,86706.95,Active,2021-08-13,2026-08-13
CC001653,C04095,Gold,419927,144086.0,275841.0,Active,2025-05-10,2030-05-10
CC001654,C07993,Platinum,729152,483346.62,245805.38,Active,2025-01-25,2030-01-25
CC001655,C07597,Gold,409795,159828.24,249966.76,Active,2025-11-08,2030-11-08
CC001656,C07176,Gold,774160,175285.77,598874.23,Active,2025-04-18,2030-04-18
CC001657,C05510,Platinum,395600,199299.45,196300.55,Active,2024-07-15,2029-07-15
CC001658,C02189,Platinum,689994,198411.34,491582.66,Active,2026-01-30,2031-01-30
CC001659,C02180,Platinum,654793,493874.45,160918.55,Active,2025-09-11,2030-09-11
CC001660,C03104,Gold,410394,145686.7,264707.3,Active,2026-06-15,2031-06-15
CC001661,C09149,Gold,514861,355709.95,159151.05,Active,2025-07-24,2030-07-24
CC001662,C05438,Platinum,267557,145483.92,122073.08,Active,2020-12-03,2025-12-03
CC001663,C02921,Gold,500988,276660.53,224327.47,Active,2026-05-06,2031-05-06
CC001664,C09101,Silver,136395,36409.06,99985.94,Active,2024-05-23,2029-05-23
CC001665,C06216,Gold,525625,223344.26,302280.74,Active,2026-06-18,2031-06-18
CC001666,C04724,Silver,199586,146487.93,53098.07,Active,2020-09-09,2025-09-09
CC001667,C01729,Platinum,861114,241867.8,619246.2,Active,2026-06-07,2031-06-07
CC001668,C01025,Platinum,384533,211879.87,172653.13,Active,2024-04-04,2029-04-04
CC001669,C02329,Platinum,2440463,278056.88,2162406.12,Active,2022-05-02,2027-05-02
CC001670,C02070,Gold,512453,362314.65,150138.35,Active,2025-10-24,2030-10-24
CC001671,C07231,Platinum,1562176,890706.6,671469.4,Active,2023-07-27,2028-07-27
CC001672,C09064,Gold,347388,92137.3,255250.7,Active,2025-05-03,2030-05-03
CC001673,C03669,Platinum,1053005,490037.24,562967.76,Active,2022-09-13,2027-09-13
CC001674,C08365,Platinum,750775,207413.34,543361.66,Active,2024-11-06,2029-11-06
CC001675,C05989,Gold,328216,210463.13,117752.87,Active,2026-07-11,2031-07-11
CC001676,C08481,Platinum,608892,404358.56,204533.44,Active,2025-07-03,2030-07-03
CC001677,C07190,Platinum,428598,86145.86,342452.14,Active,2026-02-19,2031-02-19
CC001678,C05062,Platinum,660823,254987.07,405835.93,Active,2020-12-31,2025-12-31
CC001679,C04755,Platinum,1918767,695156.79,1223610.21,Blocked,2023-11-06,2028-11-06
CC001680,C05749,Gold,644366,278622.5,365743.5,Active,2019-06-16,2024-06-16
CC001681,C08637,Gold,351950,124625.01,227324.99,Active,2022-06-26,2027-06-26
CC001682,C03864,Platinum,222097,122548.31,99548.69,Active,2024-05-22,2029-05-22
CC001683,C01154,Gold,257328,150145.15,107182.85,Active,2026-04-21,2031-04-21
CC001684,C00390,Silver,174894,64585.41,110308.59,Active,2024-10-20,2029-10-20
CC001685,C03733,Platinum,327982,155606.96,172375.04,Active,2022-07-07,2027-07-07
CC001686,C05649,Gold,208248,153448.03,54799.97,Active,2022-12-23,2027-12-23
CC001687,C08456,Platinum,467946,145354.18,322591.82,Active,2023-01-22,2028-01-22
CC001688,C04833,Platinum,511870,126570.37,385299.63,Active,2025-09-03,2030-09-03
CC001689,C03397,Platinum,532591,381136.54,151454.46,Active,2022-12-30,2027-12-30
CC001690,C03097,Gold,235527,68732.8,166794.2,Active,2026-04-17,2031-04-17
CC001691,C02690,Platinum,1831152,786963.02,1044188.98,Active,2024-03-18,2029-03-18
CC001692,C03762,Platinum,2304467,911776.66,1392690.34,Active,2026-06-24,2031-06-24
CC001693,C00282,Gold,368132,216806.75,151325.25,Active,2019-11-12,2024-11-12
CC001694,C02684,Gold,774334,477338.09,296995.91,Active,2025-04-24,2030-04-24
CC001695,C00136,Gold,254629,139781.38,114847.62,Active,2024-06-24,2029-06-24
CC001696,C05570,Platinum,2144481,418741.13,1725739.87,Active,2023-05-31,2028-05-31
CC001697,C01356,Platinum,528961,266102.58,262858.42,Active,2023-09-25,2028-09-25
CC001698,C03422,Gold,336412,233090.56,103321.44,Active,2025-08-22,2030-08-22
CC001699,C01402,Platinum,534914,222547.19,312366.81,Active,2023-01-31,2028-01-31
CC001700,C02412,Gold,381905,221973.42,159931.58,Active,2024-10-10,2029-10-10
CC001701,C08420,Platinum,1216628,193540.29,1023087.71,Active,2025-12-05,2030-12-05
CC001702,C01817,Gold,595648,453484.7,142163.3,Active,2022-04-27,2027-04-27
CC001703,C06941,Gold,224085,167207.44,56877.56,Active,2026-03-21,2031-03-21
CC001704,C05053,Silver,53324,41693.47,11630.53,Active,2023-09-28,2028-09-28
CC001705,C01953,Platinum,376953,50831.39,326121.61,Active,2020-12-25,2025-12-25
CC001706,C08046,Platinum,1113002,180687.96,932314.04,Active,2025-03-26,2030-03-26
CC001707,C03542,Platinum,323050,35496.87,287553.13,Active,2024-01-01,2029-01-01
CC001708,C05689,Platinum,675747,458886.42,216860.58,Active,2023-07-20,2028-07-20
CC001709,C05987,Silver,83253,19429.66,63823.34,Active,2022-10-12,2027-10-12
CC001710,C01798,Gold,105487,65666.73,39820.27,Active,2022-05-16,2027-05-16
CC001711,C03880,Silver,84160,43768.08,40391.92,Expired,2023-12-27,2028-12-27
CC001712,C06765,Gold,398561,156567.39,241993.61,Active,2024-04-01,2029-04-01
CC001713,C07206,Gold,504289,395004.39,109284.61,Active,2023-12-25,2028-12-25
CC001714,C03168,Gold,460380,165159.68,295220.32,Active,2025-06-23,2030-06-23
CC001715,C04803,Gold,210821,90277.16,120543.84,Active,2023-04-05,2028-04-05
CC001716,C07663,Platinum,616866,358273.75,258592.25,Active,2025-08-09,2030-08-09
CC001717,C09284,Platinum,468672,70834.59,397837.41,Active,2024-07-11,2029-07-11
CC001718,C03262,Gold,446249,191732.09,254516.91,Active,2026-06-12,2031-06-12
CC001719,C05764,Platinum,2206751,1714749.0,492002.0,Active,2026-07-19,2031-07-19
CC001720,C01845,Gold,41930,4350.35,37579.65,Active,2025-11-26,2030-11-26
CC001721,C06359,Silver,133467,76060.63,57406.37,Active,2026-05-02,2031-05-02
CC001722,C02717,Platinum,243122,123102.6,120019.4,Active,2026-07-24,2031-07-24
CC001723,C02729,Gold,555652,397028.76,158623.24,Active,2025-09-17,2030-09-17
CC001724,C02997,Gold,756189,304782.55,451406.45,Active,2024-06-05,2029-06-05
CC001725,C03708,Platinum,1068165,480084.02,588080.98,Expired,2025-12-22,2030-12-22
CC001726,C08871,Gold,578108,432636.33,145471.67,Active,2026-02-03,2031-02-03
CC001727,C05658,Platinum,476570,220118.57,256451.43,Active,2026-07-14,2031-07-14
CC001728,C01876,Gold,715138,453807.12,261330.88,Active,2024-06-20,2029-06-20
CC001729,C00326,Gold,196894,129704.74,67189.26,Active,2026-07-18,2031-07-18
CC001730,C00002,Platinum,1282052,292562.89,989489.11,Active,2024-03-24,2029-03-24
CC001731,C01799,Silver,152456,61821.05,90634.95,Expired,2025-06-02,2030-06-02
CC001732,C06682,Platinum,242773,99309.64,143463.36,Expired,2024-01-31,2029-01-31
CC001733,C05640,Gold,679995,302660.32,377334.68,Active,2025-04-23,2030-04-23
CC001734,C03702,Platinum,1059321,365172.33,694148.67,Active,2025-07-12,2030-07-12
CC001735,C09479,Gold,376470,235277.06,141192.94,Active,2023-10-30,2028-10-30
CC001736,C04241,Gold,422713,214942.45,207770.55,Expired,2023-09-21,2028-09-21
CC001737,C01053,Gold,798514,180782.13,617731.87,Active,2025-03-02,2030-03-02
CC001738,C00018,Silver,160576,92144.28,68431.72,Active,2019-06-16,2024-06-16
CC001739,C04986,Gold,327916,123269.81,204646.19,Active,2026-02-23,2031-02-23
CC001740,C05861,Platinum,539254,111972.23,427281.77,Active,2024-04-14,2029-04-14
CC001741,C04651,Platinum,703164,293809.24,409354.76,Blocked,2022-06-25,2027-06-25
CC001742,C02453,Gold,206087,68132.12,137954.88,Active,2023-12-13,2028-12-13
CC001743,C00010,Platinum,675111,221058.9,454052.1,Active,2025-05-30,2030-05-30
CC001744,C03027,Gold,179201,34142.12,145058.88,Active,2024-08-12,2029-08-12
CC001745,C03217,Platinum,496698,162032.62,334665.38,Active,2019-06-25,2024-06-25
CC001746,C05557,Gold,599917,98857.75,501059.25,Active,2023-12-07,2028-12-07
CC001747,C01305,Gold,618295,100430.78,517864.22,Active,2023-02-10,2028-02-10
CC001748,C05662,Gold,621943,186244.02,435698.98,Active,2022-01-31,2027-01-31
CC001749,C07541,Platinum,326460,100870.48,225589.52,Active,2021-02-05,2026-02-05
CC001750,C04602,Platinum,525164,384742.49,140421.51,Active,2021-12-08,2026-12-08
CC001751,C09209,Platinum,1001560,683501.61,318058.39,Active,2026-06-24,2031-06-24
CC001752,C04812,Gold,606941,263113.65,343827.35,Active,2025-12-30,2030-12-30
CC001753,C06098,Platinum,2386475,944508.2,1441966.8,Active,2023-08-08,2028-08-08
CC001754,C00414,Gold,646711,106748.2,539962.8,Active,2026-04-28,2031-04-28
CC001755,C00149,Platinum,435122,240764.94,194357.06,Active,2025-10-19,2030-10-19
CC001756,C05115,Platinum,1905783,1030441.06,875341.94,Active,2026-05-06,2031-05-06
CC001757,C03560,Silver,144650,22482.69,122167.31,Active,2025-08-18,2030-08-18
CC001758,C01369,Silver,63499,36767.18,26731.82,Active,2026-07-16,2031-07-16
CC001759,C09708,Platinum,1697018,520708.16,1176309.84,Active,2023-04-29,2028-04-29
CC001760,C01706,Gold,247285,113600.3,133684.7,Active,2023-12-21,2028-12-21
CC001761,C07527,Silver,151806,85405.85,66400.15,Active,2025-08-22,2030-08-22
CC001762,C01643,Gold,467240,238244.52,228995.48,Active,2023-10-24,2028-10-24
CC001763,C00778,Silver,151340,34155.4,117184.6,Active,2025-03-29,2030-03-29
CC001764,C01761,Platinum,974672,381463.32,593208.68,Active,2026-03-07,2031-03-07
CC001765,C01908,Gold,677100,426673.2,250426.8,Active,2025-01-31,2030-01-31
CC001766,C09898,Platinum,1515830,1177350.83,338479.17,Active,2020-01-31,2025-01-31
CC001767,C04818,Gold,394078,60985.29,333092.71,Expired,2022-07-13,2027-07-13
CC001768,C07466,Gold,311495,125737.84,185757.16,Active,2024-10-13,2029-10-13
CC001769,C04439,Platinum,827901,182316.01,645584.99,Active,2022-01-16,2027-01-16
CC001770,C08348,Platinum,710365,221605.46,488759.54,Active,2023-09-18,2028-09-18
CC001771,C08260,Platinum,614184,407356.63,206827.37,Active,2024-10-04,2029-10-04
CC001772,C01749,Gold,400070,71347.98,328722.02,Active,2025-11-18,2030-11-18
CC001773,C02637,Platinum,228117,56221.86,171895.14,Active,2026-02-21,2031-02-21
CC001774,C03596,Platinum,656957,452947.41,204009.59,Active,2022-07-19,2027-07-19
CC001775,C01114,Silver,52568,16329.86,36238.14,Active,2024-03-27,2029-03-27
CC001776,C07085,Gold,222876,40456.71,182419.29,Active,2026-01-23,2031-01-23
CC001777,C08879,Platinum,1733790,1343178.92,390611.08,Active,2024-07-07,2029-07-07
CC001778,C04907,Platinum,454415,109485.34,344929.66,Active,2026-02-05,2031-02-05
CC001779,C02638,Platinum,253395,84556.65,168838.35,Active,2024-10-28,2029-10-28
CC001780,C09852,Platinum,652762,512836.5,139925.5,Active,2026-04-15,2031-04-15
CC001781,C06048,Platinum,781230,624451.56,156778.44,Active,2026-07-08,2031-07-08
CC001782,C00239,Silver,164573,84545.67,80027.33,Active,2022-04-26,2027-04-26
CC001783,C05691,Platinum,1823203,478288.23,1344914.77,Active,2025-01-20,2030-01-20
CC001784,C05132,Platinum,2008805,645017.45,1363787.55,Active,2024-11-22,2029-11-22
CC001785,C00506,Platinum,637400,460456.75,176943.25,Active,2026-04-02,2031-04-02
CC001786,C09976,Platinum,563608,233236.64,330371.36,Active,2025-08-06,2030-08-06
CC001787,C05755,Gold,401537,172045.88,229491.12,Active,2022-11-21,2027-11-21
CC001788,C09001,Platinum,2032409,1496562.55,535846.45,Active,2022-03-27,2027-03-27
CC001789,C05850,Platinum,2299881,1287635.98,1012245.02,Active,2026-07-02,2031-07-02
CC001790,C00529,Platinum,2291882,855467.56,1436414.44,Active,2024-10-12,2029-10-12
CC001791,C03600,Platinum,2168392,1331846.41,836545.59,Active,2025-12-20,2030-12-20
CC001792,C09403,Platinum,369896,198001.51,171894.49,Active,2026-05-11,2031-05-11
CC001793,C09564,Platinum,2198918,963176.3,1235741.7,Active,2026-05-25,2031-05-25
CC001794,C06183,Gold,716094,122188.99,593905.01,Active,2026-01-06,2031-01-06
CC001795,C07233,Gold,109600,28967.63,80632.37,Active,2025-02-12,2030-02-12
CC001796,C02802,Platinum,576215,412935.42,163279.58,Active,2020-06-23,2025-06-23
CC001797,C02957,Gold,727935,89083.96,638851.04,Active,2026-05-30,2031-05-30
CC001798,C05794,Platinum,2095123,541973.08,1553149.92,Active,2026-07-06,2031-07-06
CC001799,C08122,Gold,556855,361632.81,195222.19,Active,2023-06-25,2028-06-25
CC001800,C01393,Platinum,784080,225222.17,558857.83,Active,2024-09-09,2029-09-09
CC001801,C07051,Silver,165105,86350.35,78754.65,Active,2025-04-11,2030-04-11
CC001802,C09782,Platinum,1718189,1132786.23,585402.77,Blocked,2023-11-05,2028-11-05
CC001803,C03884,Platinum,311035,201288.38,109746.62,Active,2025-01-11,2030-01-11
CC001804,C08846,Platinum,306816,207569.36,99246.64,Active,2025-03-05,2030-03-05
CC001805,C06648,Silver,195131,35639.03,159491.97,Active,2025-10-29,2030-10-29
CC001806,C06731,Platinum,2327459,708678.89,1618780.11,Active,2025-11-08,2030-11-08
CC001807,C01495,Gold,304117,63258.47,240858.53,Active,2025-10-27,2030-10-27
CC001808,C05208,Platinum,328957,228301.61,100655.39,Active,2023-03-26,2028-03-26
CC001809,C07141,Gold,206907,56221.03,150685.97,Active,2026-05-17,2031-05-17
CC001810,C00756,Silver,162388,35706.4,126681.6,Active,2026-03-14,2031-03-14
CC001811,C03339,Platinum,1670336,588710.57,1081625.43,Active,2022-08-03,2027-08-03
CC001812,C01105,Gold,755378,298529.58,456848.42,Active,2024-08-22,2029-08-22
CC001813,C01522,Platinum,1666982,1237924.24,429057.76,Active,2025-12-15,2030-12-15
CC001814,C09795,Gold,165307,108478.61,56828.39,Active,2026-02-15,2031-02-15
CC001815,C03578,Gold,352656,225384.67,127271.33,Active,2023-05-18,2028-05-18
CC001816,C05928,Platinum,945922,150727.7,795194.3,Active,2021-10-23,2026-10-23
CC001817,C08408,Platinum,372306,150356.0,221950.0,Active,2026-08-02,2031-08-02
CC001818,C06423,Gold,358284,262177.11,96106.89,Active,2026-06-21,2031-06-21
CC001819,C02751,Platinum,745027,581763.87,163263.13,Active,2022-12-04,2027-12-04
CC001820,C06702,Platinum,780502,555313.48,225188.52,Active,2025-02-15,2030-02-15
CC001821,C07112,Gold,560875,59190.02,501684.98,Active,2025-08-15,2030-08-15
CC001822,C06878,Silver,68498,40427.97,28070.03,Active,2024-04-01,2029-04-01
CC001823,C02426,Silver,172717,92757.97,79959.03,Active,2026-06-26,2031-06-26
CC001824,C02558,Platinum,1524043,1099402.6,424640.4,Active,2024-04-26,2029-04-26
CC001825,C06829,Gold,406879,291602.97,115276.03,Active,2022-12-19,2027-12-19
CC001826,C02119,Gold,608937,369971.29,238965.71,Active,2025-10-04,2030-10-04
CC001827,C01452,Gold,767059,229158.49,537900.51,Active,2026-08-01,2031-08-01
CC001828,C06023,Silver,166665,56415.47,110249.53,Active,2025-06-10,2030-06-10
CC001829,C04966,Gold,766160,394382.79,371777.21,Active,2020-04-08,2025-04-08
CC001830,C07870,Platinum,643281,508750.54,134530.46,Active,2025-10-04,2030-10-04
CC001831,C06872,Gold,591096,166588.3,424507.7,Active,2025-05-11,2030-05-11
CC001832,C08222,Gold,330809,136993.24,193815.76,Active,2022-12-19,2027-12-19
CC001833,C06416,Gold,555446,437727.77,117718.23,Active,2024-07-16,2029-07-16
CC001834,C04555,Platinum,793071,476043.23,317027.77,Active,2022-07-01,2027-07-01
CC001835,C05499,Platinum,445196,153697.68,291498.32,Active,2021-12-18,2026-12-18
CC001836,C06672,Platinum,2299158,1151731.05,1147426.95,Active,2023-11-05,2028-11-05
CC001837,C08169,Gold,459662,79824.37,379837.63,Active,2022-08-31,2027-08-31
CC001838,C05809,Gold,578816,241954.76,336861.24,Active,2026-07-25,2031-07-25
CC001839,C08755,Gold,632068,99464.13,532603.87,Active,2024-07-30,2029-07-30
CC001840,C02210,Platinum,699387,175090.89,524296.11,Active,2024-09-28,2029-09-28
CC001841,C03125,Platinum,622317,318481.69,303835.31,Active,2025-01-02,2030-01-02
CC001842,C03241,Gold,476502,242545.54,233956.46,Active,2020-09-08,2025-09-08
CC001843,C07283,Gold,158330,96929.92,61400.08,Active,2023-02-04,2028-02-04
CC001844,C01136,Platinum,1860709,351649.41,1509059.59,Active,2025-07-30,2030-07-30
CC001845,C01794,Gold,738113,519845.72,218267.28,Active,2026-02-28,2031-02-28
CC001846,C09383,Gold,696349,85529.19,610819.81,Active,2019-12-21,2024-12-21
CC001847,C04309,Gold,324535,169121.73,155413.27,Active,2026-04-15,2031-04-15
CC001848,C02482,Gold,799538,242030.87,557507.13,Active,2025-04-22,2030-04-22
CC001849,C07525,Silver,109934,87256.16,22677.84,Active,2023-10-15,2028-10-15
CC001850,C08081,Gold,349809,69786.15,280022.85,Active,2026-04-04,2031-04-04
CC001851,C05176,Platinum,1439975,1040151.61,399823.39,Active,2026-07-07,2031-07-07
CC001852,C02212,Platinum,1825074,185172.06,1639901.94,Active,2025-03-28,2030-03-28
CC001853,C01938,Silver,41713,16364.12,25348.88,Active,2021-05-25,2026-05-25
CC001854,C05892,Gold,554233,358558.02,195674.98,Active,2026-01-19,2031-01-19
CC001855,C02834,Platinum,339260,214875.7,124384.3,Active,2025-09-17,2030-09-17
CC001856,C09417,Gold,671785,380938.72,290846.28,Active,2026-06-15,2031-06-15
CC001857,C07185,Platinum,293653,193772.26,99880.74,Active,2026-07-17,2031-07-17
CC001858,C06329,Platinum,1288263,940652.4,347610.6,Active,2026-05-14,2031-05-14
CC001859,C06832,Silver,146155,89905.63,56249.37,Active,2025-12-08,2030-12-08
CC001860,C05159,Platinum,226008,113093.58,112914.42,Active,2026-01-05,2031-01-05
CC001861,C05997,Platinum,788297,434833.91,353463.09,Active,2020-08-27,2025-08-27
CC001862,C09343,Gold,768154,386995.15,381158.85,Active,2026-06-07,2031-06-07
CC001863,C04775,Platinum,1197191,748712.48,448478.52,Active,2025-11-11,2030-11-11
CC001864,C04021,Platinum,2180459,1646960.14,533498.86,Active,2023-05-24,2028-05-24
CC001865,C07330,Gold,415802,112973.69,302828.31,Active,2025-11-17,2030-11-17
CC001866,C05636,Platinum,1731616,275766.01,1455849.99,Active,2025-04-24,2030-04-24
CC001867,C08271,Platinum,2034998,267578.94,1767419.06,Active,2021-03-02,2026-03-02
CC001868,C07732,Gold,658245,148997.44,509247.56,Active,2025-07-15,2030-07-15
CC001869,C08795,Gold,600567,168173.45,432393.55,Active,2022-10-16,2027-10-16
CC001870,C05391,Gold,376324,112801.69,263522.31,Active,2026-02-25,2031-02-25
CC001871,C03256,Platinum,361719,113853.21,247865.79,Active,2022-10-18,2027-10-18
CC001872,C05784,Platinum,2088648,1614078.63,474569.37,Active,2026-05-26,2031-05-26
CC001873,C00315,Platinum,512501,191141.24,321359.76,Active,2024-01-11,2029-01-11
CC001874,C09824,Platinum,1479933,415201.13,1064731.87,Blocked,2022-03-06,2027-03-06
CC001875,C01399,Gold,43599,10541.87,33057.13,Active,2024-12-03,2029-12-03
CC001876,C07124,Gold,716926,326943.27,389982.73,Active,2025-02-25,2030-02-25
CC001877,C08629,Platinum,482368,68709.65,413658.35,Active,2025-11-03,2030-11-03
CC001878,C00267,Gold,707690,85088.76,622601.24,Active,2023-10-15,2028-10-15
CC001879,C00329,Platinum,219527,63314.18,156212.82,Blocked,2026-04-12,2031-04-12
CC001880,C00133,Silver,94570,59965.4,34604.6,Active,2025-09-05,2030-09-05
CC001881,C07520,Platinum,1991697,766249.94,1225447.06,Active,2026-04-02,2031-04-02
CC001882,C01530,Platinum,413340,267851.39,145488.61,Active,2025-06-22,2030-06-22
CC001883,C09740,Gold,376358,243660.4,132697.6,Active,2021-06-06,2026-06-06
CC001884,C06113,Gold,782119,325533.1,456585.9,Active,2025-05-05,2030-05-05
CC001885,C07049,Gold,503300,280409.16,222890.84,Active,2024-12-16,2029-12-16
CC001886,C06976,Platinum,1811217,527629.35,1283587.65,Active,2026-04-23,2031-04-23
CC001887,C01874,Platinum,568488,392090.19,176397.81,Active,2026-01-10,2031-01-10
CC001888,C08569,Platinum,494976,65257.29,429718.71,Active,2023-04-14,2028-04-14
CC001889,C08454,Gold,515242,83881.69,431360.31,Active,2025-12-05,2030-12-05
CC001890,C00368,Platinum,783510,626161.51,157348.49,Active,2024-09-03,2029-09-03
CC001891,C09737,Silver,162335,125029.12,37305.88,Active,2026-01-05,2031-01-05
CC001892,C09052,Platinum,1518558,827035.41,691522.59,Expired,2022-09-04,2027-09-04
CC001893,C03532,Platinum,486275,132339.64,353935.36,Expired,2026-06-23,2031-06-23
CC001894,C05212,Gold,682134,526126.46,156007.54,Active,2025-05-11,2030-05-11
CC001895,C05578,Platinum,1080443,596955.89,483487.11,Active,2023-11-21,2028-11-21
CC001896,C01511,Platinum,820087,468183.14,351903.86,Active,2025-05-02,2030-05-02
CC001897,C02215,Platinum,712729,451674.66,261054.34,Active,2022-12-14,2027-12-14
CC001898,C02973,Gold,50322,24006.34,26315.66,Active,2026-08-04,2031-08-04
CC001899,C03869,Platinum,666801,380458.07,286342.93,Active,2021-12-01,2026-12-01
CC001900,C00654,Platinum,575354,213298.53,362055.47,Active,2022-11-05,2027-11-05
CC001901,C01780,Platinum,208840,39122.98,169717.02,Active,2025-06-23,2030-06-23
CC001902,C05225,Gold,209818,53517.13,156300.87,Active,2026-05-24,2031-05-24
CC001903,C08812,Gold,575202,134630.73,440571.27,Active,2025-10-25,2030-10-25
CC001904,C08806,Platinum,2495368,1503376.05,991991.95,Active,2023-05-26,2028-05-26
CC001905,C00461,Gold,580632,73018.67,507613.33,Active,2023-11-04,2028-11-04
CC001906,C02316,Platinum,419242,44018.22,375223.78,Expired,2025-03-30,2030-03-30
CC001907,C07455,Platinum,316335,224262.97,92072.03,Active,2024-10-22,2029-10-22
CC001908,C02689,Gold,778588,183465.84,595122.16,Active,2026-06-10,2031-06-10
CC001909,C08274,Platinum,792592,176645.13,615946.87,Active,2021-05-08,2026-05-08
CC001910,C07658,Platinum,333620,93993.14,239626.86,Active,2025-02-27,2030-02-27
CC001911,C00949,Platinum,1896978,1157591.38,739386.62,Active,2020-09-18,2025-09-18
CC001912,C00355,Gold,36060,28644.84,7415.16,Active,2026-05-09,2031-05-09
CC001913,C03764,Gold,465206,268180.21,197025.79,Active,2021-08-23,2026-08-23
CC001914,C03177,Gold,647861,355466.04,292394.96,Blocked,2023-09-03,2028-09-03
CC001915,C01910,Gold,538689,216975.16,321713.84,Expired,2026-01-09,2031-01-09
CC001916,C00354,Silver,165867,70760.64,95106.36,Active,2023-07-04,2028-07-04
CC001917,C00230,Platinum,435455,57861.19,377593.81,Active,2026-02-08,2031-02-08
CC001918,C08938,Silver,112900,11697.74,101202.26,Active,2019-08-29,2024-08-29
CC001919,C01502,Gold,799596,532028.02,267567.98,Expired,2025-08-22,2030-08-22
CC001920,C08322,Gold,644407,496478.85,147928.15,Active,2024-08-21,2029-08-21
CC001921,C05955,Gold,545217,173141.35,372075.65,Active,2026-04-05,2031-04-05
CC001922,C01899,Gold,703281,282975.14,420305.86,Active,2021-11-29,2026-11-29
CC001923,C05069,Gold,117635,80974.68,36660.32,Active,2023-08-02,2028-08-02
CC001924,C08735,Silver,119339,81480.17,37858.83,Active,2024-09-06,2029-09-06
CC001925,C00618,Gold,448243,340881.32,107361.68,Active,2025-04-28,2030-04-28
CC001926,C07717,Platinum,300318,161494.24,138823.76,Active,2024-05-28,2029-05-28
CC001927,C03957,Gold,263634,195537.35,68096.65,Active,2024-11-20,2029-11-20
CC001928,C07944,Platinum,268187,173745.58,94441.42,Active,2026-03-04,2031-03-04
CC001929,C01906,Platinum,914900,284561.12,630338.88,Active,2021-09-19,2026-09-19
CC001930,C05056,Gold,258500,127047.74,131452.26,Active,2024-02-02,2029-02-02
CC001931,C04277,Silver,55121,29330.51,25790.49,Active,2021-10-23,2026-10-23
CC001932,C09454,Platinum,211121,88119.35,123001.65,Active,2022-07-24,2027-07-24
CC001933,C07728,Gold,306197,103412.38,202784.62,Active,2024-04-03,2029-04-03
CC001934,C09254,Platinum,676133,312406.59,363726.41,Active,2022-07-02,2027-07-02
CC001935,C00847,Silver,33221,17162.72,16058.28,Active,2023-07-11,2028-07-11
CC001936,C06571,Platinum,1206039,884097.74,321941.26,Active,2026-07-13,2031-07-13
CC001937,C03773,Silver,123163,48613.04,74549.96,Active,2025-07-14,2030-07-14
CC001938,C08728,Gold,454963,89341.49,365621.51,Active,2025-05-15,2030-05-15
CC001939,C07036,Gold,657019,301695.25,355323.75,Active,2022-04-12,2027-04-12
CC001940,C09418,Gold,767430,493340.05,274089.95,Active,2024-02-20,2029-02-20
CC001941,C07806,Gold,559557,169962.51,389594.49,Expired,2020-09-13,2025-09-13
CC001942,C01814,Gold,351624,49270.38,302353.62,Active,2025-03-28,2030-03-28
CC001943,C03554,Platinum,914519,361639.95,552879.05,Active,2025-08-02,2030-08-02
CC001944,C08298,Silver,82759,53767.25,28991.75,Active,2026-06-17,2031-06-17
CC001945,C01492,Silver,152526,79288.14,73237.86,Active,2026-07-24,2031-07-24
CC001946,C04295,Gold,551965,293243.66,258721.34,Active,2021-07-01,2026-07-01
CC001947,C05494,Platinum,1752740,1250183.58,502556.42,Active,2024-09-21,2029-09-21
CC001948,C07497,Silver,30969,16944.28,14024.72,Active,2022-10-05,2027-10-05
CC001949,C07788,Gold,423491,113204.79,310286.21,Active,2026-05-09,2031-05-09
CC001950,C08995,Gold,116904,77751.67,39152.33,Active,2018-09-04,2023-09-04
CC001951,C01875,Silver,31763,11243.21,20519.79,Active,2024-02-07,2029-02-07
CC001952,C00262,Platinum,1041569,207981.94,833587.06,Active,2026-01-12,2031-01-12
CC001953,C05767,Platinum,577392,75484.41,501907.59,Active,2023-03-31,2028-03-31
CC001954,C07333,Gold,382605,96899.13,285705.87,Active,2026-05-29,2031-05-29
CC001955,C00513,Gold,781440,212688.42,568751.58,Active,2025-12-19,2030-12-19
CC001956,C00622,Gold,474505,349925.74,124579.26,Active,2024-02-09,2029-02-09
CC001957,C06661,Platinum,597329,333553.55,263775.45,Active,2025-04-15,2030-04-15
CC001958,C02693,Gold,420449,131832.06,288616.94,Active,2026-08-04,2031-08-04
CC001959,C06456,Gold,74920,56850.29,18069.71,Expired,2026-06-28,2031-06-28
CC001960,C09436,Platinum,654786,468087.84,186698.16,Active,2025-12-31,2030-12-31
CC001961,C01957,Gold,337148,221313.62,115834.38,Active,2023-09-03,2028-09-03
CC001962,C00623,Silver,128108,41323.3,86784.7,Active,2024-02-29,2029-02-28
CC001963,C05388,Platinum,248439,157549.5,90889.5,Active,2020-09-02,2025-09-02
CC001964,C05369,Platinum,1416945,924856.23,492088.77,Active,2025-08-24,2030-08-24
CC001965,C09897,Platinum,2468519,730808.29,1737710.71,Active,2021-08-29,2026-08-29
CC001966,C03818,Gold,712743,175667.13,537075.87,Active,2019-11-04,2024-11-04
CC001967,C07668,Silver,191188,27800.86,163387.14,Active,2023-01-30,2028-01-30
CC001968,C08912,Platinum,733891,265658.46,468232.54,Active,2025-09-10,2030-09-10
CC001969,C02877,Platinum,2294193,829844.26,1464348.74,Active,2025-11-07,2030-11-07
CC001970,C08290,Platinum,718827,310267.81,408559.19,Active,2026-03-21,2031-03-21
CC001971,C04595,Platinum,238382,58413.06,179968.94,Active,2024-03-18,2029-03-18
CC001972,C04468,Gold,445770,168113.23,277656.77,Active,2025-02-24,2030-02-24
CC001973,C08200,Platinum,1998250,419725.49,1578524.51,Active,2022-12-10,2027-12-10
CC001974,C03854,Gold,288876,56050.96,232825.04,Active,2020-03-29,2025-03-29
CC001975,C06432,Silver,122163,31899.73,90263.27,Active,2025-06-10,2030-06-10
CC001976,C08266,Platinum,1505427,599568.88,905858.12,Active,2026-05-02,2031-05-02
CC001977,C00425,Gold,721711,232329.09,489381.91,Active,2025-12-01,2030-12-01
CC001978,C08829,Silver,91286,26102.08,65183.92,Active,2025-02-07,2030-02-07
CC001979,C08390,Platinum,508824,350998.18,157825.82,Active,2024-03-10,2029-03-10
CC001980,C00403,Platinum,489852,366715.03,123136.97,Active,2026-01-06,2031-01-06
CC001981,C06059,Gold,240140,115799.89,124340.11,Active,2025-06-23,2030-06-23
CC001982,C07812,Platinum,1324337,413061.91,911275.09,Active,2025-05-18,2030-05-18
CC001983,C02611,Platinum,487796,113875.83,373920.17,Active,2026-07-01,2031-07-01
CC001984,C03360,Gold,769508,568410.76,201097.24,Active,2021-01-15,2026-01-15
CC001985,C08695,Gold,563470,365235.49,198234.51,Active,2026-06-14,2031-06-14
CC001986,C08754,Gold,212468,91446.82,121021.18,Active,2025-07-28,2030-07-28
CC001987,C07724,Platinum,356532,251649.66,104882.34,Active,2022-10-20,2027-10-20
CC001988,C09368,Platinum,420069,181514.66,238554.34,Active,2024-06-12,2029-06-12
CC001989,C04607,Platinum,691507,418885.38,272621.62,Active,2024-05-10,2029-05-10
CC001990,C03831,Platinum,528282,365603.46,162678.54,Active,2024-12-12,2029-12-12
CC001991,C00936,Platinum,637977,157394.88,480582.12,Active,2026-07-19,2031-07-19
CC001992,C01935,Platinum,1585803,312823.68,1272979.32,Active,2024-04-25,2029-04-25
CC001993,C07800,Gold,210151,94538.56,115612.44,Active,2022-09-22,2027-09-22
CC001994,C09633,Platinum,1272888,500758.11,772129.89,Active,2024-10-10,2029-10-10
CC001995,C03016,Gold,763718,236558.63,527159.37,Active,2023-11-28,2028-11-28
CC001996,C07751,Gold,233773,174277.99,59495.01,Active,2023-07-05,2028-07-05
CC001997,C03796,Platinum,546292,271907.89,274384.11,Active,2024-04-07,2029-04-07
CC001998,C02727,Platinum,609873,479433.66,130439.34,Active,2025-02-07,2030-02-07
CC001999,C07546,Gold,760453,281750.64,478702.36,Active,2024-09-06,2029-09-06
CC002000,C04934,Silver,148367,81201.6,67165.4,Active,2026-02-03,2031-02-03
CC002001,C07454,Gold,779764,174936.36,604827.64,Active,2025-09-18,2030-09-18
CC002002,C05604,Platinum,228142,52628.82,175513.18,Active,2022-06-02,2027-06-02
CC002003,C06160,Platinum,497604,121477.38,376126.62,Active,2023-01-07,2028-01-07
CC002004,C09936,Gold,676749,94891.87,581857.13,Active,2024-08-22,2029-08-22
CC002005,C03705,Platinum,1661638,621076.57,1040561.43,Expired,2022-06-04,2027-06-04
CC002006,C00320,Gold,638738,277707.82,361030.18,Active,2025-12-09,2030-12-09
CC002007,C07816,Gold,84127,16064.27,68062.73,Active,2025-03-18,2030-03-18
CC002008,C02886,Gold,697842,147347.16,550494.84,Active,2022-10-07,2027-10-07
CC002009,C08567,Gold,412832,186489.64,226342.36,Active,2025-02-07,2030-02-07
CC002010,C06361,Gold,207804,164946.42,42857.58,Active,2022-01-26,2027-01-26
CC002011,C08479,Platinum,458830,214778.12,244051.88,Active,2026-05-21,2031-05-21
CC002012,C00466,Platinum,682559,289327.76,393231.24,Active,2026-05-27,2031-05-27
CC002013,C04989,Platinum,2155387,1544756.92,610630.08,Active,2025-09-16,2030-09-16
CC002014,C03268,Gold,107974,40356.71,67617.29,Active,2025-10-23,2030-10-23
CC002015,C02370,Platinum,635214,174299.15,460914.85,Active,2025-05-26,2030-05-26
CC002016,C05548,Platinum,1760135,649957.13,1110177.87,Active,2022-12-05,2027-12-05
CC002017,C00749,Platinum,300174,112711.11,187462.89,Blocked,2026-06-03,2031-06-03
CC002018,C02287,Gold,365603,106625.7,258977.3,Active,2024-09-26,2029-09-26
CC002019,C00059,Silver,47496,27957.61,19538.39,Active,2025-08-12,2030-08-12
CC002020,C01791,Gold,717459,278298.55,439160.45,Active,2022-01-14,2027-01-14
CC002021,C02047,Gold,586643,90092.85,496550.15,Active,2022-09-24,2027-09-24
CC002022,C01963,Platinum,1483699,574291.29,909407.71,Active,2025-06-16,2030-06-16
CC002023,C07850,Platinum,893606,378457.55,515148.45,Active,2024-02-04,2029-02-04
CC002024,C06417,Silver,151085,55419.32,95665.68,Active,2025-07-17,2030-07-17
CC002025,C08356,Platinum,1631886,206339.36,1425546.64,Active,2026-07-31,2031-07-31
CC002026,C02343,Platinum,343110,112875.39,230234.61,Active,2025-03-13,2030-03-13
CC002027,C09303,Gold,271551,42846.41,228704.59,Active,2026-07-27,2031-07-27
CC002028,C06115,Platinum,658986,130597.21,528388.79,Active,2026-07-28,2031-07-28
CC002029,C03721,Gold,74718,51327.31,23390.69,Active,2024-10-22,2029-10-22
CC002030,C06981,Silver,62545,29662.45,32882.55,Active,2024-11-21,2029-11-21
CC002031,C08991,Platinum,2401362,258980.73,2142381.27,Active,2023-07-25,2028-07-25
CC002032,C05524,Gold,386583,97291.62,289291.38,Active,2023-07-21,2028-07-21
CC002033,C05498,Platinum,426667,174694.84,251972.16,Active,2022-06-25,2027-06-25
CC002034,C09565,Platinum,1896547,1040651.52,855895.48,Active,2021-12-11,2026-12-11
CC002035,C08774,Gold,132398,77220.17,55177.83,Active,2026-01-24,2031-01-24
CC002036,C02440,Platinum,902057,577936.0,324121.0,Active,2026-05-31,2031-05-31
CC002037,C05765,Platinum,592843,436409.2,156433.8,Active,2022-12-01,2027-12-01
CC002038,C00066,Gold,229301,181721.83,47579.17,Active,2023-10-01,2028-10-01
CC002039,C04451,Gold,266240,67730.79,198509.21,Active,2025-01-30,2030-01-30
CC002040,C09656,Platinum,376037,228182.28,147854.72,Active,2020-11-16,2025-11-16
CC002041,C05951,Gold,543032,176960.93,366071.07,Active,2022-08-07,2027-08-07
CC002042,C05077,Platinum,768016,289192.39,478823.61,Active,2021-12-05,2026-12-05
CC002043,C01981,Silver,57757,20192.05,37564.95,Active,2020-06-14,2025-06-14
CC002044,C09891,Gold,531601,57618.62,473982.38,Active,2022-09-14,2027-09-14
CC002045,C06838,Gold,491983,273031.62,218951.38,Active,2022-09-10,2027-09-10
CC002046,C05618,Gold,429177,166421.01,262755.99,Active,2024-10-14,2029-10-14
CC002047,C04276,Gold,306759,183678.63,123080.37,Active,2026-01-04,2031-01-04
CC002048,C03270,Gold,179213,39430.69,139782.31,Blocked,2026-05-10,2031-05-10
CC002049,C05387,Gold,607440,348992.73,258447.27,Expired,2024-12-25,2029-12-25
CC002050,C02875,Platinum,1496352,333285.07,1163066.93,Active,2023-05-26,2028-05-26
CC002051,C00520,Platinum,705550,103898.9,601651.1,Active,2023-12-01,2028-12-01
CC002052,C00500,Platinum,1741435,640255.96,1101179.04,Active,2020-07-29,2025-07-29
CC002053,C08367,Gold,213937,56227.81,157709.19,Active,2026-01-26,2031-01-26
CC002054,C09382,Platinum,523851,139070.62,384780.38,Active,2025-10-08,2030-10-08
CC002055,C07226,Gold,283246,40205.67,243040.33,Active,2023-12-11,2028-12-11
CC002056,C03672,Silver,69759,25324.16,44434.84,Active,2025-07-10,2030-07-10
CC002057,C03450,Gold,665280,410796.39,254483.61,Active,2024-04-30,2029-04-30
CC002058,C00255,Platinum,2149731,1399216.09,750514.91,Active,2026-08-02,2031-08-02
CC002059,C06289,Platinum,635047,351582.66,283464.34,Active,2022-05-20,2027-05-20
CC002060,C03234,Gold,547362,186053.76,361308.24,Active,2026-05-31,2031-05-31
CC002061,C06488,Silver,95100,62862.65,32237.35,Active,2026-07-15,2031-07-15
CC002062,C04855,Gold,600016,279025.65,320990.35,Active,2022-08-11,2027-08-11
CC002063,C01318,Platinum,935511,663190.03,272320.97,Active,2025-07-28,2030-07-28
CC002064,C06647,Silver,196295,155938.48,40356.52,Active,2020-05-27,2025-05-27
CC002065,C08323,Platinum,1164224,599390.78,564833.22,Active,2026-07-05,2031-07-05
CC002066,C03674,Platinum,1295578,589743.46,705834.54,Active,2025-03-21,2030-03-21
CC002067,C02446,Gold,372132,225203.73,146928.27,Active,2022-07-19,2027-07-19
CC002068,C01858,Gold,461063,143930.26,317132.74,Active,2025-01-13,2030-01-13
CC002069,C01394,Gold,82796,24035.89,58760.11,Active,2025-01-07,2030-01-07
CC002070,C03466,Gold,577048,218569.12,358478.88,Active,2023-09-25,2028-09-25
CC002071,C00817,Platinum,1859675,979260.14,880414.86,Active,2024-07-08,2029-07-08
CC002072,C02959,Gold,705414,80323.91,625090.09,Active,2026-04-15,2031-04-15
CC002073,C08496,Platinum,514815,265968.03,248846.97,Active,2026-07-18,2031-07-18
CC002074,C02226,Platinum,1339579,490708.1,848870.9,Active,2024-11-26,2029-11-26
CC002075,C02115,Silver,177362,92976.31,84385.69,Active,2024-11-04,2029-11-04
CC002076,C07486,Silver,153013,36264.24,116748.76,Active,2025-09-15,2030-09-15
CC002077,C05753,Silver,161255,98568.42,62686.58,Active,2023-01-09,2028-01-09
CC002078,C01857,Gold,636019,482229.28,153789.72,Expired,2026-07-04,2031-07-04
CC002079,C05470,Silver,158332,49948.61,108383.39,Expired,2025-03-03,2030-03-03
CC002080,C03911,Gold,240712,191301.22,49410.78,Active,2025-10-24,2030-10-24
CC002081,C08464,Platinum,1140498,269111.61,871386.39,Active,2019-06-01,2024-06-01
CC002082,C05052,Gold,565511,258283.49,307227.51,Active,2026-07-27,2031-07-27
CC002083,C03186,Platinum,260507,144746.66,115760.34,Active,2023-09-17,2028-09-17
CC002084,C00887,Platinum,1308250,568314.12,739935.88,Active,2019-08-28,2024-08-28
CC002085,C02320,Gold,229628,135074.08,94553.92,Active,2024-03-09,2029-03-09
CC002086,C03193,Gold,677595,515640.08,161954.92,Active,2026-07-27,2031-07-27
CC002087,C04264,Gold,369268,40115.86,329152.14,Active,2026-04-07,2031-04-07
CC002088,C04881,Platinum,1606035,607670.4,998364.6,Active,2023-07-20,2028-07-20
CC002089,C06122,Platinum,743725,548098.85,195626.15,Active,2024-01-12,2029-01-12
CC002090,C06965,Gold,647607,179393.53,468213.47,Active,2021-06-17,2026-06-17
CC002091,C00704,Platinum,2180945,1571710.27,609234.73,Active,2025-01-01,2030-01-01
CC002092,C05934,Platinum,293190,51745.65,241444.35,Active,2021-03-20,2026-03-20
CC002093,C09550,Gold,67411,19435.6,47975.4,Active,2023-02-03,2028-02-03
CC002094,C06484,Platinum,523066,54657.37,468408.63,Active,2023-11-04,2028-11-04
CC002095,C00800,Gold,301576,44901.36,256674.64,Active,2026-04-19,2031-04-19
CC002096,C03794,Gold,502346,308003.18,194342.82,Active,2025-06-02,2030-06-02
CC002097,C06593,Gold,340857,81333.38,259523.62,Active,2025-07-12,2030-07-12
CC002098,C08024,Platinum,672552,334234.46,338317.54,Active,2026-06-13,2031-06-13
CC002099,C02438,Silver,77901,51915.18,25985.82,Active,2026-04-10,2031-04-10
CC002100,C06638,Platinum,628649,256810.23,371838.77,Active,2025-12-05,2030-12-05
CC002101,C09846,Platinum,2134698,461710.19,1672987.81,Active,2020-10-01,2025-10-01
CC002102,C00395,Gold,490206,71071.88,419134.12,Active,2026-07-24,2031-07-24
CC002103,C06463,Platinum,1817526,1037740.49,779785.51,Active,2025-11-28,2030-11-28
CC002104,C03500,Gold,207577,117431.62,90145.38,Active,2026-01-13,2031-01-13
CC002105,C03006,Silver,85330,39732.56,45597.44,Active,2020-12-22,2025-12-22
CC002106,C08614,Silver,99687,75013.46,24673.54,Active,2026-02-20,2031-02-20
CC002107,C05165,Platinum,1700629,570705.82,1129923.18,Active,2026-03-22,2031-03-22
CC002108,C08296,Gold,530536,356410.39,174125.61,Blocked,2025-09-07,2030-09-07
CC002109,C09379,Platinum,596818,314861.09,281956.91,Expired,2024-01-10,2029-01-10
CC002110,C06799,Gold,56260,5747.48,50512.52,Active,2025-04-12,2030-04-12
CC002111,C03058,Platinum,1091216,128737.63,962478.37,Active,2021-12-19,2026-12-19
CC002112,C01085,Platinum,2266464,1418824.19,847639.81,Active,2024-05-10,2029-05-10
CC002113,C04508,Platinum,2239034,1256575.6,982458.4,Active,2024-10-14,2029-10-14
CC002114,C08470,Platinum,1194128,122028.39,1072099.61,Active,2022-08-27,2027-08-27
CC002115,C05739,Gold,114458,12778.23,101679.77,Active,2024-11-18,2029-11-18
CC002116,C08060,Gold,541337,311025.49,230311.51,Active,2026-08-05,2031-08-05
CC002117,C00456,Gold,285321,98103.0,187218.0,Active,2025-10-17,2030-10-17
CC002118,C07140,Platinum,699250,552973.91,146276.09,Active,2024-09-27,2029-09-27
CC002119,C04161,Platinum,2339892,864358.4,1475533.6,Active,2025-07-12,2030-07-12
CC002120,C07910,Gold,166329,118653.09,47675.91,Active,2026-01-15,2031-01-15
CC002121,C04622,Platinum,233287,44208.57,189078.43,Active,2025-12-31,2030-12-31
CC002122,C08306,Gold,775402,613384.64,162017.36,Active,2026-02-15,2031-02-15
CC002123,C05623,Platinum,321297,140573.21,180723.79,Active,2026-04-28,2031-04-28
CC002124,C09586,Gold,378711,237556.61,141154.39,Active,2023-04-29,2028-04-29
CC002125,C01693,Gold,656018,521765.9,134252.1,Active,2022-05-02,2027-05-02
CC002126,C01144,Gold,115590,84595.0,30995.0,Active,2020-04-25,2025-04-25
CC002127,C03047,Silver,97535,55219.72,42315.28,Blocked,2023-07-24,2028-07-24
CC002128,C05383,Platinum,342350,255364.11,86985.89,Active,2026-05-23,2031-05-23
CC002129,C03037,Platinum,2468369,1442142.57,1026226.43,Active,2023-09-22,2028-09-22
CC002130,C09424,Platinum,2407125,1797383.99,609741.01,Active,2023-12-20,2028-12-20
CC002131,C01211,Silver,130047,72532.9,57514.1,Active,2026-03-26,2031-03-26
CC002132,C01765,Platinum,658188,438296.1,219891.9,Active,2023-09-18,2028-09-18
CC002133,C00150,Gold,291939,51955.73,239983.27,Active,2019-03-29,2024-03-29
CC002134,C00591,Silver,79324,49278.64,30045.36,Active,2026-07-14,2031-07-14
CC002135,C00832,Silver,112148,86112.62,26035.38,Active,2021-12-16,2026-12-16
CC002136,C08049,Gold,264891,135900.17,128990.83,Active,2026-06-11,2031-06-11
CC002137,C04111,Gold,644280,208585.71,435694.29,Active,2026-05-13,2031-05-13
CC002138,C08086,Silver,63110,29272.06,33837.94,Active,2025-09-27,2030-09-27
CC002139,C05336,Gold,614515,65404.04,549110.96,Active,2026-02-09,2031-02-09
CC002140,C00538,Platinum,1422484,975897.51,446586.49,Active,2026-07-07,2031-07-07
CC002141,C01713,Gold,497158,100480.35,396677.65,Active,2025-03-06,2030-03-06
CC002142,C01790,Platinum,236012,122541.26,113470.74,Active,2024-05-01,2029-05-01
CC002143,C07547,Platinum,329461,96010.46,233450.54,Active,2023-11-01,2028-11-01
CC002144,C04652,Gold,426183,190298.32,235884.68,Active,2023-04-01,2028-04-01
CC002145,C01830,Silver,117331,24274.79,93056.21,Active,2025-11-16,2030-11-16
CC002146,C08437,Platinum,2499571,643765.04,1855805.96,Active,2025-08-24,2030-08-24
CC002147,C01470,Platinum,387716,271302.39,116413.61,Active,2023-09-07,2028-09-07
CC002148,C05676,Gold,366926,291245.4,75680.6,Active,2023-09-15,2028-09-15
CC002149,C03490,Gold,696418,552412.69,144005.31,Active,2023-10-02,2028-10-02
CC002150,C06317,Gold,753485,458667.58,294817.42,Active,2024-01-22,2029-01-22
CC002151,C05022,Platinum,2270331,1587816.27,682514.73,Active,2026-07-12,2031-07-12
CC002152,C08002,Gold,256752,178408.44,78343.56,Active,2019-11-20,2024-11-20
CC002153,C00343,Platinum,1143292,576230.81,567061.19,Active,2022-09-10,2027-09-10
CC002154,C08954,Platinum,1103715,272437.08,831277.92,Active,2023-01-27,2028-01-27
CC002155,C05795,Gold,209576,74097.28,135478.72,Active,2026-06-21,2031-06-21
CC002156,C01383,Gold,354775,128992.31,225782.69,Expired,2026-07-28,2031-07-28
CC002157,C07396,Platinum,376394,281614.13,94779.87,Active,2025-02-17,2030-02-17
CC002158,C02104,Platinum,1176717,896122.05,280594.95,Active,2023-03-20,2028-03-20
CC002159,C06617,Platinum,1509856,778141.54,731714.46,Blocked,2023-08-17,2028-08-17
CC002160,C05311,Platinum,623618,169312.73,454305.27,Active,2026-01-30,2031-01-30
CC002161,C05789,Gold,517393,300910.01,216482.99,Blocked,2022-01-21,2027-01-21
CC002162,C07869,Platinum,1587211,1020727.25,566483.75,Expired,2024-08-18,2029-08-18
CC002163,C05167,Silver,53491,34470.22,19020.78,Active,2024-09-17,2029-09-17
CC002164,C00721,Silver,102146,55427.84,46718.16,Active,2025-07-23,2030-07-23
CC002165,C00076,Gold,322292,50872.47,271419.53,Active,2024-08-15,2029-08-15
CC002166,C00991,Silver,163627,42126.51,121500.49,Active,2025-09-15,2030-09-15
CC002167,C08844,Platinum,702790,204938.74,497851.26,Active,2023-05-16,2028-05-16
CC002168,C02741,Platinum,389893,143781.59,246111.41,Expired,2023-05-20,2028-05-20
CC002169,C09994,Platinum,512856,256426.04,256429.96,Active,2020-02-13,2025-02-13
CC002170,C05394,Platinum,2467707,1175264.58,1292442.42,Active,2023-01-17,2028-01-17
CC002171,C07859,Platinum,612925,299868.72,313056.28,Active,2026-07-17,2031-07-17
CC002172,C08006,Platinum,712295,103106.24,609188.76,Active,2024-10-27,2029-10-27
CC002173,C06187,Gold,330117,207133.81,122983.19,Active,2022-10-29,2027-10-29
CC002174,C02836,Platinum,1046050,236893.63,809156.37,Active,2026-06-11,2031-06-11
CC002175,C04668,Gold,781667,322877.73,458789.27,Active,2025-11-17,2030-11-17
CC002176,C09169,Gold,416247,231786.46,184460.54,Active,2026-02-28,2031-02-28
CC002177,C07327,Silver,39176,6237.89,32938.11,Active,2019-06-28,2024-06-28
CC002178,C08220,Gold,770873,169686.29,601186.71,Expired,2026-07-24,2031-07-24
CC002179,C08540,Platinum,1320800,410002.72,910797.28,Blocked,2026-04-07,2031-04-07
CC002180,C00225,Gold,507648,284998.82,222649.18,Active,2025-11-20,2030-11-20
CC002181,C06913,Platinum,2257733,720341.53,1537391.47,Active,2024-10-15,2029-10-15
CC002182,C04198,Platinum,764353,349625.18,414727.82,Active,2026-05-30,2031-05-30
CC002183,C00512,Platinum,893817,237728.73,656088.27,Active,2024-10-24,2029-10-24
CC002184,C00690,Gold,425667,327847.04,97819.96,Active,2025-01-21,2030-01-21
CC002185,C01733,Gold,576507,169595.1,406911.9,Active,2019-08-26,2024-08-26
CC002186,C09188,Gold,776558,216253.67,560304.33,Active,2026-02-23,2031-02-23
CC002187,C04852,Platinum,619492,259720.43,359771.57,Blocked,2025-09-15,2030-09-15
CC002188,C03485,Platinum,350202,166392.54,183809.46,Active,2025-06-25,2030-06-25
CC002189,C02182,Platinum,401984,241235.21,160748.79,Active,2025-03-20,2030-03-20
CC002190,C03404,Platinum,736270,385408.84,350861.16,Active,2021-07-02,2026-07-02
CC002191,C00361,Gold,654691,239132.0,415559.0,Blocked,2026-08-04,2031-08-04
CC002192,C00543,Gold,483246,90480.5,392765.5,Active,2024-07-10,2029-07-10
CC002193,C04496,Gold,269163,88971.9,180191.1,Active,2024-09-07,2029-09-07
CC002194,C01406,Platinum,486526,98487.82,388038.18,Active,2025-09-17,2030-09-17
CC002195,C06202,Gold,302704,110187.04,192516.96,Blocked,2020-09-04,2025-09-04
CC002196,C08062,Platinum,1020206,661005.27,359200.73,Active,2022-02-16,2027-02-16
CC002197,C02382,Gold,521440,267070.58,254369.42,Active,2024-10-11,2029-10-11
CC002198,C00821,Silver,121462,71701.31,49760.69,Active,2022-04-29,2027-04-29
CC002199,C04935,Platinum,2073950,351215.77,1722734.23,Active,2021-10-28,2026-10-28
CC002200,C06926,Gold,608486,137804.27,470681.73,Active,2025-04-25,2030-04-25
CC002201,C03367,Platinum,757509,368278.29,389230.71,Active,2019-04-24,2024-04-24
CC002202,C07558,Gold,333769,93903.48,239865.52,Active,2025-10-05,2030-10-05
CC002203,C07761,Platinum,332506,66457.67,266048.33,Active,2025-12-19,2030-12-19
CC002204,C06429,Gold,588131,350085.97,238045.03,Active,2025-03-25,2030-03-25
CC002205,C08032,Platinum,680024,155163.23,524860.77,Expired,2025-07-10,2030-07-10
CC002206,C03512,Platinum,726625,218549.74,508075.26,Blocked,2025-12-21,2030-12-21
CC002207,C00695,Gold,439876,137958.84,301917.16,Active,2026-06-15,2031-06-15
CC002208,C08422,Gold,136565,87320.33,49244.67,Active,2024-11-27,2029-11-27
CC002209,C01705,Platinum,280418,171326.18,109091.82,Blocked,2026-07-21,2031-07-21
CC002210,C01140,Platinum,920400,146536.5,773863.5,Active,2021-10-20,2026-10-20
CC002211,C04794,Platinum,2495226,1776718.37,718507.63,Blocked,2025-08-11,2030-08-11
CC002212,C01777,Gold,733392,552030.75,181361.25,Active,2021-04-15,2026-04-15
CC002213,C07989,Gold,758271,446255.65,312015.35,Active,2024-10-01,2029-10-01
CC002214,C09988,Platinum,207644,124568.14,83075.86,Active,2026-05-30,2031-05-30
CC002215,C07005,Gold,94022,74837.32,19184.68,Active,2025-06-04,2030-06-04
CC002216,C07465,Gold,168441,97502.86,70938.14,Active,2026-06-13,2031-06-13
CC002217,C04991,Platinum,1153437,659956.88,493480.12,Active,2024-09-25,2029-09-25
CC002218,C01161,Gold,436001,96953.51,339047.49,Active,2022-05-20,2027-05-20
CC002219,C08996,Silver,122613,94012.11,28600.89,Active,2021-05-15,2026-05-15
CC002220,C00020,Gold,591416,460600.63,130815.37,Active,2024-07-08,2029-07-08
CC002221,C09039,Platinum,765307,532304.64,233002.36,Active,2025-09-08,2030-09-08
CC002222,C07493,Gold,706592,215850.8,490741.2,Active,2022-09-29,2027-09-29
CC002223,C09820,Platinum,796474,299103.89,497370.11,Active,2026-01-11,2031-01-11
CC002224,C01456,Platinum,740571,502113.93,238457.07,Active,2026-07-13,2031-07-13
CC002225,C03954,Platinum,2095512,1453963.13,641548.87,Active,2026-04-15,2031-04-15
CC002226,C04282,Platinum,1765432,582568.3,1182863.7,Active,2021-11-16,2026-11-16
CC002227,C03653,Silver,78800,30058.08,48741.92,Active,2024-01-19,2029-01-19
CC002228,C02948,Gold,407140,64865.81,342274.19,Active,2026-05-30,2031-05-30
CC002229,C03624,Gold,329858,243823.24,86034.76,Active,2025-03-16,2030-03-16
CC002230,C09018,Platinum,462285,119392.8,342892.2,Active,2024-02-21,2029-02-21
CC002231,C01695,Gold,649148,470330.69,178817.31,Active,2026-03-09,2031-03-09
CC002232,C01513,Silver,144969,81095.04,63873.96,Active,2022-03-07,2027-03-07
CC002233,C02324,Platinum,2366763,955632.89,1411130.11,Active,2026-07-28,2031-07-28
CC002234,C06449,Platinum,408105,72424.74,335680.26,Active,2020-03-09,2025-03-09
CC002235,C03870,Gold,641508,398214.03,243293.97,Active,2025-07-26,2030-07-26
CC002236,C08466,Gold,408658,312158.76,96499.24,Blocked,2025-03-05,2030-03-05
CC002237,C05603,Platinum,324562,128126.28,196435.72,Active,2024-02-19,2029-02-19
CC002238,C01467,Platinum,2298039,434797.69,1863241.31,Active,2025-12-22,2030-12-22
CC002239,C00723,Platinum,619300,279490.71,339809.29,Active,2021-02-12,2026-02-12
CC002240,C02694,Platinum,607737,116680.87,491056.13,Blocked,2026-07-17,2031-07-17
CC002241,C03991,Platinum,332250,69400.18,262849.82,Active,2024-02-25,2029-02-25
CC002242,C09318,Platinum,447993,61118.74,386874.26,Active,2025-07-27,2030-07-27
CC002243,C02274,Platinum,2052181,1264558.22,787622.78,Active,2026-05-23,2031-05-23
CC002244,C07848,Gold,709533,111985.9,597547.1,Active,2024-04-01,2029-04-01
CC002245,C02303,Platinum,736073,169887.24,566185.76,Active,2022-05-02,2027-05-02
CC002246,C03945,Platinum,1352663,1076692.62,275970.38,Active,2025-11-25,2030-11-25
CC002247,C07508,Platinum,1216101,525021.18,691079.82,Active,2022-05-19,2027-05-19
CC002248,C05246,Silver,161683,85331.49,76351.51,Active,2024-06-23,2029-06-23
CC002249,C09909,Platinum,355950,92749.51,263200.49,Active,2026-07-19,2031-07-19
CC002250,C04285,Gold,401512,301282.09,100229.91,Active,2022-05-31,2027-05-31
CC002251,C00474,Platinum,295352,208236.47,87115.53,Active,2023-05-29,2028-05-29
CC002252,C06408,Platinum,2268339,1232427.1,1035911.9,Active,2024-02-19,2029-02-19
CC002253,C01296,Gold,702472,100414.72,602057.28,Active,2020-09-08,2025-09-08
CC002254,C06462,Silver,58850,16976.59,41873.41,Active,2025-03-15,2030-03-15
CC002255,C03272,Silver,139595,38092.41,101502.59,Active,2026-07-17,2031-07-17
CC002256,C03028,Platinum,801123,109346.44,691776.56,Active,2023-11-07,2028-11-07
CC002257,C06809,Gold,694988,205793.97,489194.03,Active,2022-05-30,2027-05-30
CC002258,C01168,Platinum,1329033,1015154.92,313878.08,Active,2025-06-19,2030-06-19
CC002259,C06554,Gold,301593,171384.23,130208.77,Active,2026-07-25,2031-07-25
CC002260,C00873,Platinum,1073275,356164.39,717110.61,Active,2024-09-21,2029-09-21
CC002261,C02341,Gold,754552,394856.81,359695.19,Active,2026-07-02,2031-07-02
CC002262,C05350,Gold,602704,97072.6,505631.4,Active,2024-07-12,2029-07-12
CC002263,C03635,Platinum,2062139,379945.08,1682193.92,Active,2025-10-29,2030-10-29
CC002264,C07970,Platinum,399684,93945.43,305738.57,Active,2026-07-25,2031-07-25
CC002265,C09835,Gold,773129,412315.31,360813.69,Active,2025-04-19,2030-04-19
CC002266,C08461,Gold,411811,194988.51,216822.49,Active,2025-02-19,2030-02-19
CC002267,C00058,Silver,139631,67769.48,71861.52,Active,2026-04-18,2031-04-18
CC002268,C03775,Platinum,787565,616339.16,171225.84,Active,2025-10-31,2030-10-31
CC002269,C04916,Gold,323133,238341.1,84791.9,Active,2026-02-22,2031-02-22
CC002270,C08819,Platinum,1856690,1213569.01,643120.99,Active,2025-08-26,2030-08-26
CC002271,C04318,Gold,335197,101484.06,233712.94,Blocked,2025-09-23,2030-09-23
CC002272,C06762,Gold,399429,247047.09,152381.91,Active,2025-08-10,2030-08-10
CC002273,C08294,Platinum,1876861,1464095.9,412765.1,Active,2026-07-07,2031-07-07
CC002274,C02087,Platinum,602810,297636.84,305173.16,Active,2021-08-31,2026-08-31
CC002275,C07478,Platinum,416976,95423.47,321552.53,Active,2024-07-21,2029-07-21
CC002276,C03804,Gold,209291,149728.56,59562.44,Active,2023-02-05,2028-02-05
CC002277,C07097,Platinum,2284267,1380623.35,903643.65,Active,2025-08-26,2030-08-26
CC002278,C00080,Platinum,510759,304299.13,206459.87,Active,2025-02-14,2030-02-14
CC002279,C07873,Platinum,895656,424089.58,471566.42,Active,2023-07-28,2028-07-28
CC002280,C05133,Platinum,1382497,1035591.96,346905.04,Active,2025-03-16,2030-03-16
CC002281,C08224,Platinum,2147237,1687763.85,459473.15,Expired,2024-03-06,2029-03-06
CC002282,C00277,Platinum,1043657,105388.46,938268.54,Active,2025-06-30,2030-06-30
CC002283,C04953,Silver,126760,41475.02,85284.98,Blocked,2025-05-03,2030-05-03
CC002284,C06290,Platinum,476864,288720.03,188143.97,Active,2024-10-07,2029-10-07
CC002285,C04224,Platinum,1480809,1169369.54,311439.46,Active,2026-06-20,2031-06-20
CC002286,C03589,Gold,572751,145189.92,427561.08,Blocked,2020-09-17,2025-09-17
CC002287,C01216,Gold,216398,103042.69,113355.31,Expired,2024-04-02,2029-04-02
CC002288,C02240,Platinum,311613,188781.87,122831.13,Active,2026-06-13,2031-06-13
CC002289,C03643,Platinum,1339691,949865.1,389825.9,Active,2025-02-25,2030-02-25
CC002290,C09528,Gold,663664,168867.53,494796.47,Active,2026-07-09,2031-07-09
CC002291,C05325,Silver,133668,27929.8,105738.2,Active,2025-03-18,2030-03-18
CC002292,C07114,Gold,126636,25812.71,100823.29,Active,2026-01-25,2031-01-25
CC002293,C03872,Gold,681705,156464.67,525240.33,Active,2026-07-01,2031-07-01
CC002294,C04537,Platinum,1828691,1390442.53,438248.47,Active,2021-07-09,2026-07-09
CC002295,C02304,Platinum,1450453,310459.39,1139993.61,Active,2026-05-11,2031-05-11
CC002296,C05055,Gold,396972,58997.14,337974.86,Active,2024-02-08,2029-02-08
CC002297,C09336,Gold,622056,105851.33,516204.67,Active,2024-11-15,2029-11-15
CC002298,C07714,Platinum,212361,110917.31,101443.69,Active,2025-11-17,2030-11-17
CC002299,C08374,Gold,214210,135897.4,78312.6,Active,2021-09-22,2026-09-22
CC002300,C00313,Platinum,1320812,844107.62,476704.38,Active,2026-07-02,2031-07-02
CC002301,C09494,Platinum,214152,140201.1,73950.9,Active,2024-05-14,2029-05-14
CC002302,C06502,Platinum,768716,472984.85,295731.15,Active,2024-10-07,2029-10-07
CC002303,C02218,Platinum,412149,81383.38,330765.62,Active,2023-08-04,2028-08-04
CC002304,C08973,Platinum,371069,116949.63,254119.37,Active,2026-02-01,2031-02-01
CC002305,C02547,Gold,769928,449968.13,319959.87,Active,2025-02-09,2030-02-09
CC002306,C05787,Gold,246688,42423.11,204264.89,Active,2025-04-17,2030-04-17
CC002307,C05679,Gold,635457,126636.74,508820.26,Active,2025-02-19,2030-02-19
CC002308,C09033,Gold,647883,239566.49,408316.51,Active,2021-02-12,2026-02-12
CC002309,C02354,Gold,603433,350435.51,252997.49,Active,2025-12-21,2030-12-21
CC002310,C02620,Platinum,715711,156519.8,559191.2,Active,2024-10-11,2029-10-11
CC002311,C07393,Gold,495503,173483.3,322019.7,Active,2023-06-09,2028-06-09
CC002312,C05440,Gold,288923,210021.18,78901.82,Active,2023-12-23,2028-12-23
CC002313,C09251,Gold,756249,252882.74,503366.26,Active,2019-10-22,2024-10-22
CC002314,C07244,Platinum,2199373,1277863.21,921509.79,Active,2026-07-16,2031-07-16
CC002315,C05719,Gold,308970,89528.78,219441.22,Active,2025-10-13,2030-10-13
CC002316,C00093,Silver,99573,66465.34,33107.66,Active,2024-10-26,2029-10-26
CC002317,C04564,Gold,202284,142246.06,60037.94,Expired,2022-10-04,2027-10-04
CC002318,C00526,Platinum,1107419,359002.21,748416.79,Active,2026-06-21,2031-06-21
CC002319,C05128,Gold,155418,104169.67,51248.33,Active,2023-01-25,2028-01-25
CC002320,C09321,Gold,492003,99024.2,392978.8,Active,2025-05-19,2030-05-19
CC002321,C09727,Platinum,2409638,890390.59,1519247.41,Active,2022-04-28,2027-04-28
CC002322,C04395,Platinum,2254208,1760523.39,493684.61,Active,2024-05-14,2029-05-14
CC002323,C05400,Silver,66233,43813.04,22419.96,Active,2024-02-25,2029-02-25
CC002324,C07484,Gold,638996,309617.51,329378.49,Active,2026-04-10,2031-04-10
CC002325,C07295,Gold,762259,514511.82,247747.18,Active,2021-12-11,2026-12-11
CC002326,C08463,Gold,642332,301165.17,341166.83,Active,2024-10-27,2029-10-27
CC002327,C06396,Platinum,429988,254623.98,175364.02,Active,2022-11-07,2027-11-07
CC002328,C06295,Gold,217987,77097.4,140889.6,Active,2025-12-07,2030-12-07
CC002329,C00295,Gold,315507,44708.66,270798.34,Active,2025-12-15,2030-12-15
CC002330,C00986,Gold,66529,20377.04,46151.96,Active,2025-04-27,2030-04-27
CC002331,C01684,Platinum,641531,173051.82,468479.18,Active,2025-06-10,2030-06-10
CC002332,C04560,Gold,344495,62720.51,281774.49,Active,2025-10-14,2030-10-14
CC002333,C01227,Platinum,2337383,276846.23,2060536.77,Blocked,2026-01-31,2031-01-31
CC002334,C01022,Gold,311159,175469.76,135689.24,Active,2025-08-16,2030-08-16
CC002335,C02679,Platinum,365856,44316.14,321539.86,Active,2025-05-05,2030-05-05
CC002336,C04857,Gold,280808,30533.49,250274.51,Active,2024-04-30,2029-04-30
CC002337,C01980,Gold,391285,167796.83,223488.17,Active,2025-06-09,2030-06-09
CC002338,C03046,Platinum,1428113,612844.92,815268.08,Active,2024-09-12,2029-09-12
CC002339,C08043,Platinum,2152342,1262720.76,889621.24,Active,2024-07-04,2029-07-04
CC002340,C02011,Gold,233679,122195.78,111483.22,Active,2025-08-02,2030-08-02
CC002341,C08693,Gold,615645,420409.24,195235.76,Active,2026-03-15,2031-03-15
CC002342,C01837,Platinum,781074,467070.33,314003.67,Active,2025-03-24,2030-03-24
CC002343,C09529,Gold,520899,310740.72,210158.28,Active,2023-08-04,2028-08-04
CC002344,C02232,Platinum,992804,461704.23,531099.77,Expired,2026-02-15,2031-02-15
CC002345,C02591,Gold,422155,160537.82,261617.18,Active,2023-02-17,2028-02-17
CC002346,C09702,Silver,176615,92468.26,84146.74,Active,2020-04-24,2025-04-24
CC002347,C01690,Platinum,700607,223656.71,476950.29,Active,2024-01-17,2029-01-17
CC002348,C07108,Platinum,372830,51551.26,321278.74,Active,2025-06-20,2030-06-20
CC002349,C07105,Platinum,1366062,240263.83,1125798.17,Active,2025-03-19,2030-03-19
CC002350,C04880,Platinum,1503535,179874.21,1323660.79,Active,2023-09-29,2028-09-29
CC002351,C05051,Silver,47123,11702.38,35420.62,Active,2023-08-30,2028-08-30
CC002352,C04056,Gold,79215,38513.06,40701.94,Active,2026-04-17,2031-04-17
CC002353,C05406,Gold,482243,76931.04,405311.96,Active,2024-11-29,2029-11-29
CC002354,C04013,Gold,707308,93347.98,613960.02,Active,2021-12-25,2026-12-25
CC002355,C04778,Platinum,208890,164266.74,44623.26,Active,2024-01-21,2029-01-21
CC002356,C08223,Platinum,1849029,437144.84,1411884.16,Active,2023-09-15,2028-09-15
CC002357,C08721,Gold,63952,37850.62,26101.38,Active,2025-05-15,2030-05-15
CC002358,C02864,Gold,728040,124277.9,603762.1,Active,2024-09-21,2029-09-21
CC002359,C00037,Platinum,2031396,1335131.99,696264.01,Active,2026-01-07,2031-01-07
CC002360,C06927,Platinum,239225,72505.17,166719.83,Active,2026-04-04,2031-04-04
CC002361,C09471,Silver,194089,32083.61,162005.39,Active,2025-11-20,2030-11-20
CC002362,C01374,Gold,66926,42710.7,24215.3,Active,2025-10-11,2030-10-11
CC002363,C00153,Platinum,741380,589097.0,152283.0,Active,2023-12-04,2028-12-04
CC002364,C05304,Silver,119499,49381.31,70117.69,Active,2026-03-18,2031-03-18
CC002365,C07318,Gold,651832,83440.38,568391.62,Active,2026-07-25,2031-07-25
CC002366,C03844,Platinum,450725,110956.98,339768.02,Active,2026-01-12,2031-01-12
CC002367,C06149,Gold,359804,178761.64,181042.36,Expired,2026-02-20,2031-02-20
CC002368,C02829,Gold,215667,43097.98,172569.02,Active,2025-12-20,2030-12-20
CC002369,C06387,Gold,291401,130908.57,160492.43,Active,2026-02-13,2031-02-13
CC002370,C01923,Platinum,1419935,302489.8,1117445.2,Active,2025-10-24,2030-10-24
CC002371,C08459,Platinum,987127,147865.45,839261.55,Active,2025-06-02,2030-06-02
CC002372,C00748,Gold,696250,546513.52,149736.48,Active,2026-07-04,2031-07-04
CC002373,C04163,Gold,347269,263188.45,84080.55,Expired,2024-08-14,2029-08-14
CC002374,C01758,Silver,125282,87860.55,37421.45,Active,2025-12-31,2030-12-31
CC002375,C04684,Platinum,335249,136975.83,198273.17,Active,2022-07-14,2027-07-14
CC002376,C05169,Platinum,528881,191231.82,337649.18,Active,2026-07-24,2031-07-24
CC002377,C05825,Gold,475594,339662.59,135931.41,Expired,2026-07-07,2031-07-07
CC002378,C04678,Gold,259830,160764.56,99065.44,Active,2025-11-27,2030-11-27
CC002379,C02715,Platinum,816657,170022.73,646634.27,Active,2026-04-30,2031-04-30
CC002380,C05673,Gold,797828,302772.77,495055.23,Active,2024-10-13,2029-10-13
CC002381,C05355,Gold,684734,389206.5,295527.5,Active,2023-05-23,2028-05-23
CC002382,C06354,Gold,761109,555676.97,205432.03,Active,2025-03-04,2030-03-04
CC002383,C01021,Gold,313611,232769.06,80841.94,Active,2024-03-26,2029-03-26
CC002384,C06860,Platinum,409160,155916.28,253243.72,Active,2025-10-09,2030-10-09
CC002385,C01199,Gold,709917,176659.03,533257.97,Active,2025-04-26,2030-04-26
CC002386,C05735,Platinum,1753320,222316.83,1531003.17,Active,2025-06-17,2030-06-17
CC002387,C05404,Gold,423839,137379.2,286459.8,Active,2026-04-12,2031-04-12
CC002388,C01023,Platinum,1597515,229531.24,1367983.76,Active,2026-07-07,2031-07-07
CC002389,C01049,Platinum,1792811,447117.35,1345693.65,Active,2024-07-21,2029-07-21
CC002390,C06025,Silver,140866,40695.3,100170.7,Active,2026-01-16,2031-01-16
CC002391,C07319,Platinum,945246,275760.13,669485.87,Active,2024-07-09,2029-07-09
CC002392,C01540,Platinum,673349,478012.06,195336.94,Active,2022-12-17,2027-12-17
CC002393,C01529,Platinum,472050,108030.91,364019.09,Active,2021-03-13,2026-03-13
CC002394,C06558,Platinum,649350,220398.09,428951.91,Active,2020-01-18,2025-01-18
CC002395,C07169,Gold,566242,429981.04,136260.96,Active,2024-02-14,2029-02-14
CC002396,C03825,Gold,368494,285919.24,82574.76,Active,2021-12-23,2026-12-23
CC002397,C04448,Gold,179505,66847.05,112657.95,Active,2022-12-27,2027-12-27
CC002398,C09766,Platinum,2052269,490475.84,1561793.16,Active,2026-04-07,2031-04-07
CC002399,C06153,Platinum,1103284,360346.68,742937.32,Expired,2025-02-17,2030-02-17
CC002400,C03716,Platinum,2357840,1597824.35,760015.65,Active,2025-05-08,2030-05-08
CC002401,C05517,Gold,680938,513204.98,167733.02,Active,2020-12-09,2025-12-09
CC002402,C02052,Gold,626127,177796.2,448330.8,Active,2022-06-12,2027-06-12
CC002403,C08528,Platinum,331824,180513.96,151310.04,Active,2026-08-03,2031-08-03
CC002404,C09182,Gold,238258,60287.84,177970.16,Expired,2025-07-10,2030-07-10
CC002405,C00560,Silver,173153,111176.19,61976.81,Active,2024-12-25,2029-12-25
CC002406,C06914,Platinum,1239905,950590.3,289314.7,Expired,2019-02-17,2024-02-17
CC002407,C07792,Gold,215069,77248.37,137820.63,Active,2020-01-18,2025-01-18
CC002408,C00514,Platinum,1443753,651796.21,791956.79,Active,2023-11-25,2028-11-25
CC002409,C01524,Silver,149537,58295.15,91241.85,Active,2025-11-04,2030-11-04
CC002410,C05803,Platinum,646535,301426.82,345108.18,Active,2026-07-26,2031-07-26
CC002411,C08102,Gold,384354,161880.87,222473.13,Active,2026-07-25,2031-07-25
CC002412,C09971,Gold,370558,177843.39,192714.61,Active,2026-03-28,2031-03-28
CC002413,C04088,Platinum,658745,358274.98,300470.02,Active,2024-08-02,2029-08-02
CC002414,C00128,Platinum,304045,242249.15,61795.85,Active,2026-07-05,2031-07-05
CC002415,C06167,Silver,34306,18229.6,16076.4,Active,2026-03-13,2031-03-13
CC002416,C04009,Gold,771194,130942.15,640251.85,Active,2022-04-06,2027-04-06
CC002417,C01955,Silver,38555,21875.99,16679.01,Active,2025-10-15,2030-10-15
CC002418,C06757,Gold,676713,328958.0,347755.0,Active,2026-08-01,2031-08-01
CC002419,C02725,Platinum,330485,114159.29,216325.71,Active,2025-06-07,2030-06-07
CC002420,C00208,Gold,615035,64777.7,550257.3,Active,2025-11-02,2030-11-02
CC002421,C07405,Silver,104345,29981.07,74363.93,Active,2026-02-03,2031-02-03
CC002422,C00167,Gold,634861,362702.8,272158.2,Active,2025-09-17,2030-09-17
CC002423,C04131,Platinum,868523,96294.05,772228.95,Active,2024-03-28,2029-03-28
CC002424,C05661,Gold,744172,501589.84,242582.16,Active,2025-09-18,2030-09-18
CC002425,C01633,Gold,799982,635970.0,164012.0,Active,2026-02-21,2031-02-21
CC002426,C08985,Platinum,1204038,639810.79,564227.21,Active,2025-01-02,2030-01-02
CC002427,C02815,Gold,649946,123625.79,526320.21,Active,2024-12-31,2029-12-31
CC002428,C05508,Platinum,382155,146053.26,236101.74,Active,2026-02-08,2031-02-08
CC002429,C08451,Gold,442189,75041.48,367147.52,Active,2023-07-17,2028-07-17
CC002430,C07397,Gold,611054,421701.51,189352.49,Active,2025-01-09,2030-01-09
CC002431,C05745,Gold,779763,164792.94,614970.06,Active,2026-01-22,2031-01-22
CC002432,C02406,Gold,226885,92159.49,134725.51,Active,2026-05-13,2031-05-13
CC002433,C09701,Gold,229169,122071.39,107097.61,Active,2026-07-07,2031-07-07
CC002434,C08414,Gold,179892,66143.3,113748.7,Active,2025-09-05,2030-09-05
CC002435,C09089,Gold,675745,367689.21,308055.79,Active,2026-05-11,2031-05-11
CC002436,C01020,Platinum,2168439,1579786.89,588652.11,Active,2025-08-09,2030-08-09
CC002437,C02528,Gold,457167,278149.01,179017.99,Active,2023-11-18,2028-11-18
CC002438,C05428,Gold,473132,265654.34,207477.66,Active,2026-04-05,2031-04-05
CC002439,C00572,Gold,194479,22598.18,171880.82,Expired,2019-02-19,2024-02-19
CC002440,C02428,Gold,59080,24895.69,34184.31,Active,2023-07-23,2028-07-23
CC002441,C04662,Platinum,1392367,394591.62,997775.38,Active,2024-01-05,2029-01-05
CC002442,C01011,Gold,578952,427789.6,151162.4,Active,2023-04-04,2028-04-04
CC002443,C02952,Gold,223023,86894.58,136128.42,Active,2025-02-13,2030-02-13
CC002444,C05229,Platinum,1241022,721201.92,519820.08,Active,2026-05-12,2031-05-12
CC002445,C01350,Gold,672780,448060.94,224719.06,Active,2023-11-14,2028-11-14
CC002446,C05027,Silver,76839,43165.57,33673.43,Active,2025-07-06,2030-07-06
CC002447,C00177,Platinum,322900,252876.27,70023.73,Expired,2026-04-15,2031-04-15
CC002448,C06752,Gold,773028,80016.27,693011.73,Active,2024-02-05,2029-02-05
CC002449,C01667,Gold,327500,76959.78,250540.22,Active,2025-04-16,2030-04-16
CC002450,C03524,Gold,736603,466028.6,270574.4,Active,2026-01-31,2031-01-31
CC002451,C06455,Platinum,1254993,151412.81,1103580.19,Active,2022-06-18,2027-06-18
CC002452,C02587,Gold,332729,95597.49,237131.51,Active,2026-05-30,2031-05-30
CC002453,C06244,Platinum,565484,336835.35,228648.65,Active,2023-03-28,2028-03-28
CC002454,C05560,Silver,159971,64827.19,95143.81,Blocked,2022-05-25,2027-05-25
CC002455,C03786,Platinum,462241,102188.39,360052.61,Active,2026-03-11,2031-03-11
CC002456,C08562,Gold,103684,80179.86,23504.14,Active,2025-03-30,2030-03-30
CC002457,C05984,Gold,184030,58541.71,125488.29,Active,2025-01-03,2030-01-03
CC002458,C07477,Platinum,711528,287051.86,424476.14,Active,2024-05-21,2029-05-21
CC002459,C01261,Silver,101217,67929.21,33287.79,Active,2019-11-18,2024-11-18
CC002460,C06002,Platinum,650167,155913.0,494254.0,Active,2024-09-24,2029-09-24
CC002461,C07494,Gold,46847,19421.94,27425.06,Active,2021-01-21,2026-01-21
CC002462,C00692,Platinum,465356,237707.79,227648.21,Active,2022-01-13,2027-01-13
CC002463,C08792,Gold,199108,152370.32,46737.68,Active,2025-06-06,2030-06-06
CC002464,C08430,Gold,320219,72348.03,247870.97,Active,2024-08-24,2029-08-24
CC002465,C01841,Platinum,575122,156273.7,418848.3,Active,2025-08-22,2030-08-22
CC002466,C07164,Platinum,1104170,712918.61,391251.39,Active,2023-07-19,2028-07-19
CC002467,C01586,Gold,211430,127230.5,84199.5,Active,2026-08-04,2031-08-04
CC002468,C01751,Silver,114295,83334.86,30960.14,Active,2026-06-02,2031-06-02
CC002469,C08820,Gold,422481,198178.93,224302.07,Active,2025-12-03,2030-12-03
CC002470,C09128,Platinum,2074867,1581857.32,493009.68,Active,2025-04-16,2030-04-16
CC002471,C01823,Platinum,642237,370886.95,271350.05,Active,2026-07-23,2031-07-23
CC002472,C07831,Platinum,407775,97044.85,310730.15,Active,2026-03-14,2031-03-14
CC002473,C03308,Silver,101936,40251.07,61684.93,Active,2024-05-24,2029-05-24
CC002474,C05967,Gold,542753,278877.22,263875.78,Active,2026-03-06,2031-03-06
CC002475,C08648,Platinum,837405,461047.25,376357.75,Active,2022-08-13,2027-08-13
CC002476,C08902,Platinum,684202,204614.76,479587.24,Active,2026-04-12,2031-04-12
CC002477,C05327,Platinum,1918761,1424918.23,493842.77,Active,2024-10-27,2029-10-27
CC002478,C01232,Platinum,272827,117022.42,155804.58,Active,2025-11-15,2030-11-15
CC002479,C09748,Gold,515619,150700.73,364918.27,Active,2023-08-18,2028-08-18
CC002480,C06618,Gold,783480,503173.89,280306.11,Active,2026-07-18,2031-07-18
CC002481,C08826,Gold,512941,301363.02,211577.98,Active,2025-05-22,2030-05-22
CC002482,C01581,Platinum,327310,225893.96,101416.04,Active,2024-12-28,2029-12-28
CC002483,C03034,Platinum,1269792,169496.87,1100295.13,Active,2024-08-13,2029-08-13
CC002484,C09002,Silver,114635,80585.21,34049.79,Active,2024-09-15,2029-09-15
CC002485,C00330,Silver,53073,12409.09,40663.91,Active,2024-10-09,2029-10-09
CC002486,C00820,Gold,763670,605357.79,158312.21,Active,2025-07-16,2030-07-16
CC002487,C03331,Platinum,472302,339265.65,133036.35,Active,2026-03-04,2031-03-04
CC002488,C09323,Platinum,1438142,219359.11,1218782.89,Active,2023-04-26,2028-04-26
CC002489,C03607,Platinum,1595987,461141.99,1134845.01,Active,2025-11-19,2030-11-19
CC002490,C06162,Gold,683072,125638.11,557433.89,Active,2025-05-28,2030-05-28
CC002491,C05202,Gold,633370,345713.96,287656.04,Active,2023-06-02,2028-06-02
CC002492,C00736,Gold,452207,228147.16,224059.84,Active,2025-09-12,2030-09-12
CC002493,C04780,Platinum,537548,344488.06,193059.94,Active,2024-12-20,2029-12-20
CC002494,C03476,Gold,510624,305336.28,205287.72,Active,2026-08-03,2031-08-03
CC002495,C09499,Platinum,454149,255066.68,199082.32,Active,2026-08-02,2031-08-02
CC002496,C05507,Platinum,963612,147048.23,816563.77,Active,2026-07-22,2031-07-22
CC002497,C09622,Gold,426634,182473.61,244160.39,Active,2025-08-10,2030-08-10
CC002498,C06447,Gold,556987,137053.9,419933.1,Active,2026-03-10,2031-03-10
CC002499,C08557,Gold,528580,334243.11,194336.89,Active,2021-05-03,2026-05-03
CC002500,C02244,Silver,70369,48798.43,21570.57,Active,2026-04-20,2031-04-20
CC002501,C08613,Platinum,1562616,578016.38,984599.62,Active,2026-02-04,2031-02-04
CC002502,C03756,Platinum,1225765,791862.26,433902.74,Active,2022-12-24,2027-12-24
CC002503,C09391,Platinum,1144344,664161.47,480182.53,Blocked,2023-07-17,2028-07-17
CC002504,C00854,Gold,307022,62357.03,244664.97,Active,2025-11-05,2030-11-05
CC002505,C05224,Platinum,452248,50476.1,401771.9,Active,2022-08-20,2027-08-20
CC002506,C06740,Gold,699374,393971.26,305402.74,Active,2024-05-15,2029-05-15
CC002507,C09625,Platinum,1954071,310397.8,1643673.2,Active,2024-09-06,2029-09-06
CC002508,C09810,Gold,726584,291791.7,434792.3,Active,2026-05-06,2031-05-06
CC002509,C09445,Gold,587743,99016.41,488726.59,Active,2022-09-06,2027-09-06
CC002510,C08679,Gold,140779,33188.95,107590.05,Active,2026-05-23,2031-05-23
CC002511,C02990,Gold,489329,230324.19,259004.81,Active,2026-01-26,2031-01-26
CC002512,C05310,Silver,43073,23795.31,19277.69,Blocked,2025-09-02,2030-09-02
CC002513,C05032,Gold,255718,185789.59,69928.41,Active,2026-01-16,2031-01-16
CC002514,C04902,Gold,757980,129404.16,628575.84,Active,2025-04-23,2030-04-23
CC002515,C05140,Platinum,624211,233664.44,390546.56,Active,2025-01-05,2030-01-05
CC002516,C03472,Platinum,481298,214957.39,266340.61,Active,2022-10-15,2027-10-15
CC002517,C06987,Platinum,2135674,644108.14,1491565.86,Active,2026-05-16,2031-05-16
CC002518,C02000,Platinum,298820,68595.68,230224.32,Active,2024-06-06,2029-06-06
CC002519,C05340,Platinum,520155,362441.28,157713.72,Active,2024-08-04,2029-08-04
CC002520,C06613,Silver,48207,10444.13,37762.87,Active,2021-09-02,2026-09-02
CC002521,C06942,Gold,213353,120805.15,92547.85,Active,2026-08-02,2031-08-02
CC002522,C07813,Gold,476648,341699.55,134948.45,Active,2025-04-03,2030-04-03
CC002523,C08583,Gold,32551,16789.92,15761.08,Blocked,2024-08-03,2029-08-03
CC002524,C09131,Gold,712027,506431.32,205595.68,Active,2025-08-20,2030-08-20
CC002525,C05919,Gold,218235,108481.72,109753.28,Expired,2023-02-07,2028-02-07
CC002526,C00757,Platinum,750784,339506.42,411277.58,Active,2023-11-05,2028-11-05
CC002527,C05414,Platinum,1009699,316259.53,693439.47,Active,2025-10-28,2030-10-28
CC002528,C05000,Gold,567820,450199.03,117620.97,Active,2021-07-11,2026-07-11
CC002529,C01818,Gold,581985,245088.74,336896.26,Active,2025-12-18,2030-12-18
CC002530,C07385,Gold,549950,398142.18,151807.82,Active,2021-07-24,2026-07-24
CC002531,C04863,Platinum,707882,126663.27,581218.73,Active,2025-07-06,2030-07-06
CC002532,C04765,Gold,35433,7211.69,28221.31,Active,2026-08-01,2031-08-01
CC002533,C05079,Silver,67128,23497.22,43630.78,Active,2025-06-04,2030-06-04
CC002534,C06186,Silver,142910,50246.29,92663.71,Active,2024-02-13,2029-02-13
CC002535,C08811,Gold,596129,326150.3,269978.7,Blocked,2023-09-12,2028-09-12
CC002536,C02662,Platinum,2223549,1070508.75,1153040.25,Active,2026-03-16,2031-03-16
CC002537,C07416,Platinum,752501,167406.32,585094.68,Active,2024-03-05,2029-03-05
CC002538,C09575,Gold,547283,204529.7,342753.3,Active,2026-04-11,2031-04-11
CC002539,C02567,Gold,111087,25927.8,85159.2,Active,2020-07-31,2025-07-31
CC002540,C05124,Platinum,328934,132699.13,196234.87,Active,2024-11-13,2029-11-13
CC002541,C09921,Platinum,563853,170219.31,393633.69,Blocked,2024-07-10,2029-07-10
CC002542,C06513,Gold,354278,151072.02,203205.98,Active,2026-04-18,2031-04-18
CC002543,C05992,Platinum,2108193,1034487.34,1073705.66,Active,2026-02-18,2031-02-18
CC002544,C00729,Platinum,935510,617295.85,318214.15,Active,2023-08-06,2028-08-06
CC002545,C09148,Gold,496765,336721.93,160043.07,Active,2023-12-06,2028-12-06
CC002546,C04348,Gold,205337,82386.54,122950.46,Active,2025-08-24,2030-08-24
CC002547,C04757,Gold,463647,91061.73,372585.27,Active,2025-03-22,2030-03-22
CC002548,C09922,Gold,161594,91418.28,70175.72,Active,2025-03-11,2030-03-11
CC002549,C07758,Silver,52545,31486.96,21058.04,Active,2024-03-28,2029-03-28
CC002550,C06412,Platinum,1706076,869514.23,836561.77,Active,2022-07-21,2027-07-21
CC002551,C04204,Gold,696162,524247.81,171914.19,Active,2026-07-30,2031-07-30
CC002552,C07908,Platinum,605002,239456.34,365545.66,Blocked,2025-11-16,2030-11-16
CC002553,C08389,Platinum,1347903,1003023.0,344880.0,Active,2021-07-14,2026-07-14
CC002554,C03742,Platinum,1713972,985955.96,728016.04,Active,2025-01-16,2030-01-16
CC002555,C09631,Gold,409197,112535.03,296661.97,Active,2024-09-02,2029-09-02
CC002556,C03143,Gold,519811,83127.42,436683.58,Active,2020-10-10,2025-10-10
CC002557,C08217,Silver,173086,39526.01,133559.99,Active,2024-09-27,2029-09-27
CC002558,C00421,Platinum,300707,59247.37,241459.63,Active,2022-11-18,2027-11-18
CC002559,C08818,Gold,574927,245991.26,328935.74,Active,2026-07-31,2031-07-31
CC002560,C05811,Gold,630187,266505.32,363681.68,Active,2025-12-20,2030-12-20
CC002561,C08998,Silver,140341,22721.25,117619.75,Active,2025-05-26,2030-05-26
CC002562,C09865,Gold,93608,47386.77,46221.23,Active,2026-07-16,2031-07-16
CC002563,C05019,Platinum,793047,566603.27,226443.73,Active,2023-06-06,2028-06-06
CC002564,C09533,Platinum,332053,126864.0,205189.0,Active,2021-02-23,2026-02-23
CC002565,C04919,Gold,165792,69989.84,95802.16,Active,2024-12-16,2029-12-16
CC002566,C09113,Silver,58062,19360.1,38701.9,Active,2024-08-20,2029-08-20
CC002567,C00114,Gold,704855,411223.0,293632.0,Active,2023-01-12,2028-01-12
CC002568,C07502,Gold,735634,454294.01,281339.99,Active,2026-06-15,2031-06-15
CC002569,C09876,Silver,67788,33448.94,34339.06,Blocked,2026-05-15,2031-05-15
CC002570,C06230,Gold,362293,112537.1,249755.9,Active,2026-07-29,2031-07-29
CC002571,C05757,Platinum,813528,540127.1,273400.9,Active,2025-08-16,2030-08-16
CC002572,C02617,Gold,270403,27047.06,243355.94,Active,2026-08-03,2031-08-03
CC002573,C05313,Gold,301568,82341.41,219226.59,Active,2021-06-27,2026-06-27
CC002574,C07599,Gold,730374,299943.5,430430.5,Active,2023-02-09,2028-02-09
CC002575,C08205,Platinum,1648418,723002.18,925415.82,Active,2023-10-10,2028-10-10
CC002576,C08378,Gold,773276,218210.81,555065.19,Active,2026-05-30,2031-05-30
CC002577,C01185,Gold,329180,132543.53,196636.47,Active,2022-02-17,2027-02-17
CC002578,C09450,Gold,452373,99315.26,353057.74,Active,2026-06-03,2031-06-03
CC002579,C08001,Platinum,1798576,784766.42,1013809.58,Active,2023-01-24,2028-01-24
CC002580,C05318,Gold,716910,256035.51,460874.49,Active,2026-07-26,2031-07-26
CC002581,C01108,Gold,312549,132762.87,179786.13,Active,2025-05-31,2030-05-31
CC002582,C06166,Gold,497189,208798.3,288390.7,Active,2025-06-06,2030-06-06
CC002583,C05289,Gold,517468,64092.8,453375.2,Active,2026-03-21,2031-03-21
CC002584,C06519,Platinum,1732140,224904.97,1507235.03,Active,2026-07-16,2031-07-16
CC002585,C03639,Platinum,1781272,1278413.45,502858.55,Active,2025-04-13,2030-04-13
CC002586,C08849,Silver,71501,25055.62,46445.38,Active,2023-01-10,2028-01-10
CC002587,C09162,Gold,565779,414028.79,151750.21,Active,2022-09-07,2027-09-07
CC002588,C07398,Platinum,1165946,651931.1,514014.9,Active,2026-02-28,2031-02-28
CC002589,C08591,Platinum,555772,234334.16,321437.84,Active,2023-01-03,2028-01-03
CC002590,C05998,Gold,517645,386387.75,131257.25,Active,2026-06-19,2031-06-19
CC002591,C06680,Platinum,707243,257129.45,450113.55,Active,2022-12-03,2027-12-03
CC002592,C07184,Silver,181005,107869.95,73135.05,Active,2025-06-15,2030-06-15
CC002593,C07032,Platinum,471818,89926.33,381891.67,Active,2024-06-10,2029-06-10
CC002594,C02969,Gold,121251,61734.37,59516.63,Active,2025-07-15,2030-07-15
CC002595,C07979,Gold,230955,160842.1,70112.9,Active,2022-02-27,2027-02-27
CC002596,C07585,Silver,57845,26007.33,31837.67,Active,2022-08-20,2027-08-20
CC002597,C04165,Gold,442781,348437.6,94343.4,Active,2025-03-22,2030-03-22
CC002598,C06737,Platinum,1296222,225286.32,1070935.68,Active,2026-04-04,2031-04-04
CC002599,C07335,Platinum,602740,379165.48,223574.52,Active,2024-01-09,2029-01-09
CC002600,C03678,Gold,462651,83338.09,379312.91,Active,2023-04-29,2028-04-29
CC002601,C02947,Gold,592505,310812.31,281692.69,Active,2024-08-02,2029-08-02
CC002602,C07353,Platinum,1473519,258400.28,1215118.72,Active,2023-11-19,2028-11-19
CC002603,C02124,Gold,783499,187894.11,595604.89,Active,2025-10-19,2030-10-19
CC002604,C05028,Gold,499986,128920.18,371065.82,Active,2026-01-21,2031-01-21
CC002605,C05918,Gold,754203,502352.41,251850.59,Active,2024-11-04,2029-11-04
CC002606,C01484,Gold,300879,72956.46,227922.54,Active,2026-07-25,2031-07-25
CC002607,C05286,Platinum,577027,370491.71,206535.29,Active,2024-01-01,2029-01-01
CC002608,C09607,Platinum,557261,128010.12,429250.88,Active,2026-05-30,2031-05-30
CC002609,C07208,Platinum,753810,337196.42,416613.58,Active,2023-04-25,2028-04-25
CC002610,C07613,Gold,696744,313949.5,382794.5,Active,2021-10-19,2026-10-19
CC002611,C09784,Platinum,344570,227801.13,116768.87,Active,2023-06-04,2028-06-04
CC002612,C00186,Platinum,274310,136717.94,137592.06,Active,2026-03-30,2031-03-30
CC002613,C01148,Gold,305814,55826.12,249987.88,Active,2023-11-03,2028-11-03
CC002614,C01628,Silver,116748,13517.05,103230.95,Active,2020-10-05,2025-10-05
CC002615,C03621,Silver,95898,35798.58,60099.42,Active,2026-05-01,2031-05-01
CC002616,C08429,Platinum,365531,284266.28,81264.72,Active,2026-04-01,2031-04-01
CC002617,C07197,Gold,742910,558866.18,184043.82,Active,2026-05-04,2031-05-04
CC002618,C05927,Platinum,918799,443007.33,475791.67,Active,2025-03-08,2030-03-08
CC002619,C06621,Gold,475831,265162.73,210668.27,Active,2024-11-13,2029-11-13
CC002620,C01734,Gold,410251,137097.22,273153.78,Active,2023-06-08,2028-06-08
CC002621,C03108,Gold,773662,519694.81,253967.19,Active,2024-08-14,2029-08-14
CC002622,C00224,Platinum,265356,70301.31,195054.69,Active,2025-06-10,2030-06-10
CC002623,C07434,Platinum,237079,81102.81,155976.19,Active,2025-05-18,2030-05-18
CC002624,C08840,Gold,284508,205205.11,79302.89,Active,2026-06-01,2031-06-01
CC002625,C03852,Silver,40942,7076.53,33865.47,Active,2026-07-14,2031-07-14
CC002626,C02972,Platinum,1534543,616979.73,917563.27,Active,2025-05-21,2030-05-21
CC002627,C00581,Platinum,438818,50468.58,388349.42,Active,2026-06-09,2031-06-09
CC002628,C01214,Platinum,405703,192274.86,213428.14,Active,2021-06-05,2026-06-05
CC002629,C06688,Platinum,218973,106584.49,112388.51,Active,2025-11-17,2030-11-17
CC002630,C06610,Platinum,331320,132794.07,198525.93,Active,2026-05-15,2031-05-15
CC002631,C00254,Platinum,1718453,313780.56,1404672.44,Active,2025-11-11,2030-11-11
CC002632,C02434,Gold,122219,28788.92,93430.08,Active,2026-07-31,2031-07-31
CC002633,C01124,Gold,443304,72876.33,370427.67,Active,2026-01-19,2031-01-19
CC002634,C07582,Platinum,2378251,1716704.18,661546.82,Active,2024-01-27,2029-01-27
CC002635,C04823,Gold,215622,153367.41,62254.59,Active,2025-04-22,2030-04-22
CC002636,C08590,Platinum,918813,173381.05,745431.95,Active,2025-08-16,2030-08-16
CC002637,C02201,Silver,121663,63470.52,58192.48,Active,2022-09-19,2027-09-19
CC002638,C06241,Platinum,1072034,562053.16,509980.84,Active,2023-09-19,2028-09-19
CC002639,C02830,Gold,280534,43052.01,237481.99,Active,2021-11-02,2026-11-02
CC002640,C01510,Platinum,2279027,1400810.87,878216.13,Active,2023-03-25,2028-03-25
CC002641,C05370,Gold,87746,36017.92,51728.08,Active,2022-08-29,2027-08-29
CC002642,C09444,Gold,778190,237253.31,540936.69,Active,2024-08-18,2029-08-18
CC002643,C01584,Platinum,1361062,439896.96,921165.04,Active,2022-07-15,2027-07-15
CC002644,C01560,Gold,563473,411503.07,151969.93,Active,2023-06-29,2028-06-29
CC002645,C04751,Platinum,493374,76429.68,416944.32,Active,2024-05-04,2029-05-04
CC002646,C06958,Platinum,746302,195064.8,551237.2,Active,2021-08-02,2026-08-02
CC002647,C08105,Platinum,1580958,960333.22,620624.78,Active,2026-03-31,2031-03-31
CC002648,C06056,Gold,446525,262931.49,183593.51,Active,2022-10-23,2027-10-23
CC002649,C05303,Silver,59946,6887.96,53058.04,Active,2023-03-12,2028-03-12
CC002650,C00356,Gold,602838,187054.0,415784.0,Blocked,2026-06-12,2031-06-12
CC002651,C08084,Platinum,2078733,766543.98,1312189.02,Active,2026-02-01,2031-02-01
CC002652,C01320,Silver,146397,19191.31,127205.69,Active,2025-06-10,2030-06-10
CC002653,C09723,Gold,652025,308241.14,343783.86,Active,2022-06-13,2027-06-13
CC002654,C04205,Platinum,2400119,824352.5,1575766.5,Active,2022-06-07,2027-06-07
CC002655,C00334,Platinum,552550,412141.01,140408.99,Active,2022-10-19,2027-10-19
CC002656,C02525,Platinum,427062,269081.75,157980.25,Active,2026-06-26,2031-06-26
CC002657,C06352,Platinum,655161,462556.51,192604.49,Active,2024-10-13,2029-10-13
CC002658,C09735,Platinum,259893,172875.02,87017.98,Active,2026-06-29,2031-06-29
CC002659,C03900,Platinum,2221805,669191.97,1552613.03,Expired,2024-10-20,2029-10-20
CC002660,C08576,Silver,141105,70668.46,70436.54,Active,2021-09-09,2026-09-09
CC002661,C01363,Platinum,1140889,881009.89,259879.11,Active,2025-09-16,2030-09-16
CC002662,C04947,Platinum,1299598,249926.86,1049671.14,Active,2021-07-27,2026-07-27
CC002663,C04055,Platinum,487721,77974.79,409746.21,Active,2023-06-05,2028-06-05
CC002664,C05518,Gold,553928,276829.86,277098.14,Active,2024-02-11,2029-02-11
CC002665,C07186,Gold,481802,270513.01,211288.99,Active,2023-03-11,2028-03-11
CC002666,C04540,Platinum,212938,39822.49,173115.51,Active,2025-06-16,2030-06-16
CC002667,C05219,Silver,99341,68874.59,30466.41,Active,2026-07-28,2031-07-28
CC002668,C06377,Gold,209301,89268.48,120032.52,Blocked,2025-12-22,2030-12-22
CC002669,C07029,Gold,783646,197862.58,585783.42,Active,2026-06-09,2031-06-09
CC002670,C04779,Platinum,489874,356594.47,133279.53,Active,2026-03-15,2031-03-15
CC002671,C07407,Platinum,661834,149483.64,512350.36,Active,2024-10-28,2029-10-28
CC002672,C04876,Gold,718970,135925.4,583044.6,Active,2023-02-12,2028-02-12
CC002673,C06854,Gold,251988,66240.27,185747.73,Active,2026-05-10,2031-05-10
CC002674,C00768,Gold,731333,513687.71,217645.29,Active,2026-04-14,2031-04-14
CC002675,C06771,Gold,439025,62591.36,376433.64,Active,2025-11-17,2030-11-17
CC002676,C06619,Gold,469950,52297.32,417652.68,Active,2023-12-14,2028-12-14
CC002677,C08888,Platinum,1933387,1165491.13,767895.87,Active,2025-05-13,2030-05-13
CC002678,C08775,Platinum,962485,437792.61,524692.39,Active,2022-01-14,2027-01-14
CC002679,C05888,Silver,83488,27388.43,56099.57,Active,2023-09-03,2028-09-03
CC002680,C02168,Platinum,636175,95410.49,540764.51,Active,2025-08-07,2030-08-07
CC002681,C09013,Gold,225894,74223.88,151670.12,Active,2026-02-18,2031-02-18
CC002682,C07661,Platinum,1655926,1205803.18,450122.82,Active,2024-12-04,2029-12-04
CC002683,C09372,Platinum,508347,272139.22,236207.78,Active,2026-08-03,2031-08-03
CC002684,C09827,Gold,357352,263836.86,93515.14,Active,2026-06-02,2031-06-02
CC002685,C08108,Silver,112078,51282.11,60795.89,Active,2025-10-23,2030-10-23
CC002686,C03291,Gold,560765,425036.25,135728.75,Active,2024-10-27,2029-10-27
CC002687,C09186,Silver,69341,25431.7,43909.3,Expired,2025-09-13,2030-09-13
CC002688,C05788,Gold,281066,216712.46,64353.54,Expired,2023-12-08,2028-12-08
CC002689,C02661,Gold,774863,475584.47,299278.53,Active,2023-05-08,2028-05-08
CC002690,C01672,Platinum,1906785,1256082.96,650702.04,Active,2025-02-28,2030-02-28
CC002691,C09668,Platinum,745611,304740.3,440870.7,Active,2026-06-14,2031-06-14
CC002692,C07518,Platinum,507301,374260.64,133040.36,Active,2025-10-06,2030-10-06
CC002693,C09638,Platinum,579547,151623.11,427923.89,Active,2026-07-15,2031-07-15
CC002694,C01191,Platinum,452755,186311.06,266443.94,Blocked,2026-08-01,2031-08-01
CC002695,C03457,Platinum,967122,335000.64,632121.36,Active,2025-04-15,2030-04-15
CC002696,C01864,Platinum,707672,370574.57,337097.43,Active,2023-12-21,2028-12-21
CC002697,C04212,Gold,796998,541540.04,255457.96,Expired,2026-05-31,2031-05-31
CC002698,C09943,Platinum,456842,293984.13,162857.87,Active,2025-06-10,2030-06-10
CC002699,C03915,Gold,344850,180660.7,164189.3,Active,2026-05-12,2031-05-12
CC002700,C01408,Platinum,1047388,164496.65,882891.35,Active,2022-06-15,2027-06-15
CC002701,C08345,Platinum,718206,389871.55,328334.45,Active,2024-08-22,2029-08-22
CC002702,C06050,Platinum,676126,74954.37,601171.63,Active,2026-05-22,2031-05-22
CC002703,C04868,Gold,781517,467321.62,314195.38,Active,2023-04-28,2028-04-28
CC002704,C07323,Platinum,871461,595818.75,275642.25,Active,2025-03-02,2030-03-02
CC002705,C06005,Gold,276561,53283.47,223277.53,Active,2020-12-01,2025-12-01
CC002706,C07774,Platinum,1685750,586737.83,1099012.17,Active,2025-09-30,2030-09-30
CC002707,C04509,Gold,507643,93061.5,414581.5,Active,2026-01-17,2031-01-17
CC002708,C00508,Platinum,313006,249119.56,63886.44,Active,2026-06-06,2031-06-06
CC002709,C09283,Platinum,572200,437700.58,134499.42,Active,2026-04-15,2031-04-15
CC002710,C02989,Platinum,656854,198700.83,458153.17,Active,2020-04-29,2025-04-29
CC002711,C03707,Platinum,1184724,718647.92,466076.08,Active,2026-01-07,2031-01-07
CC002712,C00703,Platinum,734117,116469.6,617647.4,Active,2024-07-14,2029-07-14
CC002713,C03117,Gold,587840,336088.68,251751.32,Active,2025-08-23,2030-08-23
CC002714,C01528,Gold,385306,175725.36,209580.64,Active,2020-09-24,2025-09-24
CC002715,C00174,Platinum,301605,79196.79,222408.21,Active,2022-11-16,2027-11-16
CC002716,C04847,Gold,742824,540858.43,201965.57,Active,2023-12-19,2028-12-19
CC002717,C01847,Gold,141854,42510.81,99343.19,Active,2023-03-02,2028-03-02
CC002718,C03711,Gold,67538,8736.32,58801.68,Blocked,2026-03-04,2031-03-04
CC002719,C05260,Platinum,420914,168944.93,251969.07,Active,2024-11-07,2029-11-07
CC002720,C04766,Platinum,529638,89840.68,439797.32,Active,2021-07-27,2026-07-27
CC002721,C03278,Platinum,1374301,605578.87,768722.13,Active,2024-10-16,2029-10-16
CC002722,C02480,Gold,472031,373925.92,98105.08,Active,2024-08-27,2029-08-27
CC002723,C01494,Platinum,492163,97793.86,394369.14,Active,2024-06-26,2029-06-26
CC002724,C03714,Gold,74263,8848.07,65414.93,Active,2025-06-18,2030-06-18
CC002725,C06175,Platinum,766052,365055.3,400996.7,Active,2026-06-30,2031-06-30
CC002726,C02177,Gold,227029,81430.4,145598.6,Active,2024-05-06,2029-05-06
CC002727,C00612,Platinum,647220,396398.04,250821.96,Active,2024-01-21,2029-01-21
CC002728,C03887,Platinum,509268,378180.7,131087.3,Active,2024-10-04,2029-10-04
CC002729,C03661,Platinum,1051533,432267.91,619265.09,Active,2021-10-09,2026-10-09
CC002730,C09778,Gold,343464,273106.8,70357.2,Active,2026-07-19,2031-07-19
CC002731,C01145,Gold,570903,378251.07,192651.93,Active,2023-05-17,2028-05-17
CC002732,C00907,Gold,277961,91443.89,186517.11,Active,2026-01-29,2031-01-29
CC002733,C07297,Silver,195314,120091.79,75222.21,Active,2020-08-07,2025-08-07
CC002734,C05736,Gold,530102,384107.01,145994.99,Active,2025-06-12,2030-06-12
CC002735,C01855,Platinum,2278709,1494692.23,784016.77,Active,2022-08-19,2027-08-19
CC002736,C08651,Platinum,2186490,1500685.45,685804.55,Active,2026-02-08,2031-02-08
CC002737,C01882,Platinum,2115512,223354.51,1892157.49,Active,2025-11-21,2030-11-21
CC002738,C08633,Gold,430906,246195.27,184710.73,Active,2025-05-27,2030-05-27
CC002739,C04355,Platinum,1192387,731520.46,460866.54,Active,2023-07-28,2028-07-28
CC002740,C04944,Platinum,986041,754896.16,231144.84,Active,2025-01-24,2030-01-24
CC002741,C09545,Platinum,203353,82159.32,121193.68,Active,2026-04-13,2031-04-13
CC002742,C08073,Platinum,386767,49184.74,337582.26,Active,2023-11-30,2028-11-30
CC002743,C00134,Platinum,2123358,1080214.36,1043143.64,Active,2026-06-22,2031-06-22
CC002744,C02175,Gold,388811,277814.31,110996.69,Active,2026-04-25,2031-04-25
CC002745,C07034,Platinum,708622,314029.65,394592.35,Active,2026-05-16,2031-05-16
CC002746,C01680,Gold,769810,336153.96,433656.04,Active,2023-03-10,2028-03-10
CC002747,C05665,Gold,501225,197340.21,303884.79,Active,2026-01-05,2031-01-05
CC002748,C05564,Platinum,1691007,306196.43,1384810.57,Active,2025-09-19,2030-09-19
CC002749,C04456,Gold,319051,109531.8,209519.2,Active,2019-12-07,2024-12-07
CC002750,C02447,Gold,707236,486638.19,220597.81,Active,2025-01-30,2030-01-30
CC002751,C00410,Platinum,446268,53674.34,392593.66,Active,2019-11-18,2024-11-18
CC002752,C06307,Gold,628873,89653.57,539219.43,Active,2024-09-03,2029-09-03
CC002753,C07063,Gold,533046,206747.41,326298.59,Active,2025-05-24,2030-05-24
CC002754,C06468,Platinum,1346726,994770.08,351955.92,Active,2019-05-25,2024-05-25
CC002755,C05583,Platinum,556349,303425.14,252923.86,Active,2023-02-13,2028-02-13
CC002756,C03845,Gold,432060,216355.77,215704.23,Active,2024-12-25,2029-12-25
CC002757,C05166,Gold,315674,241021.66,74652.34,Active,2026-05-19,2031-05-19
CC002758,C04220,Silver,188586,90113.39,98472.61,Blocked,2021-06-22,2026-06-22
CC002759,C00912,Platinum,1595215,260302.23,1334912.77,Active,2026-08-01,2031-08-01
CC002760,C00962,Platinum,779751,112615.81,667135.19,Active,2025-06-04,2030-06-04
CC002761,C05441,Gold,761483,181924.28,579558.72,Active,2025-11-28,2030-11-28
CC002762,C05609,Silver,90118,27317.58,62800.42,Active,2024-10-15,2029-10-15
CC002763,C06681,Gold,633476,158958.49,474517.51,Active,2026-07-18,2031-07-18
CC002764,C00373,Gold,39456,27297.14,12158.86,Active,2025-08-18,2030-08-18
CC002765,C01594,Gold,725860,274778.79,451081.21,Active,2025-06-01,2030-06-01
CC002766,C08091,Gold,516110,60369.93,455740.07,Active,2023-10-24,2028-10-24
CC002767,C06934,Platinum,870837,253170.41,617666.59,Active,2025-07-09,2030-07-09
CC002768,C07799,Platinum,620217,118979.47,501237.53,Active,2019-05-24,2024-05-24
CC002769,C04191,Platinum,978083,150203.19,827879.81,Active,2026-05-19,2031-05-19
CC002770,C09058,Gold,138889,15848.34,123040.66,Active,2024-01-21,2029-01-21
CC002771,C02220,Platinum,1118447,186657.25,931789.75,Active,2021-03-28,2026-03-28
CC002772,C05210,Gold,527354,342432.17,184921.83,Active,2025-10-16,2030-10-16
CC002773,C04665,Platinum,516831,150829.28,366001.72,Active,2025-10-14,2030-10-14
CC002774,C09055,Gold,694299,252451.63,441847.37,Active,2025-11-06,2030-11-06
CC002775,C02537,Gold,626068,308462.06,317605.94,Active,2026-06-15,2031-06-15
CC002776,C06673,Gold,169776,77182.79,92593.21,Active,2025-08-03,2030-08-03
CC002777,C03929,Gold,133191,102026.99,31164.01,Active,2026-07-22,2031-07-22
CC002778,C00088,Platinum,1748479,449083.9,1299395.1,Expired,2022-04-20,2027-04-20
CC002779,C04110,Gold,443390,183102.2,260287.8,Active,2021-08-11,2026-08-11
CC002780,C03409,Gold,525698,174902.26,350795.74,Active,2026-07-10,2031-07-10
CC002781,C06900,Platinum,300022,147796.78,152225.22,Active,2025-03-16,2030-03-16
CC002782,C05461,Platinum,462111,73347.25,388763.75,Active,2024-02-14,2029-02-14
CC002783,C05701,Platinum,748830,453882.85,294947.15,Active,2025-08-24,2030-08-24
CC002784,C09523,Silver,159346,44045.89,115300.11,Active,2026-05-09,2031-05-09
CC002785,C01571,Gold,357928,44940.29,312987.71,Active,2026-06-21,2031-06-21
CC002786,C02063,Gold,205842,59221.04,146620.96,Active,2026-02-21,2031-02-21
CC002787,C08315,Gold,712467,343346.48,369120.52,Active,2024-09-03,2029-09-03
CC002788,C08707,Platinum,537471,227328.96,310142.04,Active,2025-10-27,2030-10-27
CC002789,C08493,Gold,285390,212575.96,72814.04,Active,2022-05-28,2027-05-28
CC002790,C07305,Gold,333465,210023.16,123441.84,Active,2021-07-31,2026-07-31
CC002791,C02678,Platinum,374270,89135.14,285134.86,Active,2025-08-05,2030-08-05
CC002792,C09524,Gold,644787,287980.68,356806.32,Active,2025-08-25,2030-08-25
CC002793,C03124,Gold,346659,216417.62,130241.38,Active,2021-10-28,2026-10-28
CC002794,C02106,Silver,107791,19651.19,88139.81,Expired,2023-08-04,2028-08-04
CC002795,C01377,Platinum,484276,225544.8,258731.2,Active,2025-01-07,2030-01-07
CC002796,C07532,Gold,374006,74450.5,299555.5,Active,2022-04-05,2027-04-05
CC002797,C07336,Platinum,2087650,1599968.18,487681.82,Active,2019-06-30,2024-06-30
CC002798,C05141,Platinum,695043,294709.43,400333.57,Active,2026-07-07,2031-07-07
CC002799,C02021,Gold,65478,14075.59,51402.41,Active,2024-03-25,2029-03-25
CC002800,C06159,Gold,533120,208669.6,324450.4,Active,2025-12-27,2030-12-27
CC002801,C02330,Gold,205874,65527.3,140346.7,Active,2021-02-08,2026-02-08
CC002802,C05395,Platinum,763852,321593.54,442258.46,Active,2025-07-07,2030-07-07
CC002803,C06727,Platinum,364052,53421.14,310630.86,Active,2024-12-25,2029-12-25
CC002804,C02002,Gold,120428,65052.22,55375.78,Active,2023-11-24,2028-11-24
CC002805,C01228,Gold,646867,329338.02,317528.98,Active,2019-08-14,2024-08-14
CC002806,C01753,Platinum,622857,469643.86,153213.14,Active,2024-09-14,2029-09-14
CC002807,C07131,Platinum,412429,63610.28,348818.72,Active,2025-11-16,2030-11-16
CC002808,C04229,Platinum,493586,110971.8,382614.2,Active,2023-04-17,2028-04-17
CC002809,C01065,Gold,747689,382160.25,365528.75,Active,2026-08-03,2031-08-03
CC002810,C07849,Gold,490704,381110.77,109593.23,Active,2022-01-15,2027-01-15
CC002811,C04654,Platinum,1792806,441953.03,1350852.97,Active,2024-10-25,2029-10-25
CC002812,C02798,Platinum,1253914,205562.63,1048351.37,Active,2022-07-06,2027-07-06
CC002813,C02938,Silver,73206,31685.37,41520.63,Active,2024-09-19,2029-09-19
CC002814,C07914,Gold,254724,49895.96,204828.04,Active,2024-08-16,2029-08-16
CC002815,C02270,Gold,694601,228497.72,466103.28,Active,2023-06-27,2028-06-27
CC002816,C03514,Gold,787354,295472.43,491881.57,Active,2024-02-10,2029-02-10
CC002817,C00061,Platinum,572235,182104.22,390130.78,Active,2026-07-09,2031-07-09
CC002818,C05263,Gold,424289,326173.05,98115.95,Blocked,2022-10-02,2027-10-02
CC002819,C08617,Platinum,349824,240648.57,109175.43,Active,2020-11-30,2025-11-30
CC002820,C01679,Gold,462709,268258.92,194450.08,Active,2025-01-04,2030-01-04
CC002821,C09306,Gold,565093,126924.8,438168.2,Active,2023-12-04,2028-12-04
CC002822,C03924,Platinum,2416368,1374979.52,1041388.48,Active,2024-12-30,2029-12-30
CC002823,C00550,Gold,786986,561440.84,225545.16,Active,2026-05-09,2031-05-09
CC002824,C02772,Gold,592383,133466.21,458916.79,Active,2025-04-13,2030-04-13
CC002825,C02162,Gold,663555,234031.84,429523.16,Active,2025-10-29,2030-10-29
CC002826,C01061,Silver,116101,19258.36,96842.64,Active,2025-03-12,2030-03-12
CC002827,C04959,Platinum,827251,434093.42,393157.58,Active,2026-03-14,2031-03-14
CC002828,C05360,Gold,701989,265917.51,436071.49,Expired,2025-12-26,2030-12-26
CC002829,C03962,Platinum,487492,262119.23,225372.77,Expired,2021-07-23,2026-07-23
CC002830,C03004,Platinum,2305817,1727754.18,578062.82,Expired,2026-06-08,2031-06-08
CC002831,C00855,Platinum,714117,158276.66,555840.34,Active,2025-10-29,2030-10-29
CC002832,C04483,Platinum,1944179,1293270.75,650908.25,Active,2022-01-08,2027-01-08
CC002833,C07492,Gold,360633,214197.14,146435.86,Active,2024-06-23,2029-06-23
CC002834,C01612,Platinum,973695,383344.51,590350.49,Active,2026-04-29,2031-04-29
CC002835,C09890,Gold,265352,84903.51,180448.49,Active,2025-02-24,2030-02-24
CC002836,C04892,Gold,403614,225448.15,178165.85,Active,2024-06-21,2029-06-21
CC002837,C05678,Gold,531853,387409.99,144443.01,Active,2025-08-20,2030-08-20
CC002838,C09342,Platinum,584047,269501.66,314545.34,Blocked,2026-03-26,2031-03-26
CC002839,C07179,Gold,264470,38472.04,225997.96,Active,2026-05-28,2031-05-28
CC002840,C06045,Gold,479588,76148.07,403439.93,Active,2020-05-02,2025-05-02
CC002841,C01398,Gold,408334,237691.91,170642.09,Active,2025-11-19,2030-11-19
CC002842,C05730,Platinum,203381,64637.57,138743.43,Active,2025-12-15,2030-12-15
CC002843,C00979,Gold,688900,342880.19,346019.81,Active,2025-03-08,2030-03-08
CC002844,C09457,Platinum,1770992,286393.08,1484598.92,Active,2026-07-22,2031-07-22
CC002845,C02753,Platinum,981230,225644.85,755585.15,Active,2023-09-08,2028-09-08
CC002846,C02750,Platinum,377561,246213.45,131347.55,Active,2025-09-10,2030-09-10
CC002847,C02660,Gold,285222,203659.6,81562.4,Blocked,2026-07-20,2031-07-20
CC002848,C06821,Platinum,2227931,1224520.28,1003410.72,Active,2025-11-11,2030-11-11
CC002849,C05195,Gold,339182,107636.34,231545.66,Active,2025-08-23,2030-08-23
CC002850,C03908,Gold,492514,97664.67,394849.33,Active,2025-06-04,2030-06-04
CC002851,C09045,Gold,397389,115624.14,281764.86,Active,2025-05-31,2030-05-31
CC002852,C01700,Gold,97988,57645.43,40342.57,Active,2023-06-16,2028-06-16
CC002853,C01819,Gold,581276,200076.03,381199.97,Active,2025-06-05,2030-06-05
CC002854,C02294,Platinum,2123358,1233517.93,889840.07,Active,2026-06-27,2031-06-27
CC002855,C02437,Platinum,604415,126318.48,478096.52,Active,2025-04-07,2030-04-07
CC002856,C08580,Platinum,1709856,586215.7,1123640.3,Active,2025-06-08,2030-06-08
CC002857,C06030,Platinum,417523,141760.25,275762.75,Blocked,2023-07-06,2028-07-06
CC002858,C05800,Gold,482014,78823.87,403190.13,Active,2025-09-27,2030-09-27
CC002859,C04945,Gold,690406,195103.31,495302.69,Active,2026-04-17,2031-04-17
CC002860,C00598,Gold,395481,171103.62,224377.38,Active,2025-08-27,2030-08-27
CC002861,C02762,Gold,791155,288405.36,502749.64,Active,2026-04-05,2031-04-05
CC002862,C05107,Gold,309694,167430.01,142263.99,Active,2026-06-07,2031-06-07
CC002863,C03949,Gold,641878,277835.06,364042.94,Active,2025-01-24,2030-01-24
CC002864,C05593,Gold,79050,58434.09,20615.91,Active,2025-03-18,2030-03-18
CC002865,C07681,Gold,395203,247567.66,147635.34,Active,2026-07-22,2031-07-22
CC002866,C00038,Silver,185602,93390.41,92211.59,Active,2023-05-27,2028-05-27
CC002867,C07690,Silver,93855,25979.28,67875.72,Active,2026-01-11,2031-01-11
CC002868,C02328,Gold,620639,192473.38,428165.62,Expired,2024-10-26,2029-10-26
CC002869,C07276,Platinum,2400489,1810756.33,589732.67,Active,2026-06-22,2031-06-22
CC002870,C03766,Gold,646582,415009.12,231572.88,Blocked,2024-09-10,2029-09-10
CC002871,C07782,Gold,229942,49395.72,180546.28,Active,2026-08-05,2031-08-05
CC002872,C07534,Gold,749543,179083.44,570459.56,Expired,2022-04-01,2027-04-01
CC002873,C06477,Platinum,336200,189746.07,146453.93,Active,2026-06-08,2031-06-08
CC002874,C08776,Platinum,989579,313193.32,676385.68,Active,2026-01-04,2031-01-04
CC002875,C01301,Platinum,680995,256868.39,424126.61,Active,2024-08-09,2029-08-09
CC002876,C00794,Platinum,410141,294509.26,115631.74,Active,2020-02-11,2025-02-11
CC002877,C08019,Gold,447656,313553.28,134102.72,Active,2026-03-16,2031-03-16
CC002878,C09108,Platinum,361625,209489.18,152135.82,Active,2025-06-30,2030-06-30
CC002879,C01360,Silver,155132,32815.21,122316.79,Active,2025-01-02,2030-01-02
CC002880,C03223,Platinum,1626377,958173.22,668203.78,Active,2024-09-21,2029-09-21
CC002881,C01082,Platinum,685998,407727.62,278270.38,Active,2024-04-20,2029-04-20
CC002882,C09661,Platinum,1069489,345284.19,724204.81,Active,2026-05-14,2031-05-14
CC002883,C01135,Gold,543001,395638.62,147362.38,Active,2024-09-19,2029-09-19
CC002884,C05319,Platinum,645217,334130.28,311086.72,Active,2025-01-02,2030-01-02
CC002885,C00135,Silver,183728,21831.92,161896.08,Active,2024-01-05,2029-01-05
CC002886,C09619,Gold,446580,160051.05,286528.95,Active,2023-12-27,2028-12-27
CC002887,C05615,Platinum,617522,457096.08,160425.92,Active,2025-07-10,2030-07-10
CC002888,C04145,Gold,397101,52009.73,345091.27,Active,2026-04-27,2031-04-27
CC002889,C03817,Platinum,1605445,895567.72,709877.28,Active,2020-05-17,2025-05-17
CC002890,C08399,Gold,605605,346824.57,258780.43,Active,2024-09-05,2029-09-05
CC002891,C09097,Gold,642223,144925.69,497297.31,Active,2023-08-30,2028-08-30
CC002892,C07360,Gold,311600,132568.94,179031.06,Active,2022-06-30,2027-06-30
CC002893,C02271,Platinum,306330,171271.56,135058.44,Active,2026-06-23,2031-06-23
CC002894,C04347,Platinum,1137397,367740.97,769656.03,Active,2021-04-15,2026-04-15
CC002895,C03925,Gold,676779,73167.97,603611.03,Active,2026-03-20,2031-03-20
CC002896,C00985,Platinum,1685956,1078930.51,607025.49,Active,2026-03-08,2031-03-08
CC002897,C09757,Silver,196230,35551.16,160678.84,Active,2026-02-16,2031-02-16
CC002898,C06911,Platinum,726449,262231.9,464217.1,Active,2025-11-17,2030-11-17
CC002899,C04645,Gold,761013,593772.15,167240.85,Active,2026-01-17,2031-01-17
CC002900,C04561,Gold,644664,304409.14,340254.86,Active,2025-04-24,2030-04-24
CC002901,C09885,Platinum,357692,37511.06,320180.94,Blocked,2023-10-06,2028-10-06
CC002902,C04695,Platinum,470361,112100.73,358260.27,Active,2023-01-17,2028-01-17
CC002903,C02263,Platinum,677090,273829.84,403260.16,Active,2026-07-15,2031-07-15
CC002904,C03225,Platinum,1826810,771234.43,1055575.57,Active,2021-03-29,2026-03-29
CC002905,C06912,Gold,587235,162446.09,424788.91,Active,2023-06-24,2028-06-24
CC002906,C01376,Gold,224673,107825.95,116847.05,Active,2024-09-12,2029-09-12
CC002907,C07042,Gold,218369,90129.43,128239.57,Active,2024-04-16,2029-04-16
CC002908,C05083,Gold,317108,111010.36,206097.64,Active,2026-05-12,2031-05-12
CC002909,C04403,Platinum,460704,102581.99,358122.01,Active,2020-12-25,2025-12-25
CC002910,C06120,Platinum,1103341,599162.73,504178.27,Active,2026-04-07,2031-04-07
CC002911,C05625,Gold,680280,396123.22,284156.78,Active,2023-11-27,2028-11-27
CC002912,C09609,Platinum,748991,373258.01,375732.99,Active,2026-01-15,2031-01-15
CC002913,C03657,Platinum,880294,178457.88,701836.12,Expired,2026-06-23,2031-06-23
CC002914,C02049,Platinum,306034,112418.25,193615.75,Expired,2022-05-08,2027-05-08
CC002915,C08199,Gold,516655,204477.03,312177.97,Active,2023-12-05,2028-12-05
CC002916,C09155,Platinum,469335,284002.01,185332.99,Active,2024-11-26,2029-11-26
CC002917,C02859,Gold,654489,507629.55,146859.45,Active,2024-12-29,2029-12-29
CC002918,C02967,Gold,517929,274972.15,242956.85,Active,2026-06-18,2031-06-18
CC002919,C08090,Platinum,251203,90926.81,160276.19,Active,2025-01-30,2030-01-30
CC002920,C03279,Platinum,658170,192416.48,465753.52,Active,2025-09-09,2030-09-09
CC002921,C09750,Gold,725927,413784.01,312142.99,Active,2024-07-26,2029-07-26
CC002922,C05088,Platinum,2222305,665444.24,1556860.76,Active,2025-07-12,2030-07-12
CC002923,C03310,Platinum,2440078,951697.25,1488380.75,Active,2026-07-26,2031-07-26
CC002924,C07210,Platinum,2056360,1343174.78,713185.22,Active,2023-12-17,2028-12-17
CC002925,C06536,Gold,435745,49087.13,386657.87,Active,2024-01-18,2029-01-18
CC002926,C09380,Gold,501813,305962.8,195850.2,Active,2024-10-28,2029-10-28
CC002927,C09225,Silver,140300,76371.02,63928.98,Active,2025-03-03,2030-03-03
CC002928,C04363,Gold,784745,85377.95,699367.05,Active,2026-07-24,2031-07-24
CC002929,C00218,Platinum,1731938,357203.62,1374734.38,Active,2026-07-20,2031-07-20
CC002930,C08484,Platinum,1916188,1127499.88,788688.12,Active,2023-01-13,2028-01-13
CC002931,C05292,Platinum,867667,488053.1,379613.9,Active,2026-06-18,2031-06-18
CC002932,C05675,Gold,710172,350063.67,360108.33,Active,2024-07-09,2029-07-09
CC002933,C01505,Platinum,1910634,684836.22,1225797.78,Active,2022-03-10,2027-03-10
CC002934,C02720,Platinum,2214531,945972.51,1268558.49,Active,2025-07-05,2030-07-05
CC002935,C04343,Gold,568706,281751.0,286955.0,Active,2024-02-21,2029-02-21
CC002936,C08128,Gold,104419,51113.9,53305.1,Active,2022-02-17,2027-02-17
CC002937,C07727,Gold,763706,146775.26,616930.74,Active,2023-07-06,2028-07-06
CC002938,C03890,Platinum,301690,113744.61,187945.39,Active,2026-01-03,2031-01-03
CC002939,C09944,Gold,503404,113283.88,390120.12,Active,2026-07-28,2031-07-28
CC002940,C06129,Gold,135150,65554.41,69595.59,Active,2025-03-18,2030-03-18
CC002941,C02197,Gold,492426,159340.41,333085.59,Active,2024-10-29,2029-10-29
CC002942,C01043,Gold,533211,240805.16,292405.84,Active,2024-03-23,2029-03-23
CC002943,C01179,Gold,623589,278359.68,345229.32,Active,2024-04-30,2029-04-30
CC002944,C09392,Platinum,671288,140888.22,530399.78,Active,2024-09-01,2029-09-01
CC002945,C03064,Gold,203499,96227.76,107271.24,Active,2026-06-12,2031-06-12
CC002946,C00784,Gold,380638,220140.56,160497.44,Active,2025-12-11,2030-12-11
CC002947,C09547,Gold,638409,499218.71,139190.29,Active,2025-09-11,2030-09-11
CC002948,C08994,Platinum,435082,85711.34,349370.66,Active,2024-11-07,2029-11-07
CC002949,C01160,Platinum,798301,488962.23,309338.77,Blocked,2020-12-30,2025-12-30
CC002950,C00359,Gold,462081,100050.34,362030.66,Active,2023-05-06,2028-05-06
CC002951,C01322,Silver,127070,14727.88,112342.12,Active,2022-09-01,2027-09-01
CC002952,C03349,Platinum,1616503,786331.96,830171.04,Active,2021-04-16,2026-04-16
CC002953,C04141,Platinum,369218,155233.36,213984.64,Active,2024-11-26,2029-11-26
CC002954,C08958,Gold,695104,525497.67,169606.33,Active,2025-03-07,2030-03-07
CC002955,C05474,Gold,507213,73733.03,433479.97,Active,2026-04-10,2031-04-10
CC002956,C06716,Gold,681498,185049.11,496448.89,Active,2024-02-01,2029-02-01
CC002957,C03442,Platinum,385469,301037.3,84431.7,Active,2024-01-30,2029-01-30
CC002958,C01182,Platinum,2066694,1418811.92,647882.08,Active,2023-06-29,2028-06-29
CC002959,C07978,Platinum,456757,193458.77,263298.23,Blocked,2026-05-05,2031-05-05
CC002960,C08308,Gold,233892,135053.1,98838.9,Active,2026-06-07,2031-06-07
CC002961,C00015,Gold,693050,487573.34,205476.66,Active,2026-01-23,2031-01-23
CC002962,C01404,Gold,472660,339535.28,133124.72,Active,2026-03-10,2031-03-10
CC002963,C07303,Gold,189115,104573.51,84541.49,Active,2021-04-01,2026-04-01
CC002964,C09786,Gold,704163,478427.84,225735.16,Active,2026-07-31,2031-07-31
CC002965,C08385,Platinum,241844,85700.15,156143.85,Active,2025-06-21,2030-06-21
CC002966,C09099,Gold,661421,264576.32,396844.68,Active,2025-04-02,2030-04-02
CC002967,C05612,Gold,475250,299672.83,175577.17,Active,2025-12-16,2030-12-16
CC002968,C01645,Platinum,377160,134467.03,242692.97,Active,2025-04-17,2030-04-17
CC002969,C00982,Gold,454875,298801.55,156073.45,Active,2024-07-23,2029-07-23
CC002970,C09775,Gold,277667,116833.78,160833.22,Active,2023-06-21,2028-06-21
CC002971,C09141,Gold,98157,33344.92,64812.08,Active,2026-07-18,2031-07-18
CC002972,C05419,Gold,672253,396423.0,275830.0,Active,2023-07-28,2028-07-28
CC002973,C04787,Platinum,2396609,474563.78,1922045.22,Active,2026-06-29,2031-06-29
CC002974,C00530,Gold,588865,291180.55,297684.45,Active,2025-08-18,2030-08-18
CC002975,C00819,Gold,365992,182025.37,183966.63,Active,2025-01-22,2030-01-22
CC002976,C03054,Gold,107300,22330.09,84969.91,Active,2024-02-07,2029-02-07
CC002977,C07221,Platinum,2073913,631782.37,1442130.63,Active,2025-05-09,2030-05-09
CC002978,C04696,Platinum,229365,159556.25,69808.75,Active,2026-05-26,2031-05-26
CC002979,C09004,Platinum,825305,232401.61,592903.39,Active,2026-07-23,2031-07-23
CC002980,C05792,Platinum,741922,284965.74,456956.26,Active,2023-09-21,2028-09-21
CC002981,C06534,Platinum,1521868,838086.72,683781.28,Active,2020-04-29,2025-04-29
CC002982,C09747,Platinum,1897518,687003.62,1210514.38,Active,2023-09-29,2028-09-29
CC002983,C04637,Silver,74334,52743.51,21590.49,Active,2026-02-03,2031-02-03
CC002984,C03564,Silver,129581,14249.09,115331.91,Blocked,2025-09-22,2030-09-22
CC002985,C08083,Silver,111083,27159.85,83923.15,Active,2025-06-21,2030-06-21
CC002986,C04884,Platinum,325400,180596.24,144803.76,Active,2024-06-26,2029-06-26
CC002987,C07307,Gold,212793,146398.18,66394.82,Active,2026-01-13,2031-01-13
CC002988,C07733,Platinum,749577,546212.47,203364.53,Active,2021-06-15,2026-06-15
CC002989,C06315,Gold,234435,88837.7,145597.3,Active,2022-05-09,2027-05-09
CC002990,C07822,Gold,270461,78442.21,192018.79,Blocked,2023-01-23,2028-01-23
CC002991,C09956,Platinum,763849,542967.49,220881.51,Expired,2023-05-30,2028-05-30
CC002992,C00710,Silver,178557,83219.02,95337.98,Active,2025-04-02,2030-04-02
CC002993,C01796,Gold,77889,45392.88,32496.12,Active,2021-01-30,2026-01-30
CC002994,C08136,Gold,678219,152057.7,526161.3,Expired,2025-08-27,2030-08-27
CC002995,C07738,Platinum,1381910,226566.13,1155343.87,Active,2025-05-12,2030-05-12
CC002996,C05886,Platinum,266761,195882.25,70878.75,Active,2020-01-09,2025-01-09
CC002997,C04162,Gold,417822,108345.58,309476.42,Active,2023-02-05,2028-02-05
CC002998,C08239,Gold,686823,115928.28,570894.72,Active,2023-08-31,2028-08-31
CC002999,C02164,Silver,196174,29649.38,166524.62,Active,2025-09-12,2030-09-12
CC003000,C03389,Gold,699159,166523.85,532635.15,Active,2019-12-14,2024-12-14
CC003001,C01969,Gold,710898,220358.95,490539.05,Active,2019-11-06,2024-11-06
CC003002,C09955,Gold,316941,191428.25,125512.75,Active,2026-07-30,2031-07-30
CC003003,C04862,Silver,184386,122438.96,61947.04,Active,2026-07-27,2031-07-27
CC003004,C00351,Gold,200519,55388.05,145130.95,Active,2024-07-23,2029-07-23
CC003005,C02156,Gold,385107,127103.63,258003.37,Active,2021-02-15,2026-02-15
CC003006,C06299,Gold,514192,146513.83,367678.17,Active,2025-04-19,2030-04-19
CC003007,C08833,Platinum,2221538,1094962.81,1126575.19,Active,2023-04-22,2028-04-22
CC003008,C04364,Platinum,2386730,1818659.41,568070.59,Active,2025-08-22,2030-08-22
CC003009,C06235,Gold,734299,315274.53,419024.47,Active,2026-05-21,2031-05-21
CC003010,C06009,Gold,653000,372917.42,280082.58,Active,2023-04-03,2028-04-03
CC003011,C04646,Platinum,559065,305539.13,253525.87,Active,2026-06-22,2031-06-22
CC003012,C08612,Gold,313992,199069.94,114922.06,Active,2026-07-28,2031-07-28
CC003013,C03488,Platinum,1471121,936360.22,534760.78,Active,2026-03-27,2031-03-27
CC003014,C02088,Platinum,2078270,513757.38,1564512.62,Active,2020-04-14,2025-04-14
CC003015,C06545,Platinum,1202451,765333.81,437117.19,Active,2026-03-30,2031-03-30
CC003016,C01665,Platinum,364765,119634.49,245130.51,Active,2021-07-06,2026-07-06
CC003017,C05270,Platinum,2048287,1335737.2,712549.8,Active,2021-04-25,2026-04-25
CC003018,C03390,Platinum,1351247,581559.37,769687.63,Active,2020-07-05,2025-07-05
CC003019,C06704,Gold,352029,110664.78,241364.22,Active,2025-04-20,2030-04-20
CC003020,C08213,Platinum,1461329,606152.71,855176.29,Active,2024-11-16,2029-11-16
CC003021,C04923,Gold,637385,66269.41,571115.59,Active,2022-02-26,2027-02-26
CC003022,C09490,Gold,628645,218471.97,410173.03,Active,2026-05-19,2031-05-19
CC003023,C03586,Platinum,487527,55400.49,432126.51,Active,2021-07-27,2026-07-27
CC003024,C02784,Gold,468361,143486.06,324874.94,Active,2026-03-25,2031-03-25
CC003025,C05815,Gold,600982,197109.83,403872.17,Active,2021-01-20,2026-01-20
CC003026,C03696,Gold,425422,226447.49,198974.51,Active,2023-05-12,2028-05-12
CC003027,C06105,Gold,278042,75125.97,202916.03,Active,2023-09-03,2028-09-03
CC003028,C05036,Gold,692696,530904.21,161791.79,Blocked,2025-09-05,2030-09-05
CC003029,C08243,Platinum,609010,354115.37,254894.63,Active,2025-12-15,2030-12-15
CC003030,C05696,Silver,103437,81803.2,21633.8,Active,2025-08-18,2030-08-18
CC003031,C05528,Gold,258840,141777.04,117062.96,Active,2023-05-05,2028-05-05
CC003032,C01936,Gold,498042,88512.8,409529.2,Active,2024-06-11,2029-06-11
CC003033,C07647,Platinum,540310,423616.62,116693.38,Active,2026-07-08,2031-07-08
CC003034,C05836,Platinum,357726,183465.44,174260.56,Active,2026-05-02,2031-05-02
CC003035,C04788,Platinum,1719100,467008.42,1252091.58,Active,2026-03-17,2031-03-17
CC003036,C09664,Platinum,473383,231802.45,241580.55,Active,2026-07-28,2031-07-28
CC003037,C02697,Platinum,347290,222429.0,124861.0,Active,2026-03-31,2031-03-31
CC003038,C04926,Platinum,529212,407514.46,121697.54,Active,2026-07-16,2031-07-16
CC003039,C01536,Platinum,425247,97338.2,327908.8,Active,2026-03-01,2031-03-01
CC003040,C07467,Gold,549188,131414.99,417773.01,Expired,2019-05-03,2024-05-03
CC003041,C01569,Gold,224262,44446.25,179815.75,Active,2023-09-05,2028-09-05
CC003042,C02779,Gold,709982,467642.35,242339.65,Active,2024-04-27,2029-04-27
CC003043,C02423,Gold,737145,266427.83,470717.17,Active,2022-04-17,2027-04-17
CC003044,C09291,Platinum,1857408,1320907.99,536500.01,Active,2024-02-24,2029-02-24
CC003045,C00139,Gold,496376,249364.82,247011.18,Active,2025-03-09,2030-03-09
CC003046,C08491,Platinum,792767,130410.54,662356.46,Active,2025-04-02,2030-04-02
CC003047,C03096,Platinum,1131819,745884.21,385934.79,Active,2022-07-18,2027-07-18
CC003048,C07343,Gold,691202,364278.69,326923.31,Expired,2023-12-30,2028-12-30
CC003049,C05103,Platinum,2408757,1394109.55,1014647.45,Active,2026-07-23,2031-07-23
CC003050,C09789,Gold,359598,199688.58,159909.42,Active,2026-03-24,2031-03-24
CC003051,C03140,Platinum,1512632,632027.5,880604.5,Active,2019-10-12,2024-10-12
CC003052,C09345,Gold,143350,103581.54,39768.46,Active,2022-12-09,2027-12-09
CC003053,C00628,Gold,608889,68932.42,539956.58,Active,2026-02-07,2031-02-07
CC003054,C05501,Gold,471426,329480.69,141945.31,Active,2026-08-03,2031-08-03
CC003055,C05129,Platinum,1916448,805727.1,1110720.9,Active,2026-03-20,2031-03-20
CC003056,C06497,Platinum,571872,414761.88,157110.12,Active,2025-09-13,2030-09-13
CC003057,C04123,Platinum,1196041,766775.19,429265.81,Active,2026-06-23,2031-06-23
CC003058,C04429,Gold,227498,107696.51,119801.49,Blocked,2020-06-20,2025-06-20
CC003059,C07461,Gold,333508,159434.63,174073.37,Blocked,2026-07-22,2031-07-22
CC003060,C05334,Gold,530654,397951.15,132702.85,Active,2024-08-12,2029-08-12
CC003061,C03519,Gold,371220,147373.8,223846.2,Active,2026-07-04,2031-07-04
CC003062,C05890,Gold,86947,55701.88,31245.12,Active,2026-02-04,2031-02-04
CC003063,C05347,Platinum,1721993,320595.61,1401397.39,Blocked,2025-02-14,2030-02-14
CC003064,C09411,Silver,84679,31017.21,53661.79,Active,2022-04-16,2027-04-16
CC003065,C00431,Silver,83905,53673.07,30231.93,Active,2024-10-21,2029-10-21
CC003066,C08602,Silver,75900,34511.15,41388.85,Active,2025-05-13,2030-05-13
CC003067,C03590,Gold,370795,233461.6,137333.4,Active,2023-02-25,2028-02-25
CC003068,C05455,Gold,575799,359746.44,216052.56,Active,2026-04-01,2031-04-01
CC003069,C05622,Gold,295201,194789.52,100411.48,Active,2023-05-28,2028-05-28
CC003070,C03090,Gold,317432,241701.55,75730.45,Active,2025-09-01,2030-09-01
CC003071,C03229,Gold,640416,243496.31,396919.69,Active,2024-03-15,2029-03-15
CC003072,C05436,Platinum,1450078,994136.13,455941.87,Active,2024-12-08,2029-12-08
CC003073,C01400,Gold,108825,28354.48,80470.52,Active,2026-04-01,2031-04-01
CC003074,C03513,Platinum,2499048,931595.98,1567452.02,Active,2025-06-07,2030-06-07
CC003075,C07084,Platinum,488060,298077.95,189982.05,Active,2025-11-24,2030-11-24
CC003076,C00362,Gold,461093,103354.4,357738.6,Active,2020-12-23,2025-12-23
CC003077,C02077,Silver,66757,39156.26,27600.74,Active,2024-11-09,2029-11-09
CC003078,C07959,Gold,420018,296718.16,123299.84,Active,2021-12-30,2026-12-30
CC003079,C09476,Gold,635029,429454.55,205574.45,Active,2026-01-06,2031-01-06
CC003080,C08196,Gold,743791,576966.21,166824.79,Active,2020-01-02,2025-01-02
CC003081,C07630,Platinum,1180873,419856.57,761016.43,Active,2024-11-27,2029-11-27
CC003082,C08172,Gold,37859,16971.76,20887.24,Active,2023-08-07,2028-08-07
CC003083,C04585,Platinum,1356125,725987.28,630137.72,Active,2026-01-21,2031-01-21
CC003084,C08740,Gold,229881,166014.15,63866.85,Active,2021-01-12,2026-01-12
CC003085,C00279,Platinum,627456,83169.05,544286.95,Active,2024-10-30,2029-10-30
CC003086,C00095,Silver,167679,36691.21,130987.79,Active,2026-02-11,2031-02-11
CC003087,C04998,Platinum,1267035,208410.44,1058624.56,Expired,2026-05-08,2031-05-08
CC003088,C06963,Silver,154699,65763.06,88935.94,Active,2023-11-01,2028-11-01
CC003089,C09741,Platinum,661809,128446.39,533362.61,Active,2025-12-03,2030-12-03
CC003090,C08303,Silver,111639,48381.04,63257.96,Active,2025-09-21,2030-09-21
CC003091,C02600,Platinum,1477121,826393.05,650727.95,Active,2026-01-27,2031-01-27
CC003092,C07881,Silver,55270,24012.21,31257.79,Active,2024-02-01,2029-02-01
CC003093,C04901,Platinum,405821,76328.07,329492.93,Active,2021-08-09,2026-08-09
CC003094,C07708,Gold,67380,17376.38,50003.62,Active,2022-12-29,2027-12-29
CC003095,C04199,Platinum,1646910,490136.63,1156773.37,Active,2024-06-28,2029-06-28
CC003096,C07653,Platinum,1325694,303900.41,1021793.59,Active,2024-12-24,2029-12-24
CC003097,C07279,Silver,151149,85829.88,65319.12,Active,2022-05-09,2027-05-09
CC003098,C02004,Silver,99920,63142.0,36778.0,Active,2024-09-05,2029-09-05
CC003099,C00760,Gold,352275,178095.44,174179.56,Active,2022-06-04,2027-06-04
CC003100,C04900,Silver,130933,71007.08,59925.92,Active,2024-12-03,2029-12-03
CC003101,C08262,Platinum,215017,43018.05,171998.95,Active,2022-02-10,2027-02-10
CC003102,C01375,Platinum,1139497,430427.35,709069.65,Active,2026-05-29,2031-05-29
CC003103,C09571,Gold,560607,129737.79,430869.21,Active,2025-08-08,2030-08-08
CC003104,C03233,Platinum,625362,260446.31,364915.69,Active,2023-06-05,2028-06-05
CC003105,C08112,Platinum,772396,315063.49,457332.51,Active,2021-06-03,2026-06-03
CC003106,C09821,Platinum,739482,552185.96,187296.04,Active,2026-06-28,2031-06-28
CC003107,C09493,Gold,96921,32825.99,64095.01,Active,2024-03-21,2029-03-21
CC003108,C00247,Platinum,1756964,991408.49,765555.51,Active,2026-02-24,2031-02-24
CC003109,C02933,Platinum,1888574,536363.22,1352210.78,Active,2024-12-15,2029-12-15
CC003110,C05806,Gold,226648,175726.42,50921.58,Active,2026-04-12,2031-04-12
CC003111,C05774,Platinum,1759307,1198184.07,561122.93,Active,2023-11-21,2028-11-21
CC003112,C01052,Gold,63108,44889.65,18218.35,Active,2026-06-29,2031-06-29
CC003113,C03627,Platinum,973994,756213.6,217780.4,Expired,2024-05-15,2029-05-15
CC003114,C06693,Silver,163930,38755.44,125174.56,Active,2024-03-14,2029-03-14
CC003115,C09919,Gold,217531,52006.0,165525.0,Active,2023-05-21,2028-05-21
CC003116,C01535,Silver,69785,34475.05,35309.95,Active,2024-06-02,2029-06-02
CC003117,C07598,Gold,759054,268598.32,490455.68,Active,2026-04-14,2031-04-14
CC003118,C06767,Gold,169164,36662.48,132501.52,Active,2021-03-12,2026-03-12
CC003119,C01997,Silver,196437,106865.43,89571.57,Active,2026-06-20,2031-06-20
CC003120,C09357,Platinum,2375179,1428100.54,947078.46,Active,2024-07-06,2029-07-06
CC003121,C04422,Platinum,644612,451748.37,192863.63,Active,2023-08-14,2028-08-14
CC003122,C06311,Platinum,620345,190785.56,429559.44,Active,2025-05-19,2030-05-19
CC003123,C08031,Platinum,1799389,769423.96,1029965.04,Active,2022-12-25,2027-12-25
CC003124,C06793,Platinum,200370,30538.26,169831.74,Active,2022-07-14,2027-07-14
CC003125,C03379,Platinum,418895,312552.85,106342.15,Active,2023-02-19,2028-02-19
CC003126,C08750,Platinum,924198,580968.14,343229.86,Active,2023-11-07,2028-11-07
CC003127,C05433,Gold,368037,233782.64,134254.36,Active,2024-11-23,2029-11-23
CC003128,C07691,Platinum,454240,169825.25,284414.75,Active,2026-03-22,2031-03-22
CC003129,C06656,Gold,402764,110357.86,292406.14,Active,2025-02-20,2030-02-20
CC003130,C05160,Gold,489635,97098.65,392536.35,Active,2025-02-22,2030-02-22
CC003131,C04075,Platinum,359222,87679.54,271542.46,Active,2021-05-11,2026-05-11
CC003132,C05205,Gold,543376,58433.75,484942.25,Active,2025-09-06,2030-09-06
CC003133,C07638,Platinum,1015193,649886.58,365306.42,Active,2022-04-01,2027-04-01
CC003134,C03997,Platinum,1719122,531510.49,1187611.51,Active,2023-12-28,2028-12-28
CC003135,C04292,Platinum,676438,140410.69,536027.31,Active,2018-11-12,2023-11-12
CC003136,C08620,Platinum,557959,397637.76,160321.24,Blocked,2022-11-12,2027-11-12
CC003137,C00823,Gold,467861,83740.71,384120.29,Active,2025-03-16,2030-03-16
CC003138,C00995,Gold,710975,448569.54,262405.46,Active,2023-04-24,2028-04-24
CC003139,C05390,Platinum,2334610,1219416.41,1115193.59,Active,2026-05-17,2031-05-17
CC003140,C06119,Platinum,2194418,979088.44,1215329.56,Active,2026-02-26,2031-02-26
CC003141,C08253,Silver,44851,24517.44,20333.56,Active,2022-07-17,2027-07-17
CC003142,C03156,Gold,489266,358784.6,130481.4,Active,2021-10-12,2026-10-12
CC003143,C03261,Gold,463453,365275.41,98177.59,Active,2020-03-20,2025-03-20
CC003144,C01692,Gold,709134,191410.13,517723.87,Active,2025-02-19,2030-02-19
CC003145,C07358,Silver,99665,17219.7,82445.3,Active,2025-05-14,2030-05-14
CC003146,C02888,Platinum,787905,413373.12,374531.88,Active,2025-09-17,2030-09-17
CC003147,C06801,Platinum,601171,77834.13,523336.87,Active,2025-06-11,2030-06-11
CC003148,C09745,Platinum,303365,152573.75,150791.25,Active,2023-07-28,2028-07-28
CC003149,C03434,Platinum,578222,292629.74,285592.26,Active,2025-06-20,2030-06-20
CC003150,C04133,Silver,133217,80303.51,52913.49,Active,2020-07-26,2025-07-26
CC003151,C07363,Platinum,1723260,1200359.37,522900.63,Active,2025-11-30,2030-11-30
CC003152,C08545,Gold,618059,413612.79,204446.21,Active,2025-05-03,2030-05-03
CC003153,C08052,Platinum,226886,57000.04,169885.96,Active,2024-06-16,2029-06-16
CC003154,C08748,Platinum,1489883,252032.99,1237850.01,Active,2023-07-04,2028-07-04
CC003155,C07458,Platinum,678804,471497.98,207306.02,Active,2022-12-20,2027-12-20
CC003156,C00771,Platinum,560762,194396.51,366365.49,Blocked,2024-03-12,2029-03-12
CC003157,C03174,Gold,250121,81829.26,168291.74,Active,2024-09-20,2029-09-20
CC003158,C07656,Silver,72098,17776.97,54321.03,Active,2025-05-11,2030-05-11
CC003159,C02847,Silver,114379,70742.65,43636.35,Active,2026-04-30,2031-04-30
CC003160,C02118,Platinum,380415,262982.37,117432.63,Active,2023-06-21,2028-06-21
CC003161,C07107,Gold,764380,472311.57,292068.43,Active,2023-07-14,2028-07-14
CC003162,C04124,Silver,110172,18829.36,91342.64,Active,2025-03-12,2030-03-12
CC003163,C08546,Platinum,528124,282683.55,245440.45,Active,2026-03-23,2031-03-23
CC003164,C02208,Platinum,411968,117524.7,294443.3,Active,2024-10-03,2029-10-03
CC003165,C04384,Gold,659034,479148.14,179885.86,Active,2025-12-23,2030-12-23
CC003166,C01015,Platinum,538438,59846.92,478591.08,Active,2025-10-26,2030-10-26
CC003167,C01077,Gold,730704,431232.13,299471.87,Active,2024-04-08,2029-04-08
CC003168,C09763,Platinum,1928801,433084.63,1495716.37,Active,2025-09-17,2030-09-17
CC003169,C05874,Silver,54474,8899.94,45574.06,Active,2026-06-16,2031-06-16
CC003170,C01245,Gold,136073,94781.13,41291.87,Active,2025-08-16,2030-08-16
CC003171,C06745,Platinum,1541971,582448.27,959522.73,Active,2026-07-07,2031-07-07
CC003172,C08904,Gold,508189,269032.22,239156.78,Expired,2026-02-08,2031-02-08
CC003173,C04069,Gold,435745,178557.51,257187.49,Active,2020-04-07,2025-04-07
CC003174,C08573,Gold,487087,57696.15,429390.85,Active,2020-01-10,2025-01-10
CC003175,C00265,Platinum,1259224,342189.36,917034.64,Active,2023-01-09,2028-01-09
CC003176,C04158,Platinum,426458,86043.74,340414.26,Active,2021-10-19,2026-10-19
CC003177,C01606,Platinum,706748,485218.9,221529.1,Active,2024-05-25,2029-05-25
CC003178,C03902,Gold,795681,186640.8,609040.2,Active,2026-05-01,2031-05-01
CC003179,C00726,Platinum,1638057,883041.44,755015.56,Active,2021-12-04,2026-12-04
CC003180,C03227,Platinum,474194,282013.68,192180.32,Expired,2021-02-24,2026-02-24
CC003181,C00057,Gold,99089,39825.88,59263.12,Active,2025-03-02,2030-03-02
CC003182,C01539,Platinum,446106,144586.66,301519.34,Active,2024-09-05,2029-09-05
CC003183,C07072,Platinum,1082051,351843.8,730207.2,Active,2025-11-21,2030-11-21
CC003184,C04354,Platinum,764422,386240.21,378181.79,Active,2024-08-21,2029-08-21
CC003185,C09925,Platinum,732103,436221.92,295881.08,Active,2021-05-04,2026-05-04
CC003186,C09672,Gold,438891,265122.81,173768.19,Active,2024-12-06,2029-12-06
CC003187,C02342,Platinum,780987,526974.32,254012.68,Active,2025-08-15,2030-08-15
CC003188,C06125,Silver,43946,18552.56,25393.44,Active,2023-12-18,2028-12-18
CC003189,C08764,Silver,46949,36019.97,10929.03,Active,2025-11-02,2030-11-02
CC003190,C05743,Platinum,1972299,1095009.16,877289.84,Active,2021-08-20,2026-08-20
CC003191,C08278,Gold,355063,51357.66,303705.34,Active,2024-03-09,2029-03-09
CC003192,C01348,Gold,102375,51067.47,51307.53,Blocked,2026-08-05,2031-08-05
CC003193,C00903,Platinum,714651,286990.28,427660.72,Active,2026-03-19,2031-03-19
CC003194,C02908,Platinum,1630988,408795.56,1222192.44,Active,2025-09-18,2030-09-18
CC003195,C01865,Gold,519460,172135.16,347324.84,Active,2025-09-07,2030-09-07
CC003196,C09069,Platinum,1653838,332360.49,1321477.51,Active,2025-10-20,2030-10-20
CC003197,C00845,Platinum,529733,372886.4,156846.6,Expired,2026-02-27,2031-02-27
CC003198,C05783,Gold,575756,294334.17,281421.83,Active,2024-08-08,2029-08-08
CC003199,C03647,Gold,266719,125582.08,141136.92,Active,2024-04-13,2029-04-13
CC003200,C06282,Platinum,460885,362185.26,98699.74,Active,2025-05-30,2030-05-30
CC003201,C08023,Platinum,390041,47055.05,342985.95,Active,2026-07-14,2031-07-14
CC003202,C05831,Platinum,547907,88965.86,458941.14,Blocked,2023-11-04,2028-11-04
CC003203,C01126,Gold,606271,402224.29,204046.71,Active,2022-09-11,2027-09-11
CC003204,C09017,Gold,559971,127725.31,432245.69,Active,2026-05-30,2031-05-30
CC003205,C03296,Silver,142816,102162.74,40653.26,Active,2022-10-04,2027-10-04
CC003206,C03937,Gold,620927,149286.44,471640.56,Active,2022-10-15,2027-10-15
CC003207,C03572,Platinum,285530,96453.21,189076.79,Active,2023-11-24,2028-11-24
CC003208,C04656,Gold,221391,158407.67,62983.33,Active,2024-03-13,2029-03-13
CC003209,C01892,Gold,591272,98649.73,492622.27,Active,2024-07-28,2029-07-28
CC003210,C09371,Gold,33297,3438.34,29858.66,Active,2025-12-05,2030-12-05
CC003211,C08371,Silver,178918,88449.06,90468.94,Active,2025-02-16,2030-02-16
CC003212,C09762,Platinum,397637,216925.79,180711.21,Active,2025-04-24,2030-04-24
CC003213,C08009,Gold,562018,94349.36,467668.64,Active,2026-02-06,2031-02-06
CC003214,C07838,Platinum,1584687,795179.31,789507.69,Active,2022-12-28,2027-12-28
CC003215,C04628,Platinum,386113,175731.65,210381.35,Active,2025-09-09,2030-09-09
CC003216,C09837,Gold,240657,181625.07,59031.93,Active,2025-03-10,2030-03-10
CC003217,C04289,Gold,61531,40920.78,20610.22,Active,2026-07-04,2031-07-04
CC003218,C07634,Silver,121502,70243.03,51258.97,Active,2025-07-29,2030-07-29
CC003219,C02322,Silver,56141,25171.14,30969.86,Active,2024-06-15,2029-06-15
CC003220,C02915,Platinum,553786,418924.04,134861.96,Active,2026-04-24,2031-04-24
CC003221,C02193,Platinum,1615468,1048186.48,567281.52,Blocked,2023-07-07,2028-07-07
CC003222,C09068,Silver,47160,15885.41,31274.59,Active,2025-04-17,2030-04-17
CC003223,C06313,Gold,714607,165673.15,548933.85,Active,2024-06-04,2029-06-04
CC003224,C02457,Gold,703760,469854.92,233905.08,Active,2026-06-09,2031-06-09
CC003225,C00661,Platinum,303578,210513.71,93064.29,Active,2026-02-26,2031-02-26
CC003226,C07223,Platinum,752953,372032.34,380920.66,Active,2025-11-09,2030-11-09
CC003227,C07550,Platinum,2387383,1151833.0,1235550.0,Active,2025-02-12,2030-02-12
CC003228,C05084,Platinum,1739323,1103541.01,635781.99,Active,2024-05-29,2029-05-29
CC003229,C03558,Platinum,1647748,666674.19,981073.81,Active,2024-09-22,2029-09-22
CC003230,C00101,Gold,309385,100568.73,208816.27,Active,2024-07-15,2029-07-15
CC003231,C04965,Silver,160446,127490.58,32955.42,Active,2025-04-15,2030-04-15
CC003232,C08151,Platinum,257792,120977.94,136814.06,Active,2021-12-20,2026-12-20
CC003233,C08959,Platinum,1444076,1046182.2,397893.8,Active,2024-07-16,2029-07-16
CC003234,C02673,Platinum,1163559,638389.79,525169.21,Active,2025-05-21,2030-05-21
CC003235,C00919,Platinum,899001,698288.0,200713.0,Active,2021-09-23,2026-09-23
CC003236,C02878,Platinum,1927772,263535.45,1664236.55,Active,2026-05-16,2031-05-16
CC003237,C09333,Platinum,733069,342188.62,390880.38,Active,2024-01-24,2029-01-24
CC003238,C02754,Gold,246893,182074.57,64818.43,Active,2024-07-11,2029-07-11
CC003239,C06460,Platinum,1264659,757135.42,507523.58,Active,2025-12-20,2030-12-20
CC003240,C08353,Gold,416779,208306.87,208472.13,Active,2023-08-13,2028-08-13
CC003241,C09431,Silver,130004,31749.69,98254.31,Active,2021-12-09,2026-12-09
CC003242,C06358,Platinum,204968,150257.34,54710.66,Active,2024-11-22,2029-11-22
CC003243,C05776,Platinum,546817,431483.11,115333.89,Expired,2025-03-01,2030-03-01
CC003244,C04073,Gold,127460,94614.65,32845.35,Active,2026-06-04,2031-06-04
CC003245,C06988,Gold,458131,245207.57,212923.43,Active,2024-12-17,2029-12-17
CC003246,C08129,Platinum,2226893,1112060.96,1114832.04,Active,2023-09-04,2028-09-04
CC003247,C03347,Platinum,414828,314518.84,100309.16,Active,2025-08-11,2030-08-11
CC003248,C01565,Platinum,629080,366877.49,262202.51,Active,2026-08-01,2031-08-01
CC003249,C02601,Gold,491595,339123.85,152471.15,Active,2026-02-06,2031-02-06
CC003250,C05407,Platinum,465735,242224.46,223510.54,Active,2024-09-03,2029-09-03
CC003251,C05530,Silver,147736,28102.6,119633.4,Active,2026-05-27,2031-05-27
CC003252,C06117,Gold,319936,57810.8,262125.2,Active,2026-02-26,2031-02-26
CC003253,C01127,Silver,78066,37148.31,40917.69,Active,2019-12-23,2024-12-23
CC003254,C00523,Platinum,617547,184871.8,432675.2,Active,2023-12-20,2028-12-20
CC003255,C07196,Gold,98550,17339.32,81210.68,Active,2023-06-17,2028-06-17
CC003256,C04624,Platinum,411944,315197.45,96746.55,Active,2025-04-13,2030-04-13
CC003257,C09650,Gold,333289,154232.11,179056.89,Active,2024-09-25,2029-09-25
CC003258,C09046,Gold,316818,82389.01,234428.99,Active,2021-12-24,2026-12-24
CC003259,C01526,Gold,270674,72872.56,197801.44,Active,2026-06-18,2031-06-18
CC003260,C04167,Gold,349693,143170.14,206522.86,Active,2026-03-13,2031-03-13
CC003261,C07252,Platinum,1856166,1181919.5,674246.5,Active,2024-07-07,2029-07-07
CC003262,C07202,Platinum,1466729,191599.58,1275129.42,Active,2025-08-10,2030-08-10
CC003263,C07577,Gold,462985,345057.09,117927.91,Active,2026-06-03,2031-06-03
CC003264,C08056,Gold,259169,96908.03,162260.97,Active,2025-05-10,2030-05-10
CC003265,C07556,Gold,266741,68729.8,198011.2,Active,2026-02-24,2031-02-24
CC003266,C02012,Gold,660190,77715.44,582474.56,Active,2026-05-28,2031-05-28
CC003267,C08927,Platinum,754231,227373.93,526857.07,Active,2026-03-21,2031-03-21
CC003268,C03903,Gold,532979,74456.73,458522.27,Active,2026-08-01,2031-08-01
CC003269,C05877,Gold,760226,85315.05,674910.95,Active,2025-08-12,2030-08-12
CC003270,C09562,Platinum,1474562,529751.89,944810.11,Active,2023-04-23,2028-04-23
CC003271,C01378,Gold,445012,46339.6,398672.4,Active,2023-08-16,2028-08-16
CC003272,C03359,Gold,606351,386904.57,219446.43,Active,2025-11-17,2030-11-17
CC003273,C02561,Gold,236904,117160.19,119743.81,Active,2025-02-26,2030-02-26
CC003274,C09373,Platinum,699571,528909.01,170661.99,Active,2026-01-28,2031-01-28
CC003275,C06574,Platinum,2091948,775562.52,1316385.48,Active,2026-04-07,2031-04-07
CC003276,C05416,Silver,158597,83870.21,74726.79,Active,2026-06-14,2031-06-14
CC003277,C07490,Platinum,677085,294796.28,382288.72,Active,2026-01-13,2031-01-13
CC003278,C08444,Gold,577629,148270.37,429358.63,Active,2022-09-14,2027-09-14
CC003279,C03188,Platinum,607321,485491.4,121829.6,Active,2024-09-29,2029-09-29
CC003280,C04611,Gold,221954,89273.36,132680.64,Active,2025-03-26,2030-03-26
CC003281,C02217,Gold,630305,376594.68,253710.32,Active,2025-02-07,2030-02-07
CC003282,C07277,Silver,135442,25397.67,110044.33,Active,2026-05-25,2031-05-25
CC003283,C05966,Gold,625504,246948.01,378555.99,Active,2025-11-01,2030-11-01
CC003284,C00656,Platinum,1730910,1327022.75,403887.25,Active,2024-08-05,2029-08-05
CC003285,C05118,Gold,618259,119435.44,498823.56,Active,2024-08-24,2029-08-24
CC003286,C00234,Gold,400241,199268.23,200972.77,Blocked,2026-03-03,2031-03-03
CC003287,C04772,Platinum,2444430,1303402.77,1141027.23,Active,2025-03-21,2030-03-21
CC003288,C01414,Silver,137009,49648.18,87360.82,Active,2025-03-26,2030-03-26
CC003289,C04409,Gold,693074,122019.23,571054.77,Active,2026-02-18,2031-02-18
CC003290,C08503,Gold,632136,85730.28,546405.72,Active,2025-09-06,2030-09-06
CC003291,C08697,Gold,364332,204665.7,159666.3,Active,2025-09-18,2030-09-18
CC003292,C00369,Platinum,1728997,201747.63,1527249.37,Active,2021-08-06,2026-08-06
CC003293,C04514,Gold,380712,110910.54,269801.46,Active,2025-11-25,2030-11-25
CC003294,C01610,Gold,363426,199472.43,163953.57,Active,2020-07-30,2025-07-30
CC003295,C00087,Platinum,358002,138869.98,219132.02,Active,2022-02-18,2027-02-18
CC003296,C06123,Platinum,336896,213536.2,123359.8,Active,2022-12-23,2027-12-23
CC003297,C05732,Platinum,756361,464952.0,291409.0,Active,2026-07-11,2031-07-11
CC003298,C03323,Platinum,268533,42972.0,225561.0,Active,2024-12-16,2029-12-16
CC003299,C07019,Gold,43828,14553.35,29274.65,Active,2026-06-16,2031-06-16
CC003300,C04643,Platinum,574023,138973.81,435049.19,Active,2026-04-28,2031-04-28
CC003301,C01045,Silver,47307,16749.42,30557.58,Active,2023-06-10,2028-06-10
CC003302,C08270,Gold,668311,289085.36,379225.64,Active,2026-05-30,2031-05-30
CC003303,C01805,Gold,306429,202744.2,103684.8,Active,2026-04-02,2031-04-02
CC003304,C03213,Gold,72796,28436.31,44359.69,Active,2026-02-10,2031-02-10
CC003305,C06152,Silver,71492,35257.34,36234.66,Active,2025-02-04,2030-02-04
CC003306,C00292,Platinum,1389791,810212.85,579578.15,Active,2024-08-13,2029-08-13
CC003307,C00118,Platinum,353769,260525.88,93243.12,Active,2024-08-21,2029-08-21
CC003308,C03683,Gold,599454,258346.19,341107.81,Active,2022-07-21,2027-07-21
CC003309,C04404,Gold,183662,106833.44,76828.56,Active,2023-05-15,2028-05-15
CC003310,C04109,Platinum,799691,181756.62,617934.38,Active,2025-05-30,2030-05-30
CC003311,C06895,Platinum,794315,270607.37,523707.63,Active,2025-04-08,2030-04-08
CC003312,C04993,Gold,587939,87146.08,500792.92,Active,2025-11-05,2030-11-05
CC003313,C05536,Gold,612736,454487.62,158248.38,Active,2025-12-26,2030-12-26
CC003314,C04337,Gold,81676,63143.93,18532.07,Active,2025-01-12,2030-01-12
CC003315,C05293,Platinum,287108,99999.23,187108.77,Expired,2023-03-09,2028-03-09
CC003316,C06321,Gold,638030,506717.85,131312.15,Active,2024-07-02,2029-07-02
CC003317,C01259,Platinum,1876725,555833.56,1320891.44,Active,2022-02-26,2027-02-26
CC003318,C06736,Platinum,713392,230423.68,482968.32,Active,2024-12-12,2029-12-12
CC003319,C09582,Silver,110382,31368.29,79013.71,Expired,2022-10-06,2027-10-06
CC003320,C02923,Gold,486089,303804.82,182284.18,Active,2021-04-21,2026-04-21
CC003321,C07537,Gold,284142,94631.56,189510.44,Active,2026-05-12,2031-05-12
CC003322,C05328,Platinum,211196,129726.91,81469.09,Active,2022-01-20,2027-01-20
CC003323,C08250,Platinum,1785915,653666.06,1132248.94,Active,2023-05-13,2028-05-13
CC003324,C03999,Platinum,593364,198743.97,394620.03,Active,2024-02-14,2029-02-14
CC003325,C08387,Gold,141283,54399.12,86883.88,Active,2024-10-23,2029-10-23
CC003326,C01894,Platinum,2308097,653448.93,1654648.07,Active,2025-11-20,2030-11-20
CC003327,C02964,Platinum,974705,720648.28,254056.72,Active,2025-03-23,2030-03-23
CC003328,C08147,Gold,534090,375484.17,158605.83,Active,2024-03-08,2029-03-08
CC003329,C00501,Gold,334769,222406.68,112362.32,Active,2025-06-29,2030-06-29
CC003330,C05671,Silver,127881,18603.03,109277.97,Active,2025-01-29,2030-01-29
CC003331,C09589,Gold,291631,205478.33,86152.67,Active,2026-02-23,2031-02-23
CC003332,C04381,Silver,119426,84686.38,34739.62,Active,2025-11-21,2030-11-21
CC003333,C03461,Gold,683145,370061.04,313083.96,Active,2025-01-15,2030-01-15
CC003334,C09232,Platinum,327903,45682.3,282220.7,Active,2020-03-23,2025-03-23
CC003335,C07375,Platinum,285097,65544.47,219552.53,Active,2025-06-12,2030-06-12
CC003336,C03809,Platinum,1708002,1117229.58,590772.42,Active,2026-04-11,2031-04-11
CC003337,C05568,Gold,283269,105044.83,178224.17,Active,2023-06-10,2028-06-10
CC003338,C02154,Platinum,1213767,723121.52,490645.48,Active,2025-10-21,2030-10-21
CC003339,C09500,Platinum,692002,208738.56,483263.44,Active,2025-07-06,2030-07-06
CC003340,C06306,Platinum,264242,108276.18,155965.82,Active,2022-12-21,2027-12-21
CC003341,C09115,Platinum,1214649,345304.2,869344.8,Active,2026-07-24,2031-07-24
CC003342,C09818,Platinum,1197086,706253.1,490832.9,Active,2026-06-23,2031-06-23
CC003343,C07629,Gold,396134,274929.44,121204.56,Active,2024-07-18,2029-07-18
CC003344,C04324,Platinum,1627678,886608.98,741069.02,Active,2025-09-23,2030-09-23
CC003345,C00791,Platinum,731265,401037.78,330227.22,Active,2024-10-10,2029-10-10
CC003346,C03737,Gold,561506,345219.62,216286.38,Active,2025-08-30,2030-08-30
CC003347,C00613,Platinum,2233468,616811.77,1616656.23,Active,2024-09-22,2029-09-22
CC003348,C05985,Gold,265832,118493.59,147338.41,Active,2022-07-16,2027-07-16
CC003349,C03036,Silver,142746,22263.54,120482.46,Active,2025-03-09,2030-03-09
CC003350,C05648,Platinum,212581,166667.2,45913.8,Active,2024-07-26,2029-07-26
CC003351,C00795,Gold,579039,340853.15,238185.85,Active,2025-09-20,2030-09-20
CC003352,C00906,Platinum,796850,226071.22,570778.78,Active,2024-12-25,2029-12-25
CC003353,C00352,Gold,703787,252877.97,450909.03,Active,2021-10-17,2026-10-17
CC003354,C00952,Silver,173108,138377.03,34730.97,Active,2025-07-20,2030-07-20
CC003355,C07266,Silver,41193,24040.45,17152.55,Active,2025-08-20,2030-08-20
CC003356,C05135,Platinum,540124,403155.15,136968.85,Active,2023-06-20,2028-06-20
CC003357,C03816,Platinum,686144,485843.22,200300.78,Active,2023-12-28,2028-12-28
CC003358,C08533,Gold,604293,237921.04,366371.96,Active,2025-07-15,2030-07-15
CC003359,C06547,Gold,532108,195294.36,336813.64,Active,2023-02-19,2028-02-19
CC003360,C06032,Platinum,1566949,171996.34,1394952.66,Active,2026-03-28,2031-03-28
CC003361,C00556,Platinum,381172,78417.39,302754.61,Blocked,2026-05-03,2031-05-03
CC003362,C00746,Gold,217185,81206.37,135978.63,Active,2025-12-17,2030-12-17
CC003363,C04997,Platinum,845467,378875.5,466591.5,Active,2023-07-27,2028-07-27
CC003364,C04579,Platinum,776012,228433.66,547578.34,Active,2026-03-02,2031-03-02
CC003365,C01342,Platinum,723382,291522.49,431859.51,Blocked,2026-07-19,2031-07-19
CC003366,C02413,Gold,262663,91238.25,171424.75,Active,2026-07-28,2031-07-28
CC003367,C02041,Platinum,699856,367754.98,332101.02,Active,2023-11-24,2028-11-24
CC003368,C00608,Gold,718239,475858.79,242380.21,Active,2026-02-14,2031-02-14
CC003369,C08355,Silver,110742,60028.37,50713.63,Active,2026-06-23,2031-06-23
CC003370,C03340,Gold,649836,343203.56,306632.44,Active,2026-01-07,2031-01-07
CC003371,C02113,Gold,557666,338687.14,218978.86,Active,2025-03-26,2030-03-26
CC003372,C09595,Gold,126879,62897.65,63981.35,Active,2025-08-27,2030-08-27
CC003373,C08041,Gold,587982,230430.38,357551.62,Active,2026-07-29,2031-07-29
CC003374,C05973,Gold,444777,327846.14,116930.86,Active,2021-03-26,2026-03-26
CC003375,C04745,Silver,154829,100757.19,54071.81,Active,2022-09-06,2027-09-06
CC003376,C03636,Platinum,1494284,879880.27,614403.73,Active,2026-06-16,2031-06-16
CC003377,C08209,Platinum,440047,262124.3,177922.7,Active,2025-08-24,2030-08-24
CC003378,C08093,Platinum,461199,203855.28,257343.72,Active,2025-03-24,2030-03-24
CC003379,C05446,Silver,163945,117468.19,46476.81,Active,2022-08-18,2027-08-18
CC003380,C02626,Gold,537279,84307.33,452971.67,Active,2025-07-26,2030-07-26
CC003381,C05190,Platinum,478928,70329.53,408598.47,Active,2024-11-07,2029-11-07
CC003382,C00110,Platinum,2414693,708343.57,1706349.43,Active,2023-04-28,2028-04-28
CC003383,C02841,Platinum,261888,113036.85,148851.15,Active,2024-05-18,2029-05-18
CC003384,C03309,Gold,573470,388460.4,185009.6,Active,2025-02-07,2030-02-07
CC003385,C06768,Gold,486007,374063.71,111943.29,Active,2025-11-09,2030-11-09
CC003386,C05218,Gold,762361,182997.77,579363.23,Active,2025-09-15,2030-09-15
CC003387,C08338,Gold,326209,100124.54,226084.46,Active,2026-01-07,2031-01-07
CC003388,C03196,Platinum,1897863,1251059.81,646803.19,Active,2021-01-21,2026-01-21
CC003389,C04675,Platinum,643538,379978.47,263559.53,Active,2026-06-17,2031-06-17
CC003390,C03778,Silver,83540,16778.32,66761.68,Active,2026-05-07,2031-05-07
CC003391,C01293,Platinum,641894,99555.69,542338.31,Active,2023-11-27,2028-11-27
CC003392,C08890,Platinum,354785,146412.52,208372.48,Active,2025-10-11,2030-10-11
CC003393,C03553,Gold,665713,420013.71,245699.29,Active,2026-06-25,2031-06-25
CC003394,C09430,Gold,489353,116684.5,372668.5,Active,2023-01-11,2028-01-11
CC003395,C09618,Silver,183742,34906.38,148835.62,Blocked,2024-12-10,2029-12-10
CC003396,C02650,Gold,542399,264041.24,278357.76,Active,2026-03-01,2031-03-01
CC003397,C05059,Gold,593246,287777.1,305468.9,Active,2025-07-16,2030-07-16
CC003398,C07913,Silver,133687,30025.95,103661.05,Active,2023-11-18,2028-11-18
CC003399,C06303,Gold,198721,59226.06,139494.94,Active,2024-09-09,2029-09-09
CC003400,C01501,Gold,736565,102457.24,634107.76,Active,2022-11-21,2027-11-21
CC003401,C02504,Gold,266980,199931.74,67048.26,Active,2024-06-01,2029-06-01
CC003402,C00777,Gold,371318,281490.96,89827.04,Active,2025-01-31,2030-01-31
CC003403,C09518,Platinum,574426,193415.34,381010.66,Active,2023-03-23,2028-03-23
CC003404,C00705,Platinum,716377,272504.02,443872.98,Active,2026-07-02,2031-07-02
CC003405,C06008,Platinum,2456181,926454.57,1529726.43,Active,2025-02-12,2030-02-12
CC003406,C02279,Gold,84330,34908.29,49421.71,Active,2026-07-09,2031-07-09
CC003407,C01661,Platinum,1346842,349070.88,997771.12,Active,2026-06-04,2031-06-04
CC003408,C04930,Platinum,225401,30820.92,194580.08,Active,2026-05-07,2031-05-07
CC003409,C09509,Platinum,888908,115134.13,773773.87,Active,2021-09-16,2026-09-16
CC003410,C02595,Gold,66090,29767.51,36322.49,Active,2024-07-20,2029-07-20
CC003411,C04875,Platinum,615035,69793.56,545241.44,Active,2022-03-18,2027-03-18
CC003412,C06252,Platinum,2204341,1323308.93,881032.07,Active,2024-07-06,2029-07-06
CC003413,C04338,Gold,409845,210155.43,199689.57,Active,2021-02-18,2026-02-18
CC003414,C05424,Gold,207499,71497.32,136001.68,Active,2023-10-03,2028-10-03
CC003415,C02095,Platinum,1867762,1361608.36,506153.64,Active,2024-05-20,2029-05-20
CC003416,C00933,Gold,762277,80149.59,682127.41,Active,2022-11-10,2027-11-10
CC003417,C07125,Platinum,478550,234194.67,244355.33,Active,2026-07-21,2031-07-21
CC003418,C09675,Gold,411378,258312.49,153065.51,Active,2025-05-29,2030-05-29
CC003419,C02701,Platinum,1345976,504529.29,841446.71,Active,2023-03-11,2028-03-11
CC003420,C00238,Silver,146796,76679.99,70116.01,Active,2026-06-17,2031-06-17
CC003421,C01446,Gold,625397,152104.71,473292.29,Active,2025-07-03,2030-07-03
CC003422,C09644,Gold,311914,193377.13,118536.87,Active,2022-05-09,2027-05-09
CC003423,C06703,Gold,797905,490705.01,307199.99,Active,2024-10-31,2029-10-31
CC003424,C01014,Silver,86188,62111.94,24076.06,Active,2025-10-20,2030-10-20
CC003425,C06170,Silver,44252,24492.64,19759.36,Active,2025-03-05,2030-03-05
CC003426,C02891,Platinum,1329179,334639.74,994539.26,Active,2022-07-13,2027-07-13
CC003427,C09314,Gold,389707,273671.98,116035.02,Active,2025-04-27,2030-04-27
CC003428,C04336,Platinum,607446,366884.32,240561.68,Active,2022-12-22,2027-12-22
CC003429,C09050,Gold,373284,277937.29,95346.71,Active,2025-03-13,2030-03-13
CC003430,C06495,Gold,460590,71102.15,389487.85,Active,2024-05-02,2029-05-02
CC003431,C02556,Gold,232715,124151.99,108563.01,Active,2025-11-04,2030-11-04
CC003432,C03593,Platinum,200009,62485.33,137523.67,Active,2026-02-15,2031-02-15
CC003433,C06349,Silver,71808,12068.26,59739.74,Active,2025-04-27,2030-04-27
CC003434,C07739,Platinum,643721,398651.61,245069.39,Active,2024-06-25,2029-06-25
CC003435,C00805,Gold,223482,68883.62,154598.38,Active,2023-08-01,2028-08-01
CC003436,C08843,Gold,348728,99006.65,249721.35,Active,2023-06-21,2028-06-21
CC003437,C07510,Platinum,414607,76382.02,338224.98,Active,2026-01-29,2031-01-29
CC003438,C09926,Gold,37960,27187.08,10772.92,Active,2026-01-22,2031-01-22
CC003439,C08645,Gold,318055,50973.62,267081.38,Active,2023-06-09,2028-06-09
CC003440,C06975,Gold,181985,106723.83,75261.17,Active,2025-03-29,2030-03-29
CC003441,C00147,Gold,790590,344545.05,446044.95,Active,2024-11-24,2029-11-24
CC003442,C02205,Gold,268322,101500.11,166821.89,Active,2026-05-16,2031-05-16
CC003443,C03688,Gold,653496,445237.18,208258.82,Active,2021-05-02,2026-05-02
CC003444,C07809,Platinum,2009554,1463328.44,546225.56,Active,2025-11-01,2030-11-01
CC003445,C03801,Platinum,1388928,829094.49,559833.51,Active,2020-10-22,2025-10-22
CC003446,C08931,Silver,100067,11716.75,88350.25,Active,2024-10-24,2029-10-24
CC003447,C06017,Platinum,1292450,753204.5,539245.5,Active,2025-05-20,2030-05-20
CC003448,C09904,Platinum,892532,635004.94,257527.06,Active,2026-06-11,2031-06-11
CC003449,C03753,Gold,712258,466083.57,246174.43,Active,2023-06-02,2028-06-02
CC003450,C02640,Platinum,500434,177566.17,322867.83,Active,2026-04-18,2031-04-18
CC003451,C08895,Gold,695426,334648.39,360777.61,Active,2026-04-22,2031-04-22
CC003452,C06144,Platinum,777790,372201.22,405588.78,Active,2025-08-15,2030-08-15
CC003453,C00166,Platinum,626772,139001.68,487770.32,Active,2026-04-11,2031-04-11
CC003454,C08836,Platinum,1528628,973918.4,554709.6,Active,2026-07-13,2031-07-13
CC003455,C05162,Platinum,1837064,1052633.06,784430.94,Active,2026-04-27,2031-04-27
CC003456,C08051,Platinum,290644,151572.68,139071.32,Active,2025-12-03,2030-12-03
CC003457,C05330,Gold,576091,317901.36,258189.64,Active,2025-04-08,2030-04-08
CC003458,C06734,Platinum,2226771,478740.86,1748030.14,Active,2026-04-01,2031-04-01
CC003459,C01457,Gold,352096,182792.32,169303.68,Active,2023-03-11,2028-03-11
CC003460,C03154,Platinum,367172,255466.71,111705.29,Active,2022-02-01,2027-02-01
CC003461,C00079,Platinum,2461526,600782.07,1860743.93,Active,2025-06-18,2030-06-18
CC003462,C06561,Silver,139832,100190.48,39641.52,Expired,2024-10-01,2029-10-01
CC003463,C08716,Gold,744807,128606.36,616200.64,Active,2023-12-13,2028-12-13
CC003464,C05402,Platinum,372702,230254.51,142447.49,Active,2024-12-22,2029-12-22
CC003465,C02035,Platinum,712942,129644.9,583297.1,Active,2021-12-18,2026-12-18
CC003466,C05885,Platinum,775092,585853.01,189238.99,Active,2024-12-26,2029-12-26
CC003467,C03040,Platinum,429713,216538.23,213174.77,Active,2026-01-25,2031-01-25
CC003468,C00857,Platinum,311596,80413.7,231182.3,Active,2024-07-01,2029-07-01
CC003469,C05614,Platinum,2255303,1638847.6,616455.4,Active,2026-04-06,2031-04-06
CC003470,C00929,Gold,729018,481118.82,247899.18,Active,2026-03-22,2031-03-22
CC003471,C01512,Gold,110361,29718.38,80642.62,Active,2024-05-17,2029-05-17
CC003472,C02681,Platinum,1936586,1058874.93,877711.07,Blocked,2025-10-02,2030-10-02
CC003473,C07552,Gold,217007,26424.55,190582.45,Active,2024-09-11,2029-09-11
CC003474,C08329,Gold,274801,40372.47,234428.53,Active,2025-02-25,2030-02-25
CC003475,C07046,Gold,574880,323720.41,251159.59,Active,2026-02-20,2031-02-20
CC003476,C03584,Gold,559839,207937.15,351901.85,Active,2020-07-15,2025-07-15
CC003477,C04015,Silver,184583,137272.34,47310.66,Active,2025-11-14,2030-11-14
CC003478,C00707,Gold,715200,560652.02,154547.98,Active,2025-10-08,2030-10-08
CC003479,C02321,Platinum,1336414,789075.02,547338.98,Active,2025-06-08,2030-06-08
CC003480,C00811,Gold,765200,488848.92,276351.08,Active,2025-04-03,2030-04-03
CC003481,C03199,Gold,568107,434252.82,133854.18,Active,2026-07-01,2031-07-01
CC003482,C02132,Platinum,1596849,202911.77,1393937.23,Active,2023-03-17,2028-03-17
CC003483,C08304,Platinum,1795878,496577.27,1299300.73,Active,2026-06-14,2031-06-14
CC003484,C03508,Gold,298572,124886.8,173685.2,Active,2026-05-23,2031-05-23
CC003485,C01727,Silver,153018,18980.28,134037.72,Active,2022-10-15,2027-10-15
CC003486,C07523,Gold,148279,37305.33,110973.67,Active,2026-05-17,2031-05-17
CC003487,C04632,Platinum,1069241,551087.18,518153.82,Active,2025-08-23,2030-08-23
CC003488,C06683,Silver,162722,66895.17,95826.83,Active,2025-04-02,2030-04-02
CC003489,C08166,Gold,792497,294590.69,497906.31,Active,2024-06-01,2029-06-01
CC003490,C07355,Platinum,251081,69610.45,181470.55,Active,2023-10-19,2028-10-19
CC003491,C00603,Platinum,1164733,852099.12,312633.88,Active,2023-10-27,2028-10-27
CC003492,C00607,Silver,106096,55253.13,50842.87,Active,2021-12-28,2026-12-28
CC003493,C00870,Platinum,280552,67160.26,213391.74,Active,2026-03-03,2031-03-03
CC003494,C07674,Gold,385211,246813.88,138397.12,Active,2024-05-25,2029-05-25
CC003495,C00754,Platinum,1513179,1068146.87,445032.13,Active,2026-07-18,2031-07-18
CC003496,C02369,Platinum,2297005,944681.18,1352323.82,Active,2023-10-28,2028-10-28
CC003497,C06906,Platinum,1012940,217886.73,795053.27,Active,2024-11-08,2029-11-08
CC003498,C03557,Gold,188651,93182.19,95468.81,Active,2026-08-04,2031-08-04
CC003499,C08301,Gold,650859,74442.86,576416.14,Active,2021-02-03,2026-02-03
CC003500,C07111,Platinum,769884,134290.62,635593.38,Active,2025-01-03,2030-01-03
CC003501,C06124,Gold,784352,463892.0,320460.0,Active,2024-03-31,2029-03-31
CC003502,C06739,Platinum,2193981,768660.83,1425320.17,Active,2026-07-14,2031-07-14
CC003503,C06876,Platinum,344207,63577.65,280629.35,Active,2025-10-07,2030-10-07
CC003504,C02910,Silver,81515,33606.31,47908.69,Expired,2026-07-31,2031-07-31
CC003505,C01485,Gold,475782,206734.81,269047.19,Expired,2025-04-27,2030-04-27
CC003506,C00338,Platinum,2020795,786653.13,1234141.87,Active,2026-03-16,2031-03-16
CC003507,C05684,Platinum,1109093,344085.2,765007.8,Active,2024-08-05,2029-08-05
CC003508,C08203,Gold,589921,83766.3,506154.7,Active,2024-08-18,2029-08-18
CC003509,C01694,Platinum,2196516,628469.93,1568046.07,Active,2026-04-14,2031-04-14
CC003510,C04824,Gold,343719,111251.68,232467.32,Active,2026-06-13,2031-06-13
CC003511,C01888,Gold,423934,98381.05,325552.95,Active,2021-12-14,2026-12-14
CC003512,C07003,Gold,303858,67059.21,236798.79,Active,2021-09-13,2026-09-13
CC003513,C06399,Silver,48590,9828.72,38761.28,Active,2025-08-23,2030-08-23
CC003514,C09855,Gold,271296,117846.07,153449.93,Expired,2022-10-29,2027-10-29
CC003515,C01921,Gold,372734,101736.8,270997.2,Active,2022-11-03,2027-11-03
CC003516,C00400,Gold,124823,94406.88,30416.12,Active,2024-11-14,2029-11-14
CC003517,C09405,Silver,143212,18622.75,124589.25,Active,2023-09-11,2028-09-11
CC003518,C01664,Gold,401961,229181.76,172779.24,Active,2026-05-22,2031-05-22
CC003519,C04671,Silver,188973,129533.57,59439.43,Active,2025-07-21,2030-07-21
CC003520,C01183,Platinum,1805302,957581.0,847721.0,Active,2023-12-01,2028-12-01
CC003521,C07880,Platinum,2154846,1530608.31,624237.69,Active,2026-03-25,2031-03-25
CC003522,C02774,Gold,746579,224973.65,521605.35,Active,2025-12-06,2030-12-06
CC003523,C07884,Gold,232415,91134.92,141280.08,Active,2024-07-15,2029-07-15
CC003524,C01013,Platinum,352634,226053.43,126580.57,Active,2025-12-27,2030-12-27
CC003525,C09239,Silver,103618,44053.71,59564.29,Active,2023-01-09,2028-01-09
CC003526,C02887,Platinum,1436479,984601.68,451877.32,Active,2023-11-05,2028-11-05
CC003527,C00085,Platinum,692738,317279.53,375458.47,Active,2026-07-28,2031-07-28
CC003528,C07346,Platinum,787399,587728.63,199670.37,Active,2021-02-14,2026-02-14
CC003529,C08326,Platinum,343935,147386.35,196548.65,Active,2026-02-17,2031-02-17
CC003530,C03437,Gold,559042,264380.68,294661.32,Active,2026-06-19,2031-06-19
CC003531,C01979,Gold,481240,362812.9,118427.1,Active,2022-11-29,2027-11-29
CC003532,C05269,Gold,438909,140071.73,298837.27,Active,2021-04-25,2026-04-25
CC003533,C05935,Gold,178377,41719.99,136657.01,Expired,2026-03-21,2031-03-21
CC003534,C06692,Gold,551271,254891.3,296379.7,Active,2024-09-29,2029-09-29
CC003535,C01862,Gold,644436,366541.82,277894.18,Active,2020-12-05,2025-12-05
CC003536,C09346,Platinum,346043,228932.05,117110.95,Active,2025-11-11,2030-11-11
CC003537,C00184,Silver,124761,74711.22,50049.78,Active,2026-07-02,2031-07-02
CC003538,C03460,Platinum,1770332,897955.44,872376.56,Active,2022-02-09,2027-02-09
CC003539,C04659,Platinum,505619,276582.06,229036.94,Active,2026-04-08,2031-04-08
CC003540,C02578,Platinum,1507520,343947.45,1163572.55,Active,2026-07-14,2031-07-14
CC003541,C09109,Platinum,1315131,492044.64,823086.36,Active,2025-09-05,2030-09-05
CC003542,C02785,Platinum,681379,324463.16,356915.84,Active,2021-01-10,2026-01-10
CC003543,C05021,Silver,96200,17999.07,78200.93,Active,2023-10-22,2028-10-22
CC003544,C04942,Silver,133043,13608.56,119434.44,Active,2026-04-11,2031-04-11
CC003545,C07726,Platinum,719103,300824.08,418278.92,Expired,2025-06-04,2030-06-04
CC003546,C04657,Silver,102637,46985.46,55651.54,Active,2024-06-25,2029-06-25
CC003547,C01079,Gold,648483,349972.6,298510.4,Active,2026-06-17,2031-06-17
CC003548,C07172,Gold,658408,244150.38,414257.62,Active,2022-09-06,2027-09-06
CC003549,C06254,Gold,578887,365907.0,212980.0,Expired,2024-06-08,2029-06-08
CC003550,C04458,Gold,273693,80506.58,193186.42,Active,2020-01-31,2025-01-31
CC003551,C06041,Gold,300548,224816.96,75731.04,Active,2025-06-13,2030-06-13
CC003552,C09755,Platinum,2184743,1084937.12,1099805.88,Active,2026-06-25,2031-06-25
CC003553,C07451,Platinum,2109377,1273431.68,835945.32,Active,2022-08-01,2027-08-01
CC003554,C00450,Platinum,1262291,672571.78,589719.22,Active,2026-05-14,2031-05-14
CC003555,C01775,Gold,779459,270851.1,508607.9,Active,2024-10-19,2029-10-19
CC003556,C05393,Platinum,2024988,651443.61,1373544.39,Active,2024-11-30,2029-11-30
CC003557,C07033,Platinum,601889,145776.82,456112.18,Active,2025-07-29,2030-07-29
CC003558,C02207,Platinum,295606,147764.04,147841.96,Active,2024-09-06,2029-09-06
CC003559,C04655,Platinum,709877,132884.92,576992.08,Active,2026-05-20,2031-05-20
CC003560,C06139,Gold,453781,191338.86,262442.14,Active,2026-07-14,2031-07-14
CC003561,C06587,Gold,431044,127429.31,303614.69,Active,2021-09-24,2026-09-24
CC003562,C02254,Platinum,656333,331937.99,324395.01,Active,2024-11-06,2029-11-06
CC003563,C06697,Platinum,1247506,327503.4,920002.6,Active,2026-02-27,2031-02-27
CC003564,C01057,Silver,146426,60000.88,86425.12,Active,2024-03-18,2029-03-18
CC003565,C03345,Platinum,2089859,1307177.39,782681.61,Active,2026-07-24,2031-07-24
CC003566,C01487,Platinum,415093,297731.44,117361.56,Active,2025-06-13,2030-06-13
CC003567,C00214,Platinum,749386,254493.07,494892.93,Active,2026-05-11,2031-05-11
CC003568,C05565,Platinum,1613486,1108066.78,505419.22,Active,2023-12-22,2028-12-22
CC003569,C09408,Gold,281114,146366.92,134747.08,Active,2026-07-27,2031-07-27
CC003570,C00773,Platinum,2452702,938905.16,1513796.84,Active,2024-06-07,2029-06-07
CC003571,C02589,Gold,487458,133629.77,353828.23,Active,2024-08-09,2029-08-09
CC003572,C04079,Silver,187400,133880.7,53519.3,Blocked,2025-06-25,2030-06-25
CC003573,C07289,Platinum,790672,214154.32,576517.68,Active,2025-05-11,2030-05-11
CC003574,C04299,Silver,35735,13300.89,22434.11,Active,2025-03-11,2030-03-11
CC003575,C08453,Gold,714806,289785.42,425020.58,Active,2025-11-19,2030-11-19
CC003576,C00102,Gold,658607,183387.81,475219.19,Active,2023-05-16,2028-05-16
CC003577,C04860,Gold,472482,205516.22,266965.78,Active,2022-04-15,2027-04-15
CC003578,C03956,Platinum,742291,385526.39,356764.61,Active,2026-06-26,2031-06-26
CC003579,C01030,Platinum,599973,213110.58,386862.42,Active,2026-05-27,2031-05-27
CC003580,C01294,Silver,71616,11792.56,59823.44,Active,2022-01-29,2027-01-29
CC003581,C06064,Gold,283105,132401.9,150703.1,Active,2022-06-19,2027-06-19
CC003582,C00364,Gold,348514,244290.95,104223.05,Active,2025-05-12,2030-05-12
CC003583,C08762,Platinum,440216,170198.54,270017.46,Active,2025-01-15,2030-01-15
CC003584,C01824,Gold,296753,158662.33,138090.67,Active,2021-05-19,2026-05-19
CC003585,C00347,Gold,76122,22971.34,53150.66,Active,2026-05-09,2031-05-09
CC003586,C02508,Gold,376083,99801.77,276281.23,Active,2026-05-06,2031-05-06
CC003587,C05403,Silver,50197,7387.37,42809.63,Active,2025-08-27,2030-08-27
CC003588,C06165,Platinum,387412,183543.15,203868.85,Active,2024-06-10,2029-06-10
CC003589,C07953,Platinum,1573703,954051.07,619651.93,Active,2025-02-17,2030-02-17
CC003590,C03604,Platinum,457579,297808.82,159770.18,Active,2024-02-04,2029-02-04
CC003591,C02249,Platinum,1371133,629723.18,741409.82,Active,2023-09-27,2028-09-27
CC003592,C01585,Silver,44902,16868.06,28033.94,Active,2024-12-04,2029-12-04
CC003593,C09880,Silver,64679,17421.15,47257.85,Active,2025-12-28,2030-12-28
CC003594,C04733,Gold,492843,208809.52,284033.48,Active,2024-09-20,2029-09-20
CC003595,C04454,Gold,95068,20293.29,74774.71,Active,2026-06-01,2031-06-01
CC003596,C07462,Silver,128939,25160.25,103778.75,Active,2026-03-27,2031-03-27
CC003597,C06868,Platinum,1827513,1049481.85,778031.15,Active,2026-07-30,2031-07-30
CC003598,C09993,Silver,135879,98125.68,37753.32,Active,2024-05-22,2029-05-22
CC003599,C03889,Platinum,744898,259041.88,485856.12,Active,2022-08-20,2027-08-20
CC003600,C01034,Platinum,2371486,909794.59,1461691.41,Active,2021-09-20,2026-09-20
CC003601,C02846,Platinum,1150005,520040.06,629964.94,Active,2026-06-16,2031-06-16
CC003602,C02484,Platinum,1233886,186800.41,1047085.59,Expired,2025-07-14,2030-07-14
CC003603,C06065,Gold,60287,31534.74,28752.26,Active,2025-09-23,2030-09-23
CC003604,C03263,Gold,591772,69067.54,522704.46,Active,2025-12-08,2030-12-08
CC003605,C08788,Platinum,426041,172493.89,253547.11,Active,2026-01-22,2031-01-22
CC003606,C05868,Gold,346638,192158.75,154479.25,Active,2025-03-09,2030-03-09
CC003607,C09759,Gold,217173,158612.84,58560.16,Active,2026-01-12,2031-01-12
CC003608,C02838,Platinum,1637265,698202.38,939062.62,Active,2020-03-08,2025-03-08
CC003609,C07505,Platinum,1771609,338890.87,1432718.13,Blocked,2024-08-31,2029-08-31
CC003610,C07225,Gold,352607,256672.23,95934.77,Active,2023-05-11,2028-05-11
CC003611,C00125,Gold,255699,88315.51,167383.49,Active,2025-09-08,2030-09-08
CC003612,C05902,Platinum,654434,101232.06,553201.94,Active,2024-11-18,2029-11-18
CC003613,C00932,Platinum,778401,337807.09,440593.91,Active,2022-12-25,2027-12-25
CC003614,C09608,Platinum,702748,103605.41,599142.59,Active,2025-09-15,2030-09-15
CC003615,C09335,Gold,731331,158085.81,573245.19,Expired,2025-02-13,2030-02-13
CC003616,C05050,Gold,788869,227767.01,561101.99,Active,2024-08-02,2029-08-02
CC003617,C00592,Gold,746403,268620.37,477782.63,Active,2020-06-23,2025-06-23
CC003618,C06643,Silver,190674,80503.26,110170.74,Active,2026-07-26,2031-07-26
CC003619,C09703,Gold,253389,167453.84,85935.16,Active,2026-07-21,2031-07-21
CC003620,C07089,Platinum,711198,286887.12,424310.88,Active,2026-04-05,2031-04-05
CC003621,C01451,Silver,173652,105939.03,67712.97,Active,2020-07-29,2025-07-29
CC003622,C08594,Gold,360778,271688.67,89089.33,Active,2024-06-12,2029-06-12
CC003623,C06487,Platinum,1722456,1054168.71,668287.29,Active,2024-11-06,2029-11-06
CC003624,C09341,Silver,81467,13461.01,68005.99,Active,2025-11-04,2030-11-04
CC003625,C01783,Gold,243926,31907.81,212018.19,Active,2025-06-17,2030-06-17
CC003626,C02968,Silver,139674,69628.39,70045.61,Active,2025-12-30,2030-12-30
CC003627,C04380,Platinum,359012,143187.64,215824.36,Active,2026-01-06,2031-01-06
CC003628,C05891,Gold,85211,8554.92,76656.08,Active,2022-06-03,2027-06-03
CC003629,C00491,Platinum,1356809,826386.98,530422.02,Active,2021-02-04,2026-02-04
CC003630,C06814,Gold,373648,279255.27,94392.73,Active,2025-09-21,2030-09-21
CC003631,C02711,Silver,150483,100550.16,49932.84,Active,2026-03-19,2031-03-19
CC003632,C01187,Platinum,590192,410428.77,179763.23,Blocked,2023-06-16,2028-06-16
CC003633,C04886,Gold,785701,379923.95,405777.05,Active,2026-07-08,2031-07-08
CC003634,C02555,Platinum,542394,254218.12,288175.88,Active,2025-08-18,2030-08-18
CC003635,C05198,Platinum,745310,430655.77,314654.23,Active,2024-01-29,2029-01-29
CC003636,C07026,Platinum,457212,118115.79,339096.21,Active,2026-04-16,2031-04-16
CC003637,C00843,Gold,544094,412400.42,131693.58,Active,2025-11-25,2030-11-25
CC003638,C00264,Platinum,1648736,224064.21,1424671.79,Active,2022-04-06,2027-04-06
CC003639,C04147,Platinum,470157,82064.85,388092.15,Active,2026-08-02,2031-08-02
CC003640,C09632,Gold,429588,307809.39,121778.61,Active,2023-12-18,2028-12-18
CC003641,C02435,Platinum,1006773,592150.86,414622.14,Active,2018-08-27,2023-08-27
CC003642,C08339,Silver,134818,53051.43,81766.57,Active,2025-12-25,2030-12-25
CC003643,C07265,Platinum,1140672,611560.69,529111.31,Blocked,2025-07-27,2030-07-27
CC003644,C02732,Platinum,529207,395998.8,133208.2,Active,2025-01-05,2030-01-05
CC003645,C03248,Gold,653160,135747.65,517412.35,Active,2026-01-24,2031-01-24
CC003646,C02055,Gold,588371,107529.79,480841.21,Active,2025-05-20,2030-05-20
CC003647,C07017,Platinum,1831506,1372686.02,458819.98,Active,2025-09-08,2030-09-08
CC003648,C06725,Silver,142749,99155.6,43593.4,Active,2026-06-18,2031-06-18
CC003649,C09563,Silver,73226,24551.06,48674.94,Active,2025-08-25,2030-08-25
CC003650,C09693,Silver,51726,8817.31,42908.69,Active,2021-01-23,2026-01-23
CC003651,C02651,Platinum,357334,170898.31,186435.69,Active,2022-09-10,2027-09-10
CC003652,C00980,Gold,359265,285359.19,73905.81,Active,2025-04-01,2030-04-01
CC003653,C02993,Gold,339967,103348.65,236618.35,Active,2026-04-12,2031-04-12
CC003654,C03788,Platinum,2267973,793961.44,1474011.56,Active,2026-06-26,2031-06-26
CC003655,C09358,Silver,111203,36819.23,74383.77,Active,2025-09-16,2030-09-16
CC003656,C05579,Silver,40358,21391.93,18966.07,Active,2025-12-19,2030-12-19
CC003657,C07199,Gold,378189,275298.63,102890.37,Active,2023-06-05,2028-06-05
CC003658,C05738,Silver,100079,51576.62,48502.38,Active,2024-07-29,2029-07-29
CC003659,C06114,Gold,498262,98173.16,400088.84,Active,2019-07-06,2024-07-06
CC003660,C01848,Platinum,365039,200926.53,164112.47,Active,2025-12-07,2030-12-07
CC003661,C04370,Gold,434662,253113.43,181548.57,Active,2025-06-18,2030-06-18
CC003662,C03892,Gold,72678,42621.01,30056.99,Active,2019-07-02,2024-07-02
CC003663,C09704,Platinum,1867190,587192.29,1279997.71,Active,2022-06-28,2027-06-28
CC003664,C04694,Platinum,1676545,1114694.71,561850.29,Active,2023-06-20,2028-06-20
CC003665,C05627,Gold,111087,62917.32,48169.68,Active,2025-01-29,2030-01-29
CC003666,C07501,Silver,70689,8889.73,61799.27,Active,2024-03-11,2029-03-11
CC003667,C05816,Platinum,354853,62231.33,292621.67,Active,2025-08-24,2030-08-24
CC003668,C04485,Gold,277009,82474.63,194534.37,Active,2025-08-03,2030-08-03
CC003669,C00641,Silver,92719,55914.04,36804.96,Active,2026-03-28,2031-03-28
CC003670,C07744,Platinum,2151218,1221436.93,929781.07,Active,2026-07-01,2031-07-01
CC003671,C05207,Platinum,517242,391141.16,126100.84,Active,2024-06-15,2029-06-15
CC003672,C05670,Platinum,870959,309143.88,561815.12,Active,2025-04-22,2030-04-22
CC003673,C06884,Gold,251288,30648.51,220639.49,Active,2022-06-25,2027-06-25
CC003674,C09732,Gold,395624,264578.76,131045.24,Active,2025-07-28,2030-07-28
CC003675,C07665,Platinum,539297,223661.87,315635.13,Active,2026-04-06,2031-04-06
CC003676,C01756,Platinum,642864,360571.73,282292.27,Blocked,2024-03-11,2029-03-11
CC003677,C00708,Platinum,2267702,518789.71,1748912.29,Active,2021-06-24,2026-06-24
CC003678,C00443,Silver,95693,37421.77,58271.23,Active,2025-01-29,2030-01-29
CC003679,C08180,Platinum,355365,45990.57,309374.43,Active,2026-08-03,2031-08-03
CC003680,C08621,Gold,719420,553912.99,165507.01,Active,2022-04-10,2027-04-10
CC003681,C06541,Platinum,638168,80992.68,557175.32,Active,2024-10-01,2029-10-01
CC003682,C05215,Gold,559622,369432.25,190189.75,Active,2025-09-23,2030-09-23
CC003683,C03828,Silver,156562,100214.96,56347.04,Blocked,2026-05-20,2031-05-20
CC003684,C08683,Gold,354985,118125.71,236859.29,Active,2025-12-11,2030-12-11
CC003685,C00954,Platinum,729511,212588.42,516922.58,Active,2025-01-18,2030-01-18
CC003686,C04373,Silver,184792,97704.09,87087.91,Active,2024-10-24,2029-10-24
CC003687,C09194,Gold,241340,100992.77,140347.23,Active,2023-05-14,2028-05-14
CC003688,C09946,Gold,764964,610252.39,154711.61,Active,2026-06-18,2031-06-18
CC003689,C09643,Gold,218785,84261.85,134523.15,Active,2024-10-30,2029-10-30
CC003690,C08130,Platinum,697567,474824.75,222742.25,Active,2025-04-09,2030-04-09
CC003691,C06559,Gold,799678,209245.08,590432.92,Active,2020-07-10,2025-07-10
CC003692,C00260,Gold,671095,191456.93,479638.07,Active,2019-11-28,2024-11-28
CC003693,C04510,Platinum,1281239,727618.91,553620.09,Active,2023-05-14,2028-05-14
CC003694,C09142,Silver,31123,14675.12,16447.88,Active,2022-08-28,2027-08-28
CC003695,C07280,Platinum,1742145,465650.93,1276494.07,Active,2026-05-06,2031-05-06
CC003696,C08523,Gold,279802,185137.66,94664.34,Active,2025-04-17,2030-04-17
CC003697,C09083,Platinum,773094,585960.28,187133.72,Active,2023-11-09,2028-11-09
CC003698,C04978,Platinum,521078,332567.93,188510.07,Active,2024-09-23,2029-09-23
CC003699,C07579,Gold,423781,200814.14,222966.86,Active,2021-05-30,2026-05-30
CC003700,C01826,Platinum,446240,333760.93,112479.07,Active,2026-02-06,2031-02-06
CC003701,C02768,Gold,76461,36819.36,39641.64,Active,2025-09-23,2030-09-23
CC003702,C00913,Platinum,283547,93610.88,189936.12,Active,2021-07-28,2026-07-28
CC003703,C05712,Platinum,1008582,192552.66,816029.34,Active,2025-01-20,2030-01-20
CC003704,C04387,Silver,106629,60807.06,45821.94,Active,2024-10-13,2029-10-13
CC003705,C00064,Gold,83501,50970.12,32530.88,Active,2020-05-01,2025-05-01
CC003706,C07845,Platinum,502806,159210.85,343595.15,Active,2025-04-22,2030-04-22
CC003707,C07464,Silver,47980,7358.12,40621.88,Active,2026-02-24,2031-02-24
CC003708,C03866,Silver,30872,23694.56,7177.44,Active,2024-08-30,2029-08-30
CC003709,C01112,Platinum,483169,374746.15,108422.85,Active,2026-07-07,2031-07-07
CC003710,C08761,Silver,61834,27845.34,33988.66,Active,2026-07-14,2031-07-14
CC003711,C09344,Silver,163897,30397.69,133499.31,Active,2026-03-24,2031-03-24
CC003712,C03575,Platinum,974625,340515.79,634109.21,Active,2024-02-27,2029-02-27
CC003713,C06930,Platinum,2491566,579314.29,1912251.71,Blocked,2024-01-16,2029-01-16
CC003714,C09024,Platinum,290622,230895.13,59726.87,Active,2026-07-19,2031-07-19
CC003715,C00640,Platinum,1894895,1270816.19,624078.81,Active,2025-12-29,2030-12-29
CC003716,C03907,Gold,568451,68698.65,499752.35,Active,2021-08-22,2026-08-22
CC003717,C03644,Gold,143351,24727.84,118623.16,Active,2026-01-13,2031-01-13
CC003718,C05766,Platinum,1245351,270572.57,974778.43,Active,2023-06-07,2028-06-07
CC003719,C00171,Gold,270150,211607.44,58542.56,Active,2024-01-19,2029-01-19
CC003720,C04866,Gold,159597,78237.71,81359.29,Active,2021-08-27,2026-08-27
CC003721,C08013,Gold,586789,140465.05,446323.95,Active,2025-05-30,2030-05-30
CC003722,C02924,Gold,203902,101881.17,102020.83,Active,2022-10-24,2027-10-24
CC003723,C08790,Silver,127658,70735.52,56922.48,Active,2024-04-29,2029-04-29
CC003724,C03943,Platinum,530479,373141.47,157337.53,Active,2024-02-17,2029-02-17
CC003725,C07667,Platinum,745798,367669.91,378128.09,Active,2019-11-18,2024-11-18
CC003726,C00138,Gold,718358,350206.38,368151.62,Active,2023-08-13,2028-08-13
CC003727,C03939,Platinum,1051140,564948.42,486191.58,Active,2025-12-27,2030-12-27
CC003728,C00573,Platinum,532468,144951.79,387516.21,Active,2026-07-20,2031-07-20
CC003729,C06208,Gold,240830,168836.24,71993.76,Active,2024-03-08,2029-03-08
CC003730,C01538,Gold,343570,201721.88,141848.12,Active,2025-07-19,2030-07-19
CC003731,C04003,Platinum,494301,167053.39,327247.61,Active,2022-11-19,2027-11-19
CC003732,C00744,Platinum,1913508,678624.97,1234883.03,Active,2024-10-20,2029-10-20
CC003733,C06109,Platinum,626635,72634.87,554000.13,Expired,2025-10-29,2030-10-29
CC003734,C07357,Gold,297597,210893.13,86703.87,Active,2023-05-17,2028-05-17
CC003735,C00557,Silver,56246,19898.29,36347.71,Active,2026-06-08,2031-06-08
CC003736,C05633,Gold,549999,177549.69,372449.31,Active,2025-05-24,2030-05-24
CC003737,C04041,Gold,282668,74076.98,208591.02,Active,2026-02-11,2031-02-11
CC003738,C07871,Gold,174233,109486.0,64747.0,Active,2024-05-18,2029-05-18
CC003739,C05894,Gold,775601,585304.59,190296.41,Active,2025-05-12,2030-05-12
CC003740,C00379,Platinum,1958397,1097739.87,860657.13,Active,2025-04-25,2030-04-25
CC003741,C07764,Silver,40679,12949.12,27729.88,Active,2026-05-30,2031-05-30
CC003742,C07436,Platinum,1498910,432186.32,1066723.68,Active,2026-02-27,2031-02-27
CC003743,C06600,Gold,204204,35690.79,168513.21,Active,2021-10-05,2026-10-05
CC003744,C06090,Gold,578670,222320.43,356349.57,Active,2024-05-19,2029-05-19
CC003745,C09028,Gold,788450,572822.46,215627.54,Active,2024-11-01,2029-11-01
CC003746,C06850,Gold,394122,218319.95,175802.05,Active,2023-11-11,2028-11-11
CC003747,C00559,Platinum,217663,93425.52,124237.48,Active,2022-03-27,2027-03-27
CC003748,C03905,Silver,163610,43685.6,119924.4,Active,2021-12-31,2026-12-31
CC003749,C04599,Platinum,1373181,691648.65,681532.35,Active,2025-05-26,2030-05-26
CC003750,C09532,Platinum,716583,346320.72,370262.28,Active,2020-04-08,2025-04-08
CC003751,C08096,Silver,131827,30943.79,100883.21,Active,2023-05-24,2028-05-24
CC003752,C04470,Gold,624170,487854.42,136315.58,Active,2024-10-20,2029-10-20
CC003753,C01116,Platinum,1364889,374418.36,990470.64,Active,2023-11-29,2028-11-29
CC003754,C07842,Silver,140159,39034.21,101124.79,Active,2025-02-19,2030-02-19
CC003755,C03413,Gold,320178,122910.4,197267.6,Active,2024-08-26,2029-08-26
CC003756,C00826,Gold,334418,168423.34,165994.66,Active,2025-12-02,2030-12-02
CC003757,C01868,Gold,460864,88814.95,372049.05,Active,2025-08-18,2030-08-18
CC003758,C09290,Platinum,248826,152250.84,96575.16,Active,2025-10-09,2030-10-09
CC003759,C05924,Gold,428731,125868.71,302862.29,Active,2025-11-04,2030-11-04
CC003760,C09360,Gold,420415,253117.39,167297.61,Active,2024-04-28,2029-04-28
CC003761,C01256,Gold,312149,105802.87,206346.13,Active,2025-10-30,2030-10-30
CC003762,C00477,Gold,329230,233147.78,96082.22,Active,2025-11-01,2030-11-01
CC003763,C04201,Gold,744070,428748.14,315321.86,Active,2023-06-20,2028-06-20
CC003764,C02866,Gold,353003,86396.43,266606.57,Active,2024-09-23,2029-09-23
CC003765,C01829,Platinum,454561,201342.95,253218.05,Blocked,2025-02-06,2030-02-06
CC003766,C02763,Gold,464357,47429.51,416927.49,Active,2024-04-25,2029-04-25
CC003767,C08978,Gold,262487,163746.48,98740.52,Active,2021-08-30,2026-08-30
CC003768,C08992,Platinum,1031560,739540.44,292019.56,Active,2026-05-04,2031-05-04
CC003769,C08652,Silver,141713,90460.72,51252.28,Active,2022-09-23,2027-09-23
CC003770,C07054,Platinum,268466,137062.39,131403.61,Active,2024-10-28,2029-10-28
CC003771,C08439,Platinum,671170,161514.92,509655.08,Active,2022-05-29,2027-05-29
CC003772,C03677,Platinum,1619136,467521.71,1151614.29,Active,2026-07-06,2031-07-06
CC003773,C04174,Platinum,1079941,120955.6,958985.4,Active,2025-10-15,2030-10-15
CC003774,C03427,Gold,429504,339542.32,89961.68,Active,2023-10-14,2028-10-14
CC003775,C02387,Platinum,351720,62211.21,289508.79,Active,2026-05-08,2031-05-08
CC003776,C00953,Silver,55908,16228.33,39679.67,Active,2025-10-09,2030-10-09
CC003777,C00882,Platinum,2365320,904972.18,1460347.82,Active,2026-07-01,2031-07-01
CC003778,C08763,Platinum,312322,83970.28,228351.72,Active,2026-05-06,2031-05-06
CC003779,C01611,Gold,175741,122859.67,52881.33,Active,2025-04-05,2030-04-05
CC003780,C08825,Platinum,391834,211301.79,180532.21,Expired,2026-04-20,2031-04-20
CC003781,C03548,Platinum,841041,276840.15,564200.85,Active,2025-05-18,2030-05-18
CC003782,C08372,Gold,795539,269614.04,525924.96,Active,2025-11-30,2030-11-30
CC003783,C03126,Silver,110304,66691.62,43612.38,Active,2023-03-02,2028-03-02
CC003784,C08405,Platinum,1370302,699312.59,670989.41,Active,2020-05-20,2025-05-20
CC003785,C02365,Silver,187698,93032.7,94665.3,Active,2024-05-25,2029-05-25
CC003786,C06918,Gold,405802,293467.87,112334.13,Active,2019-06-12,2024-06-12
CC003787,C06969,Platinum,574216,246894.9,327321.1,Active,2026-07-06,2031-07-06
CC003788,C00453,Gold,438632,176144.19,262487.81,Active,2025-12-02,2030-12-02
CC003789,C02408,Silver,57051,28275.12,28775.88,Active,2022-06-25,2027-06-25
CC003790,C06421,Gold,246008,59895.95,186112.05,Active,2025-08-13,2030-08-13
CC003791,C01445,Platinum,276130,47447.59,228682.41,Expired,2024-01-16,2029-01-16
CC003792,C09587,Gold,342314,87123.2,255190.8,Active,2024-11-11,2029-11-11
CC003793,C09308,Silver,39598,11068.42,28529.58,Active,2026-03-17,2031-03-17
CC003794,C05248,Gold,494032,271773.65,222258.35,Active,2024-11-22,2029-11-22
CC003795,C06365,Platinum,996047,337231.63,658815.37,Active,2025-02-23,2030-02-23
CC003796,C03725,Silver,95619,62512.8,33106.2,Active,2020-05-13,2025-05-13
CC003797,C09836,Platinum,452927,59296.93,393630.07,Active,2024-04-26,2029-04-26
CC003798,C00233,Platinum,2178451,1372704.02,805746.98,Active,2022-02-16,2027-02-16
CC003799,C06400,Platinum,713329,479318.42,234010.58,Active,2026-01-03,2031-01-03
CC003800,C09938,Silver,116702,19846.98,96855.02,Active,2023-05-24,2028-05-24
CC003801,C00213,Silver,180909,53254.0,127655.0,Active,2022-01-05,2027-01-05
CC003802,C02360,Gold,574236,360234.99,214001.01,Active,2025-11-25,2030-11-25
CC003803,C01381,Gold,302247,237715.28,64531.72,Active,2026-08-02,2031-08-02
CC003804,C06658,Platinum,401897,88597.29,313299.71,Active,2024-08-12,2029-08-12
CC003805,C04491,Platinum,388105,92019.4,296085.6,Active,2025-05-29,2030-05-29
CC003806,C04202,Gold,683241,97630.09,585610.91,Active,2026-03-19,2031-03-19
CC003807,C04814,Silver,38255,6982.05,31272.95,Active,2026-05-18,2031-05-18
CC003808,C02823,Gold,514146,351841.66,162304.34,Active,2025-08-15,2030-08-15
CC003809,C08720,Silver,71698,30945.65,40752.35,Active,2025-12-19,2030-12-19
CC003810,C09720,Gold,758922,168911.01,590010.99,Active,2026-04-22,2031-04-22
CC003811,C06667,Gold,288947,183508.01,105438.99,Active,2024-10-19,2029-10-19
CC003812,C09038,Gold,313707,126810.7,186896.3,Active,2025-04-25,2030-04-25
CC003813,C01459,Gold,745534,447026.37,298507.63,Active,2026-05-30,2031-05-30
CC003814,C05631,Gold,546081,393435.93,152645.07,Active,2023-01-14,2028-01-14
CC003815,C05832,Platinum,758731,426681.21,332049.79,Active,2022-03-20,2027-03-20
CC003816,C07975,Gold,380496,200774.09,179721.91,Active,2025-07-22,2030-07-22
CC003817,C07474,Gold,472869,247971.05,224897.95,Active,2025-11-19,2030-11-19
CC003818,C09879,Platinum,221000,52462.91,168537.09,Active,2026-01-31,2031-01-31
CC003819,C04512,Platinum,1774899,1329529.45,445369.55,Active,2026-06-06,2031-06-06
CC003820,C08465,Gold,332937,243237.67,89699.33,Active,2024-10-02,2029-10-02
CC003821,C02057,Platinum,1037323,510410.0,526913.0,Active,2020-10-12,2025-10-12
CC003822,C00629,Platinum,341786,46818.59,294967.41,Active,2022-08-25,2027-08-25
CC003823,C00201,Platinum,332568,89240.64,243327.36,Active,2026-01-27,2031-01-27
CC003824,C07874,Platinum,770079,553759.73,216319.27,Active,2026-05-06,2031-05-06
CC003825,C07834,Gold,555584,259765.03,295818.97,Active,2022-08-26,2027-08-26
CC003826,C01265,Platinum,1951142,381108.7,1570033.3,Active,2026-02-10,2031-02-10
CC003827,C07007,Silver,83818,16579.09,67238.91,Active,2025-11-16,2030-11-16
CC003828,C04030,Platinum,293724,135867.48,157856.52,Active,2024-02-10,2029-02-10
CC003829,C07927,Silver,196161,94688.56,101472.44,Active,2025-03-20,2030-03-20
CC003830,C04304,Platinum,1145263,660744.89,484518.11,Expired,2020-05-23,2025-05-23
CC003831,C05322,Silver,38678,24592.85,14085.15,Active,2022-12-28,2027-12-28
CC003832,C00129,Platinum,2248887,262996.2,1985890.8,Active,2025-02-06,2030-02-06
CC003833,C04023,Gold,538162,115945.26,422216.74,Active,2023-03-11,2028-03-11
CC003834,C01397,Platinum,970001,153107.7,816893.3,Active,2025-01-29,2030-01-29
CC003835,C06111,Platinum,303033,123420.9,179612.1,Active,2024-02-01,2029-02-01
CC003836,C03127,Platinum,920056,599164.43,320891.57,Active,2023-11-08,2028-11-08
CC003837,C01388,Platinum,2308325,472843.47,1835481.53,Active,2025-02-28,2030-02-28
CC003838,C06198,Silver,60187,39499.69,20687.31,Active,2025-01-31,2030-01-31
CC003839,C02172,Platinum,1412657,399164.38,1013492.62,Active,2026-07-17,2031-07-17
CC003840,C08926,Platinum,766245,332354.81,433890.19,Active,2023-12-03,2028-12-03
CC003841,C08572,Platinum,280324,57579.69,222744.31,Active,2023-12-23,2028-12-23
CC003842,C05672,Gold,244522,78217.59,166304.41,Active,2025-09-02,2030-09-02
CC003843,C05126,Platinum,1780025,210712.15,1569312.85,Active,2024-06-22,2029-06-22
CC003844,C03606,Gold,473977,341289.48,132687.52,Active,2026-04-28,2031-04-28
CC003845,C06623,Platinum,292996,103435.42,189560.58,Active,2023-08-29,2028-08-29
CC003846,C02053,Platinum,1649731,601169.93,1048561.07,Active,2021-03-31,2026-03-31
CC003847,C00187,Gold,482496,221068.96,261427.04,Expired,2021-12-13,2026-12-13
CC003848,C09794,Gold,251378,89577.91,161800.09,Active,2021-10-23,2026-10-23
CC003849,C03060,Gold,128389,78409.7,49979.3,Active,2026-04-05,2031-04-05
CC003850,C01959,Silver,153147,21000.39,132146.61,Active,2026-04-24,2031-04-24
CC003851,C09157,Gold,785380,331443.36,453936.64,Active,2025-06-07,2030-06-07
CC003852,C03145,Platinum,751364,172315.19,579048.81,Active,2025-03-24,2030-03-24
CC003853,C09793,Silver,42317,31724.93,10592.07,Active,2022-10-02,2027-10-02
CC003854,C05031,Gold,754251,141033.71,613217.29,Active,2023-10-07,2028-10-07
CC003855,C04377,Gold,205213,58101.03,147111.97,Active,2025-03-31,2030-03-31
CC003856,C04586,Platinum,386064,186559.39,199504.61,Active,2026-07-09,2031-07-09
CC003857,C07348,Gold,95277,43919.3,51357.7,Active,2025-11-22,2030-11-22
CC003858,C07368,Gold,168496,93249.02,75246.98,Active,2026-07-18,2031-07-18
CC003859,C04840,Gold,268713,53487.5,215225.5,Active,2024-12-15,2029-12-15
CC003860,C08850,Platinum,379171,176392.79,202778.21,Active,2025-05-01,2030-05-01
CC003861,C02728,Platinum,522433,201318.95,321114.05,Active,2020-09-02,2025-09-02
CC003862,C05572,Gold,640191,403023.04,237167.96,Active,2024-04-15,2029-04-15
CC003863,C08342,Platinum,753984,302816.81,451167.19,Active,2022-02-22,2027-02-22
CC003864,C07219,Platinum,464083,73101.33,390981.67,Active,2024-03-27,2029-03-27
CC003865,C03692,Gold,106447,81093.13,25353.87,Active,2025-05-17,2030-05-17
CC003866,C02260,Gold,591816,373057.49,218758.51,Active,2025-04-25,2030-04-25
CC003867,C07255,Gold,622868,406148.12,216719.88,Active,2024-08-15,2029-08-15
CC003868,C07731,Silver,172467,99725.31,72741.69,Active,2026-05-29,2031-05-29
CC003869,C06079,Gold,36098,20506.01,15591.99,Active,2020-10-27,2025-10-27
CC003870,C06051,Gold,493378,347416.52,145961.48,Active,2026-06-20,2031-06-20
CC003871,C06372,Platinum,756117,343013.56,413103.44,Active,2023-03-09,2028-03-09
CC003872,C00375,Gold,58564,20957.73,37606.27,Active,2026-05-03,2031-05-03
CC003873,C00258,Silver,76780,52309.52,24470.48,Active,2025-06-06,2030-06-06
CC003874,C09469,Platinum,340775,145162.61,195612.39,Active,2026-05-18,2031-05-18
CC003875,C09726,Gold,556441,70266.64,486174.36,Active,2022-09-10,2027-09-10
CC003876,C04437,Gold,505530,135063.45,370466.55,Active,2021-04-12,2026-04-12
CC003877,C04465,Gold,572311,135082.7,437228.3,Active,2025-01-24,2030-01-24
CC003878,C07195,Silver,62028,23341.38,38686.62,Active,2026-07-09,2031-07-09
CC003879,C06568,Platinum,1014277,165368.07,848908.93,Active,2024-04-24,2029-04-24
CC003880,C09215,Gold,689108,416825.03,272282.97,Active,2026-06-16,2031-06-16
CC003881,C04253,Gold,408266,109728.6,298537.4,Active,2019-11-14,2024-11-14
CC003882,C00609,Platinum,716508,180379.16,536128.84,Active,2026-02-10,2031-02-10
CC003883,C07201,Platinum,1273364,162287.44,1111076.56,Active,2025-10-31,2030-10-31
CC003884,C04012,Gold,280573,215858.11,64714.89,Active,2026-05-19,2031-05-19
CC003885,C00249,Platinum,729411,326532.85,402878.15,Blocked,2025-07-14,2030-07-14
CC003886,C01778,Platinum,299937,126933.1,173003.9,Active,2023-10-12,2028-10-12
CC003887,C01426,Gold,779390,470907.63,308482.37,Active,2026-01-27,2031-01-27
CC003888,C03184,Platinum,1187614,292262.88,895351.12,Active,2019-12-26,2024-12-26
CC003889,C01089,Gold,183640,32085.96,151554.04,Active,2025-12-05,2030-12-05
CC003890,C03398,Gold,334120,229312.48,104807.52,Active,2025-12-26,2030-12-26
CC003891,C04453,Platinum,2243672,816929.47,1426742.53,Active,2020-04-27,2025-04-27
CC003892,C00370,Platinum,476705,291020.21,185684.79,Active,2021-10-18,2026-10-18
CC003893,C02292,Silver,138923,103035.09,35887.91,Active,2026-03-05,2031-03-05
CC003894,C09263,Silver,132697,47443.61,85253.39,Active,2021-11-17,2026-11-17
CC003895,C06657,Silver,45189,6930.92,38258.08,Active,2026-06-30,2031-06-30
CC003896,C02462,Gold,167877,91912.98,75964.02,Active,2023-06-26,2028-06-26
CC003897,C03993,Silver,106609,27514.81,79094.19,Active,2026-08-02,2031-08-02
CC003898,C03453,Platinum,855314,436714.74,418599.26,Active,2020-09-24,2025-09-24
CC003899,C08798,Platinum,1157775,776244.71,381530.29,Active,2025-12-12,2030-12-12
CC003900,C01897,Platinum,2062411,936534.26,1125876.74,Active,2025-09-24,2030-09-24
CC003901,C03839,Gold,551473,185507.95,365965.05,Active,2026-06-05,2031-06-05
CC003902,C01059,Gold,238255,139806.12,98448.88,Active,2026-07-12,2031-07-12
CC003903,C02461,Silver,166231,79005.19,87225.81,Blocked,2026-03-20,2031-03-20
CC003904,C06904,Gold,584655,316493.96,268161.04,Active,2026-06-01,2031-06-01
CC003905,C06748,Gold,716293,540740.07,175552.93,Active,2025-06-09,2030-06-09
CC003906,C02128,Platinum,248610,115240.05,133369.95,Active,2023-11-10,2028-11-10
CC003907,C00469,Platinum,647234,418252.15,228981.85,Active,2020-12-15,2025-12-15
CC003908,C01901,Silver,80577,57401.47,23175.53,Active,2024-08-08,2029-08-08
CC003909,C00257,Platinum,578873,216158.6,362714.4,Active,2020-09-22,2025-09-22
CC003910,C04176,Gold,228594,84670.96,143923.04,Active,2020-09-23,2025-09-23
CC003911,C08048,Platinum,2362716,588310.17,1774405.83,Blocked,2023-09-10,2028-09-10
CC003912,C02430,Platinum,466366,339628.96,126737.04,Active,2022-12-05,2027-12-05
CC003913,C06578,Platinum,733804,356044.62,377759.38,Active,2026-06-09,2031-06-09
CC003914,C03000,Platinum,2113610,1465159.1,648450.9,Active,2026-05-13,2031-05-13
CC003915,C03373,Gold,349522,186933.13,162588.87,Expired,2022-04-06,2027-04-06
CC003916,C08141,Platinum,504507,315197.98,189309.02,Active,2026-04-15,2031-04-15
CC003917,C05172,Gold,781467,80859.41,700607.59,Active,2021-11-26,2026-11-26
CC003918,C07621,Gold,403496,137118.63,266377.37,Active,2025-11-14,2030-11-14
CC003919,C01677,Platinum,777019,478380.05,298638.95,Active,2026-05-27,2031-05-27
CC003920,C07365,Silver,85564,22556.66,63007.34,Active,2024-10-16,2029-10-16
CC003921,C04912,Platinum,255994,43962.44,212031.56,Active,2026-07-20,2031-07-20
CC003922,C04718,Platinum,218931,114714.91,104216.09,Active,2024-04-18,2029-04-18
CC003923,C04411,Gold,791881,401159.42,390721.58,Active,2023-06-13,2028-06-13
CC003924,C07666,Gold,390608,294703.24,95904.76,Active,2023-09-22,2028-09-22
CC003925,C00858,Gold,467642,237575.87,230066.13,Active,2026-03-17,2031-03-17
CC003926,C04806,Platinum,641175,408197.62,232977.38,Active,2020-11-19,2025-11-19
CC003927,C00220,Silver,107702,73366.34,34335.66,Active,2025-05-30,2030-05-30
CC003928,C09521,Platinum,678362,110409.03,567952.97,Active,2024-02-25,2029-02-25
CC003929,C01083,Gold,583968,295193.32,288774.68,Active,2025-03-29,2030-03-29
CC003930,C09235,Platinum,1108138,367068.13,741069.87,Active,2025-01-15,2030-01-15
CC003931,C06403,Gold,724747,522641.8,202105.2,Active,2025-07-01,2030-07-01
CC003932,C00342,Platinum,1207793,926741.91,281051.09,Active,2026-04-17,2031-04-17
CC003933,C09132,Platinum,2436481,1620148.25,816332.75,Active,2022-06-02,2027-06-02
CC003934,C04091,Platinum,650756,249206.05,401549.95,Active,2019-11-10,2024-11-10
CC003935,C04007,Platinum,627629,336128.29,291500.71,Active,2025-11-18,2030-11-18
CC003936,C03107,Gold,362530,137252.28,225277.72,Active,2025-08-01,2030-08-01
CC003937,C03057,Platinum,232002,127451.5,104550.5,Active,2026-05-04,2031-05-04
CC003938,C00353,Platinum,1977885,1503434.02,474450.98,Active,2024-04-02,2029-04-02
CC003939,C09051,Gold,431103,141421.04,289681.96,Active,2024-12-22,2029-12-22
CC003940,C03802,Gold,93953,68488.48,25464.52,Active,2022-10-27,2027-10-27
CC003941,C06260,Platinum,788411,496626.83,291784.17,Active,2025-12-28,2030-12-28
CC003942,C05282,Gold,30805,22428.37,8376.63,Blocked,2022-04-30,2027-04-30
CC003943,C07526,Platinum,323527,254654.13,68872.87,Active,2026-05-14,2031-05-14
CC003944,C01248,Gold,655237,222084.59,433152.41,Active,2022-11-17,2027-11-17
CC003945,C03987,Platinum,354394,136215.46,218178.54,Active,2026-04-21,2031-04-21
CC003946,C02758,Gold,353734,142873.84,210860.16,Active,2025-04-05,2030-04-05
CC003947,C09327,Platinum,1602021,802675.47,799345.53,Active,2019-12-23,2024-12-23
CC003948,C00050,Platinum,1254310,138542.51,1115767.49,Active,2026-05-17,2031-05-17
CC003949,C09459,Platinum,2209310,1505489.96,703820.04,Active,2025-01-26,2030-01-26
CC003950,C09706,Platinum,2492889,1171541.27,1321347.73,Active,2022-11-27,2027-11-27
CC003951,C07090,Gold,61506,16997.27,44508.73,Active,2025-06-08,2030-06-08
CC003952,C03403,Gold,767770,156829.63,610940.37,Active,2022-06-20,2027-06-20
CC003953,C08204,Gold,163439,47451.41,115987.59,Active,2024-11-13,2029-11-13
CC003954,C08171,Platinum,1144447,497710.99,646736.01,Active,2022-01-08,2027-01-08
CC003955,C00332,Platinum,1877723,758550.71,1119172.29,Active,2026-07-23,2031-07-23
CC003956,C08541,Platinum,931292,744018.91,187273.09,Active,2026-05-11,2031-05-11
CC003957,C03561,Platinum,605995,274351.83,331643.17,Active,2026-05-15,2031-05-15
CC003958,C08182,Platinum,2083226,696607.21,1386618.79,Blocked,2025-12-28,2030-12-28
CC003959,C06746,Platinum,250243,190620.22,59622.78,Active,2024-05-08,2029-05-08
CC003960,C09012,Silver,199944,59078.04,140865.96,Active,2025-12-07,2030-12-07
CC003961,C07224,Platinum,537004,74120.77,462883.23,Active,2026-02-09,2031-02-09
CC003962,C09057,Gold,747155,177172.61,569982.39,Active,2024-05-06,2029-05-06
CC003963,C07785,Platinum,1662212,895740.07,766471.93,Active,2023-01-17,2028-01-17
CC003964,C00137,Platinum,2136940,632235.4,1504704.6,Active,2021-02-12,2026-02-12
CC003965,C03967,Gold,664199,344842.16,319356.84,Active,2021-10-04,2026-10-04
CC003966,C01726,Platinum,1741673,1253664.69,488008.31,Active,2021-05-31,2026-05-31
CC003967,C03205,Gold,137910,78605.31,59304.69,Active,2026-02-14,2031-02-14
CC003968,C00266,Gold,782446,515684.26,266761.74,Active,2026-05-27,2031-05-27
CC003969,C06609,Gold,697171,520075.78,177095.22,Active,2024-11-22,2029-11-22
CC003970,C09649,Platinum,1985774,1170606.28,815167.72,Active,2026-06-26,2031-06-26
CC003971,C05044,Platinum,476347,55215.55,421131.45,Active,2024-03-31,2029-03-31
CC003972,C08175,Platinum,475564,69912.98,405651.02,Active,2021-08-16,2026-08-16
CC003973,C00103,Platinum,1286776,209012.05,1077763.95,Active,2022-03-31,2027-03-31
CC003974,C01095,Platinum,575263,345412.78,229850.22,Active,2022-07-09,2027-07-09
CC003975,C09262,Gold,620806,109323.5,511482.5,Active,2025-11-10,2030-11-10
CC003976,C08156,Platinum,822316,200186.19,622129.81,Expired,2025-11-23,2030-11-23
CC003977,C00571,Platinum,306594,47527.04,259066.96,Active,2024-01-25,2029-01-25
CC003978,C08800,Gold,429502,268540.27,160961.73,Active,2021-08-17,2026-08-17
CC003979,C07420,Gold,533191,102718.92,430472.08,Active,2025-05-15,2030-05-15
CC003980,C00687,Gold,561722,204010.0,357712.0,Active,2025-04-20,2030-04-20
CC003981,C02719,Gold,771671,237450.66,534220.34,Active,2025-10-11,2030-10-11
CC003982,C02920,Platinum,1153776,813631.97,340144.03,Active,2024-06-24,2029-06-24
CC003983,C08406,Gold,614804,188014.17,426789.83,Active,2025-02-24,2030-02-24
CC003984,C08057,Platinum,652103,190918.97,461184.03,Expired,2026-06-13,2031-06-13
CC003985,C02770,Gold,414843,239544.5,175298.5,Active,2024-02-25,2029-02-25
CC003986,C09415,Gold,760130,133629.21,626500.79,Active,2026-04-30,2031-04-30
CC003987,C05703,Gold,723929,410535.39,313393.61,Active,2026-03-08,2031-03-08
CC003988,C03019,Gold,214694,146801.42,67892.58,Active,2026-01-26,2031-01-26
CC003989,C04874,Gold,184401,87658.85,96742.15,Active,2020-02-21,2025-02-21
CC003990,C02865,Platinum,473781,219643.52,254137.48,Expired,2023-01-28,2028-01-28
CC003991,C08392,Gold,772653,261231.11,511421.89,Active,2026-05-09,2031-05-09
CC003992,C02653,Platinum,659203,173835.23,485367.77,Active,2026-04-10,2031-04-10
CC003993,C09234,Gold,171389,46295.7,125093.3,Active,2024-12-15,2029-12-15
CC003994,C09776,Gold,769913,444295.4,325617.6,Active,2022-05-06,2027-05-06
CC003995,C08830,Gold,440027,220320.53,219706.47,Active,2023-11-15,2028-11-15
CC003996,C00813,Platinum,716765,465843.77,250921.23,Active,2025-01-25,2030-01-25
CC003997,C09404,Gold,142378,54380.85,87997.15,Active,2020-11-20,2025-11-20
CC003998,C00890,Gold,701556,413972.82,287583.18,Active,2021-02-15,2026-02-15
CC003999,C08555,Platinum,447411,326707.91,120703.09,Active,2026-07-10,2031-07-10
CC004000,C09375,Gold,34053,12107.9,21945.1,Active,2026-06-12,2031-06-12
