FD_ID,Customer_ID,Deposit_Amount,Interest_Rate,Duration_Months,Maturity_Amount,Start_Date,Maturity_Date,Status
FD000001,C03427,283478,5.5,6,291169.31,2024-08-29,2025-02-28,Active
FD000002,C01293,284053,6.5,12,302516.45,2020-09-08,2021-09-08,Active
FD000003,C03426,1603292,7.2,60,2269794.57,2021-02-27,2026-02-27,Active
FD000004,C02047,934834,5.5,6,960197.85,2025-09-11,2026-03-11,Active
FD000005,C09074,2001701,6.8,24,2283188.2,2022-08-26,2024-08-26,Active
FD000006,C06920,466992,7.0,36,572085.28,2026-07-21,2029-07-21,Matured
FD000007,C00817,3569187,6.5,12,3801184.15,2023-10-28,2024-10-28,Active
FD000008,C09243,63628,7.2,60,90078.72,2020-08-08,2025-08-08,Active
FD000009,C07931,3595146,6.5,12,3828830.49,2024-11-15,2025-11-15,Active
FD000010,C02228,755889,6.5,12,805021.78,2026-05-05,2027-05-05,Active
FD000011,C02253,802834,7.2,60,1136579.15,2019-10-19,2024-10-19,Active
FD000012,C08478,141122,7.0,36,172880.52,2025-04-03,2028-04-03,Active
FD000013,C08470,3225376,5.5,6,3312886.67,2019-11-01,2020-05-01,Active
FD000014,C02299,1566807,6.8,24,1787137.67,2023-10-15,2025-10-15,Matured
FD000015,C05507,242201,7.0,36,296706.64,2021-11-18,2024-11-18,Matured
FD000016,C08389,384671,7.2,60,544582.11,2021-06-22,2026-06-22,Closed
FD000017,C00021,1644364,6.5,12,1751247.66,2024-12-26,2025-12-26,Active
FD000018,C07292,3110434,6.5,12,3312612.21,2024-07-30,2025-07-30,Active
FD000019,C02274,2289572,7.0,36,2804824.15,2026-05-30,2029-05-30,Matured
FD000020,C06182,124870,7.0,36,152971.12,2026-06-28,2029-06-28,Active
FD000021,C00881,3108179,6.5,12,3310210.63,2026-06-07,2027-06-07,Active
FD000022,C06541,616121,7.4,120,1258081.64,2024-07-29,2034-07-29,Active
FD000023,C06802,634004,6.5,12,675214.26,2023-05-17,2024-05-17,Active
FD000024,C07833,519241,6.5,12,552991.66,2024-03-19,2025-03-19,Active
FD000025,C05559,711552,6.8,24,811613.29,2026-06-01,2028-06-01,Active
FD000026,C02806,1239462,7.2,60,1754717.24,2024-01-03,2029-01-03,Active
FD000027,C01999,1096963,6.5,12,1168265.59,2020-03-04,2021-03-04,Closed
FD000028,C02512,3899128,6.5,12,4152571.32,2021-11-13,2022-11-13,Active
FD000029,C00077,1227274,6.8,24,1399858.18,2026-05-21,2028-05-21,Matured
FD000030,C05404,948490,7.2,60,1342785.62,2026-04-24,2031-04-24,Active
FD000031,C05756,509948,7.4,120,1041282.83,2023-11-28,2033-11-28,Active
FD000032,C03587,2119955,5.5,6,2177473.47,2023-05-21,2023-11-21,Active
FD000033,C04368,969803,6.5,12,1032840.19,2025-04-22,2026-04-22,Active
FD000034,C08700,935333,6.8,24,1066863.27,2025-12-09,2027-12-09,Active
FD000035,C00789,2013143,6.8,24,2296239.22,2022-07-28,2024-07-28,Closed
FD000036,C06228,74077,7.0,36,90747.51,2020-04-17,2023-04-17,Active
FD000037,C03447,1176108,7.2,60,1665026.43,2020-03-10,2025-03-10,Matured
FD000038,C04875,1476799,6.5,12,1572790.93,2022-10-11,2023-10-11,Active
FD000039,C00435,3856110,5.5,6,3960733.7,2022-08-26,2023-02-26,Matured
FD000040,C03889,804639,6.5,12,856940.53,2023-12-19,2024-12-19,Active
FD000041,C08502,1548640,6.8,24,1766415.95,2023-03-13,2025-03-13,Active
FD000042,C08729,1301768,7.2,60,1842924.39,2024-06-27,2029-06-27,Active
FD000043,C00913,258573,6.5,12,275380.24,2021-09-18,2022-09-18,Matured
FD000044,C07595,1181159,7.4,120,2411854.9,2021-10-26,2031-10-26,Closed
FD000045,C09527,54797,6.8,24,62502.77,2025-03-27,2027-03-27,Active
FD000046,C09531,519207,7.3,84,850234.24,2024-09-18,2031-09-18,Closed
FD000047,C01607,694903,6.5,12,740071.69,2023-03-20,2024-03-20,Active
FD000048,C00317,215165,5.5,6,221002.84,2022-08-08,2023-02-08,Active
FD000049,C04913,340298,7.4,120,694867.84,2023-08-10,2033-08-10,Active
FD000050,C09717,1104955,6.5,12,1176777.07,2024-12-01,2025-12-01,Active
FD000051,C00149,1203021,6.5,12,1281217.36,2024-05-10,2025-05-10,Active
FD000052,C00538,2594239,6.8,24,2959051.27,2026-06-05,2028-06-05,Active
FD000053,C02829,1180985,7.2,60,1671930.84,2026-04-21,2031-04-21,Matured
FD000054,C05725,1545162,6.5,12,1645597.53,2024-03-31,2025-03-31,Closed
FD000055,C01378,1412893,6.5,12,1504731.04,2024-12-28,2025-12-28,Closed
FD000056,C06945,996835,6.5,12,1061629.27,2021-07-09,2022-07-09,Active
FD000057,C02050,1468033,5.5,6,1507863.57,2023-07-21,2024-01-21,Active
FD000058,C07960,1897317,5.5,6,1948794.87,2023-12-28,2024-06-28,Matured
FD000059,C07199,173467,6.5,12,184742.35,2024-10-06,2025-10-06,Closed
FD000060,C00320,742958,5.5,6,763115.88,2024-10-03,2025-04-03,Active
FD000061,C06434,1452948,6.8,24,1657267.36,2026-01-28,2028-01-28,Active
FD000062,C07006,2032525,6.5,12,2164639.12,2020-05-10,2021-05-10,Active
FD000063,C02223,903666,6.5,12,962404.29,2025-06-02,2026-06-02,Active
FD000064,C00537,953979,6.5,12,1015987.63,2024-02-02,2025-02-02,Active
FD000065,C09628,277210,7.0,36,339594.17,2026-01-25,2029-01-25,Closed
FD000066,C02935,256397,5.5,6,263353.55,2026-05-03,2026-11-03,Matured
FD000067,C05063,508307,6.5,12,541346.95,2025-10-16,2026-10-16,Active
FD000068,C08805,520405,6.5,12,554231.32,2023-12-15,2024-12-15,Active
FD000069,C05218,535100,6.5,12,569881.5,2023-03-14,2024-03-14,Closed
FD000070,C01573,3767250,7.2,60,5333328.92,2025-07-25,2030-07-25,Closed
FD000071,C02982,460658,5.5,6,473156.54,2024-04-19,2024-10-19,Closed
FD000072,C09675,80949,7.4,120,165292.94,2021-04-16,2031-04-16,Closed
FD000073,C08015,1041447,6.5,12,1109141.05,2025-04-18,2026-04-18,Active
FD000074,C02378,498260,7.2,60,705391.06,2023-04-24,2028-04-24,Closed
FD000075,C00849,395269,6.5,12,420961.48,2025-05-25,2026-05-25,Closed
FD000076,C09709,1162342,7.3,84,1903408.41,2026-01-06,2033-01-06,Matured
FD000077,C01402,648210,6.8,24,739363.88,2022-04-05,2024-04-05,Closed
FD000078,C05625,1070623,6.5,12,1140213.49,2023-12-12,2024-12-12,Active
FD000079,C01595,172648,6.8,24,196926.45,2024-11-15,2026-11-15,Active
FD000080,C08493,1365353,5.5,6,1402397.66,2024-12-29,2025-06-29,Active
FD000081,C07691,2159107,7.3,84,3535674.03,2026-04-27,2033-04-27,Active
FD000082,C09727,288570,7.4,120,589242.4,2022-09-02,2032-09-02,Active
FD000083,C08473,829406,5.5,6,851909.38,2025-08-28,2026-02-28,Active
FD000084,C09304,543258,6.8,24,619653.11,2026-01-03,2028-01-03,Closed
FD000085,C02767,566351,6.8,24,645993.54,2023-06-17,2025-06-17,Active
FD000086,C06656,221931,6.8,24,253139.82,2024-04-16,2026-04-16,Active
FD000087,C06162,2242709,6.5,12,2388485.08,2026-04-27,2027-04-27,Active
FD000088,C07402,1454517,7.0,36,1781845.87,2026-05-09,2029-05-09,Active
FD000089,C06447,1710046,6.5,12,1821198.99,2026-02-11,2027-02-11,Active
FD000090,C08171,1967738,6.5,12,2095640.97,2022-04-19,2023-04-19,Matured
FD000091,C08909,354267,5.5,6,363878.95,2020-12-02,2021-06-02,Active
FD000092,C09039,1230683,7.4,120,2512979.9,2023-12-06,2033-12-06,Active
FD000093,C06209,497016,6.8,24,566908.38,2020-03-06,2022-03-06,Active
FD000094,C09255,781924,7.2,60,1106976.68,2026-07-18,2031-07-18,Closed
FD000095,C00042,1599908,6.5,12,1703902.02,2024-07-08,2025-07-08,Active
FD000096,C07583,684424,7.0,36,838448.83,2025-09-03,2028-09-03,Closed
FD000097,C03931,4487076,5.5,6,4608819.03,2025-04-19,2025-10-19,Matured
FD000098,C05100,2561370,7.3,84,4194405.1,2021-09-23,2028-09-23,Active
FD000099,C06304,613257,6.5,12,653118.7,2020-08-18,2021-08-18,Closed
FD000100,C02547,375997,6.5,12,400436.8,2025-11-18,2026-11-18,Active
FD000101,C05096,1488144,6.5,12,1584873.36,2026-02-17,2027-02-17,Active
FD000102,C08814,603614,6.8,24,688496.62,2026-03-21,2028-03-21,Active
FD000103,C08130,156533,5.5,6,160780.04,2025-04-02,2025-10-02,Active
FD000104,C02475,340120,5.5,6,349348.11,2026-06-24,2026-12-24,Active
FD000105,C06543,324348,7.0,36,397340.25,2026-06-07,2029-06-07,Active
FD000106,C03061,976596,6.8,24,1113928.84,2022-02-18,2024-02-18,Active
FD000107,C02907,70278,6.5,12,74846.07,2026-01-14,2027-01-14,Closed
FD000108,C07762,675178,6.8,24,770124.23,2024-04-29,2026-04-29,Matured
FD000109,C00163,1271611,6.8,24,1450430.03,2023-07-18,2025-07-18,Active
FD000110,C09782,400885,6.5,12,426942.52,2023-11-25,2024-11-25,Closed
FD000111,C01432,1719589,7.4,120,3511296.24,2020-03-15,2030-03-15,Active
FD000112,C03266,800380,6.5,12,852404.7,2024-03-01,2025-03-01,Active
FD000113,C07929,265573,6.5,12,282835.24,2026-07-24,2027-07-24,Active
FD000114,C00878,1884405,6.8,24,2149397.57,2025-10-13,2027-10-13,Active
FD000115,C01118,698243,7.3,84,1143417.0,2023-07-25,2030-07-25,Active
FD000116,C03824,390790,7.4,120,797969.43,2024-12-18,2034-12-18,Matured
FD000117,C03454,914644,5.5,6,939460.06,2026-01-01,2026-07-01,Matured
FD000118,C05782,2836573,7.2,60,4015761.31,2025-05-26,2030-05-26,Active
FD000119,C05675,1454897,7.2,60,2059710.46,2025-03-12,2030-03-12,Matured
FD000120,C05020,609532,6.5,12,649151.58,2026-06-09,2027-06-09,Matured
FD000121,C09869,451124,7.2,60,638660.21,2025-11-14,2030-11-14,Closed
FD000122,C06960,1915909,6.5,12,2040443.08,2026-03-13,2027-03-13,Closed
FD000123,C09420,1516573,6.5,12,1615150.24,2026-03-31,2027-03-31,Matured
FD000124,C02687,1959209,6.5,12,2086557.58,2024-11-17,2025-11-17,Matured
FD000125,C07761,467821,6.5,12,498229.36,2022-01-10,2023-01-10,Closed
FD000126,C06859,1220735,6.5,12,1300082.77,2026-04-23,2027-04-23,Active
FD000127,C09212,1174525,6.5,12,1250869.12,2021-01-15,2022-01-15,Active
FD000128,C03127,1145615,6.5,12,1220079.97,2024-01-25,2025-01-25,Closed
FD000129,C07753,1163446,5.5,6,1195012.53,2025-12-18,2026-06-18,Active
FD000130,C00638,1499916,7.0,36,1837461.6,2021-08-29,2024-08-29,Active
FD000131,C03107,1321312,7.4,120,2698038.81,2024-10-02,2034-10-02,Active
FD000132,C04792,1259192,6.5,12,1341039.48,2022-11-09,2023-11-09,Active
FD000133,C07771,507239,5.5,6,521001.37,2025-09-20,2026-03-20,Closed
FD000134,C07791,1179215,7.0,36,1444589.08,2025-08-12,2028-08-12,Closed
FD000135,C06313,1595680,7.0,36,1954776.61,2025-09-20,2028-09-20,Active
FD000136,C06122,196745,7.3,84,322182.36,2023-05-17,2030-05-17,Closed
FD000137,C00793,1356851,6.5,12,1445046.31,2026-01-21,2027-01-21,Matured
FD000138,C03683,1309642,6.8,24,1493809.1,2021-07-05,2023-07-05,Matured
FD000139,C04245,734055,6.8,24,837280.75,2023-12-21,2025-12-21,Active
FD000140,C00647,316941,6.5,12,337542.16,2021-08-13,2022-08-13,Matured
FD000141,C04742,845125,7.0,36,1035314.47,2025-10-18,2028-10-18,Closed
FD000142,C04833,2631656,6.8,24,3001729.99,2025-05-26,2027-05-26,Active
FD000143,C03413,924224,5.5,6,949299.98,2025-02-08,2025-08-08,Active
FD000144,C03298,1853081,7.2,60,2623423.05,2026-02-09,2031-02-09,Active
FD000145,C09128,1401611,6.8,24,1598711.15,2024-09-05,2026-09-05,Active
FD000146,C07046,946328,6.8,24,1079404.43,2026-06-01,2028-06-01,Matured
FD000147,C00573,761737,7.0,36,933160.58,2025-06-21,2028-06-21,Active
FD000148,C03963,2704746,7.0,36,3313430.15,2022-06-30,2025-06-30,Active
FD000149,C08693,2046487,7.2,60,2897229.62,2024-09-22,2029-09-22,Matured
FD000150,C01861,1934422,7.2,60,2738578.22,2026-02-23,2031-02-23,Active
FD000151,C06954,98458,6.5,12,104857.77,2023-07-03,2024-07-03,Active
FD000152,C00255,660927,6.8,24,753869.2,2025-09-19,2027-09-19,Closed
FD000153,C07219,2464538,6.5,12,2624732.97,2020-09-21,2021-09-21,Matured
FD000154,C04541,4197136,6.5,12,4469949.84,2024-02-16,2025-02-16,Active
FD000155,C05394,2934097,5.5,6,3013704.71,2026-02-24,2026-08-24,Matured
FD000156,C09272,1664903,7.2,60,2357017.8,2024-12-27,2029-12-27,Matured
FD000157,C03620,508943,6.5,12,542024.29,2023-02-01,2024-02-01,Closed
FD000158,C08182,2222472,6.8,24,2535004.9,2024-10-09,2026-10-09,Active
FD000159,C05422,1829090,6.5,12,1947980.85,2026-04-15,2027-04-15,Active
FD000160,C04599,3947709,7.0,36,4836113.28,2025-07-29,2028-07-29,Closed
FD000161,C09102,674377,6.5,12,718211.51,2026-07-24,2027-07-24,Matured
FD000162,C02248,514071,7.0,36,629759.08,2023-12-27,2026-12-27,Matured
FD000163,C03897,2167193,6.8,24,2471952.35,2025-01-24,2027-01-24,Closed
FD000164,C05361,985148,7.2,60,1394682.68,2025-07-11,2030-07-11,Matured
FD000165,C07841,547732,6.8,24,624756.26,2025-09-21,2027-09-21,Matured
FD000166,C08378,1811320,7.0,36,2218944.89,2026-07-18,2029-07-18,Matured
FD000167,C04379,1143244,6.8,24,1304011.54,2026-04-09,2028-04-09,Active
FD000168,C06339,1894959,5.5,6,1946372.89,2021-11-30,2022-05-30,Active
FD000169,C04881,2329311,6.5,12,2480716.21,2025-04-30,2026-04-30,Closed
FD000170,C04310,725934,6.5,12,773119.71,2023-06-10,2024-06-10,Active
FD000171,C01403,1505318,6.5,12,1603163.67,2025-11-28,2026-11-28,Active
FD000172,C00784,920041,6.8,24,1049420.85,2023-07-18,2025-07-18,Active
FD000173,C02197,921941,5.5,6,946955.04,2024-09-06,2025-03-06,Matured
FD000174,C05082,866792,7.3,84,1419426.63,2023-09-17,2030-09-17,Active
FD000175,C08469,131922,7.2,60,186763.13,2022-12-14,2027-12-14,Matured
FD000176,C01649,847716,6.8,24,966925.21,2023-03-26,2025-03-26,Closed
FD000177,C03379,676236,7.2,60,957353.25,2022-09-22,2027-09-22,Closed
FD000178,C05965,1807502,6.8,24,2061680.16,2026-06-30,2028-06-30,Matured
FD000179,C03020,1315112,7.2,60,1861815.61,2022-07-10,2027-07-10,Active
FD000180,C03286,1194773,6.8,24,1362786.76,2020-03-31,2022-03-31,Active
FD000181,C05302,1459829,7.0,36,1788353.3,2025-09-12,2028-09-12,Matured
FD000182,C03911,396123,7.2,60,560794.81,2025-12-09,2030-12-09,Closed
FD000183,C09665,1170138,5.5,6,1201886.1,2024-11-21,2025-05-21,Active
FD000184,C09810,1233615,7.0,36,1511231.42,2026-04-20,2029-04-20,Active
FD000185,C09840,1847732,6.5,12,1967834.58,2024-12-05,2025-12-05,Active
FD000186,C04611,155454,6.5,12,165558.51,2024-09-17,2025-09-17,Active
FD000187,C07230,1957147,6.5,12,2084361.55,2026-06-01,2027-06-01,Matured
FD000188,C04468,845085,6.5,12,900015.52,2025-04-21,2026-04-21,Closed
FD000189,C05350,934085,6.5,12,994800.52,2026-06-21,2027-06-21,Active
FD000190,C00577,90649,7.0,36,111048.92,2023-08-24,2026-08-24,Active
FD000191,C01951,1517840,6.5,12,1616499.6,2022-10-05,2023-10-05,Active
FD000192,C05001,2783657,5.5,6,2859182.98,2025-10-06,2026-04-06,Active
FD000193,C05305,1087181,6.5,12,1157847.76,2025-01-21,2026-01-21,Active
FD000194,C08168,369568,6.5,12,393589.92,2025-05-16,2026-05-16,Active
FD000195,C04501,289892,6.8,24,330657.77,2026-02-01,2028-02-01,Active
FD000196,C09439,587381,7.2,60,831560.44,2025-08-02,2030-08-02,Active
FD000197,C01933,2596980,7.4,120,5302875.35,2026-03-31,2036-03-31,Matured
FD000198,C08170,393441,7.4,120,803382.61,2026-02-19,2036-02-19,Active
FD000199,C01330,157703,7.3,84,258248.62,2024-11-15,2031-11-15,Active
FD000200,C08734,837075,6.5,12,891484.88,2025-01-22,2026-01-22,Matured
FD000201,C05629,687504,6.8,24,784183.56,2023-06-01,2025-06-01,Matured
FD000202,C09417,559292,6.5,12,595645.98,2025-08-01,2026-08-01,Matured
FD000203,C00061,2919990,7.0,36,3577113.31,2026-07-30,2029-07-30,Active
FD000204,C03783,136128,6.5,12,144976.32,2025-12-14,2026-12-14,Active
FD000205,C09223,827143,5.5,6,849584.99,2025-05-21,2025-11-21,Active
FD000206,C07451,103066,7.2,60,145911.44,2024-09-13,2029-09-13,Matured
FD000207,C01944,271331,6.8,24,309486.65,2024-07-13,2026-07-13,Active
FD000208,C05450,984884,7.2,60,1394308.93,2025-05-15,2030-05-15,Matured
FD000209,C00837,3703130,6.5,12,3943833.45,2026-04-14,2027-04-14,Active
FD000210,C02846,2778216,6.5,12,2958800.04,2026-03-30,2027-03-30,Matured
FD000211,C05719,1063967,6.8,24,1213586.3,2024-06-24,2026-06-24,Matured
FD000212,C00690,1175732,6.5,12,1252154.58,2021-11-24,2022-11-24,Active
FD000213,C00528,776981,6.5,12,827484.77,2023-09-27,2024-09-27,Active
FD000214,C04885,1623862,6.8,24,1852215.97,2025-12-09,2027-12-09,Active
FD000215,C02034,844798,6.5,12,899709.87,2025-10-15,2026-10-15,Active
FD000216,C01806,731604,6.5,12,779158.26,2025-08-11,2026-08-11,Active
FD000217,C08408,591804,6.5,12,630271.26,2026-07-28,2027-07-28,Closed
FD000218,C01522,2990977,7.2,60,4234352.41,2021-11-20,2026-11-20,Active
FD000219,C01300,1133445,7.3,84,1856087.75,2021-10-26,2028-10-26,Active
FD000220,C07710,3459366,6.8,24,3945835.88,2026-04-15,2028-04-15,Matured
FD000221,C07050,4043758,7.0,36,4953777.43,2022-07-22,2025-07-22,Active
FD000222,C06115,86161,5.5,6,88498.71,2026-02-01,2026-08-01,Active
FD000223,C07855,560247,6.5,12,596663.05,2019-05-27,2020-05-27,Active
FD000224,C01095,1042499,6.8,24,1189099.38,2026-05-26,2028-05-26,Active
FD000225,C07076,1204248,6.5,12,1282524.12,2021-11-19,2022-11-19,Matured
FD000226,C00993,334076,6.5,12,355790.94,2025-04-06,2026-04-06,Active
FD000227,C04690,453878,6.5,12,483380.07,2021-09-14,2022-09-14,Matured
FD000228,C07888,2944755,6.5,12,3136164.07,2026-05-23,2027-05-23,Active
FD000229,C00739,2080876,6.5,12,2216132.94,2022-09-04,2023-09-04,Active
FD000230,C08758,1150243,6.8,24,1311994.77,2026-04-05,2028-04-05,Closed
FD000231,C03991,864188,6.5,12,920360.22,2026-05-07,2027-05-07,Active
FD000232,C09584,683901,5.5,6,702456.55,2023-11-14,2024-05-14,Active
FD000233,C01283,625272,5.5,6,642236.84,2022-10-18,2023-04-18,Active
FD000234,C07450,662654,7.0,36,811779.64,2025-12-10,2028-12-10,Active
FD000235,C01517,1079447,6.5,12,1149611.05,2026-05-17,2027-05-17,Active
FD000236,C01720,646302,6.8,24,737187.57,2026-02-01,2028-02-01,Active
FD000237,C02885,1596554,7.4,120,3260066.25,2026-07-27,2036-07-27,Active
FD000238,C08009,2053741,6.5,12,2187234.17,2026-07-25,2027-07-25,Active
FD000239,C04012,1081267,5.5,6,1110603.86,2023-12-01,2024-06-01,Active
FD000240,C00686,162426,6.5,12,172983.69,2025-03-01,2026-03-01,Matured
FD000241,C04964,687189,5.5,6,705833.76,2024-08-08,2025-02-08,Active
FD000242,C04648,1220363,7.2,60,1727678.62,2025-01-24,2030-01-24,Active
FD000243,C01000,1943200,7.2,60,2751005.31,2026-03-23,2031-03-23,Active
FD000244,C04274,1002635,6.8,24,1143629.54,2023-06-08,2025-06-08,Closed
FD000245,C08503,1848642,6.5,12,1968803.73,2025-01-12,2026-01-12,Active
FD000246,C09028,1328488,7.4,120,2712691.77,2020-08-31,2030-08-31,Active
FD000247,C03771,485762,7.0,36,595079.34,2025-06-22,2028-06-22,Active
FD000248,C00150,220262,6.5,12,234579.03,2022-08-19,2023-08-19,Active
FD000249,C06353,364844,6.5,12,388558.86,2026-04-15,2027-04-15,Active
FD000250,C08293,772858,6.8,24,881540.38,2025-07-21,2027-07-21,Active
FD000251,C05886,1020881,6.5,12,1087238.26,2023-05-22,2024-05-22,Active
FD000252,C02293,1002172,5.5,6,1029362.86,2022-08-12,2023-02-12,Active
FD000253,C04276,604811,7.2,60,856236.25,2025-04-12,2030-04-12,Active
FD000254,C06036,879713,6.8,24,1003421.76,2025-12-02,2027-12-02,Active
FD000255,C02966,1408188,6.5,12,1499720.22,2022-12-09,2023-12-09,Active
FD000256,C05566,348291,5.5,6,357740.81,2024-08-07,2025-02-07,Active
FD000257,C09053,2630434,6.8,24,3000336.15,2025-05-25,2027-05-25,Matured
FD000258,C05125,655260,6.8,24,747405.28,2026-02-18,2028-02-18,Active
FD000259,C00508,368862,7.0,36,451871.81,2024-05-07,2027-05-07,Closed
FD000260,C03212,1099566,6.8,24,1254191.37,2022-01-30,2024-01-30,Active
FD000261,C06259,133594,7.2,60,189130.2,2020-11-13,2025-11-13,Matured
FD000262,C03452,575059,5.5,6,590661.46,2024-06-10,2024-12-10,Active
FD000263,C05612,1464106,7.2,60,2072747.73,2025-12-24,2030-12-24,Active
FD000264,C05543,1046971,5.5,6,1075377.34,2024-05-23,2024-11-23,Matured
FD000265,C09861,615205,6.8,24,701717.59,2025-03-01,2027-03-01,Matured
FD000266,C00605,417401,6.8,24,476097.6,2020-06-14,2022-06-14,Matured
FD000267,C08450,2383346,6.5,12,2538263.49,2022-08-08,2023-08-08,Active
FD000268,C04399,2712480,7.2,60,3840081.76,2023-10-09,2028-10-09,Closed
FD000269,C00875,2021366,6.5,12,2152754.79,2025-01-16,2026-01-16,Active
FD000270,C06866,2860743,6.5,12,3046691.29,2026-07-28,2027-07-28,Active
FD000271,C06716,913282,7.0,36,1118809.72,2024-02-14,2027-02-14,Active
FD000272,C01488,889809,7.2,60,1259710.42,2022-07-12,2027-07-12,Active
FD000273,C05877,1003839,5.5,6,1031075.09,2023-07-01,2024-01-01,Active
FD000274,C02022,293105,7.4,120,598502.6,2026-02-19,2036-02-19,Active
FD000275,C00453,1129186,7.2,60,1598598.54,2026-05-19,2031-05-19,Active
FD000276,C01949,1187901,6.8,24,1354948.39,2024-04-30,2026-04-30,Active
FD000277,C04184,2224492,6.5,12,2369083.98,2021-12-02,2022-12-02,Matured
FD000278,C02003,1904054,7.2,60,2695585.97,2024-11-26,2029-11-26,Active
FD000279,C01327,625898,6.5,12,666581.37,2022-02-26,2023-02-26,Active
FD000280,C08040,1066514,6.5,12,1135837.41,2022-06-20,2023-06-20,Closed
FD000281,C03609,1326896,7.2,60,1878498.32,2023-11-13,2028-11-13,Matured
FD000282,C03071,701690,6.8,24,800364.45,2026-06-20,2028-06-20,Active
FD000283,C02661,440947,6.5,12,469608.55,2022-10-20,2023-10-20,Matured
FD000284,C05864,287945,6.8,24,328436.98,2025-08-11,2027-08-11,Active
FD000285,C03018,372900,6.8,24,425338.69,2023-07-01,2025-07-01,Matured
FD000286,C05314,1117181,7.0,36,1368594.76,2023-09-14,2026-09-14,Active
FD000287,C08321,1061874,7.4,120,2168282.18,2025-09-30,2035-09-30,Active
FD000288,C06345,1206086,6.5,12,1284481.59,2023-06-13,2024-06-13,Active
FD000289,C09258,4313433,7.0,36,5284140.9,2022-06-13,2025-06-13,Active
FD000290,C09924,342804,6.5,12,365086.26,2026-05-13,2027-05-13,Matured
FD000291,C01174,1790394,6.5,12,1906769.61,2022-11-04,2023-11-04,Matured
FD000292,C08233,330150,7.2,60,467396.26,2023-04-11,2028-04-11,Active
FD000293,C04985,1302233,7.2,60,1843582.7,2025-07-23,2030-07-23,Active
FD000294,C03228,1433996,6.8,24,1635650.25,2026-05-27,2028-05-27,Active
FD000295,C03607,4567941,6.8,24,5210303.14,2026-06-02,2028-06-02,Active
FD000296,C02477,4608621,6.5,12,4908181.36,2025-11-20,2026-11-20,Closed
FD000297,C00383,1632530,7.4,120,3333527.06,2023-03-15,2033-03-15,Active
FD000298,C04224,3262592,6.5,12,3474660.48,2025-07-20,2026-07-20,Matured
FD000299,C02845,233070,6.5,12,248219.55,2025-10-30,2026-10-30,Active
FD000300,C00464,1751647,6.5,12,1865504.05,2026-04-20,2027-04-20,Closed
FD000301,C01011,368987,6.8,24,420875.43,2023-08-22,2025-08-22,Active
FD000302,C01227,4263523,7.4,120,8705854.89,2025-10-16,2035-10-16,Active
FD000303,C02730,155239,7.2,60,219773.22,2025-05-09,2030-05-09,Active
FD000304,C08965,2255998,7.3,84,3694339.16,2025-05-30,2032-05-30,Active
FD000305,C01033,654631,6.8,24,746687.83,2022-09-27,2024-09-27,Matured
FD000306,C07686,1344875,5.5,6,1381364.05,2025-08-27,2026-02-27,Matured
FD000307,C02095,2273172,6.5,12,2420928.18,2026-03-12,2027-03-12,Matured
FD000308,C08075,386866,7.2,60,547689.59,2023-04-16,2028-04-16,Closed
FD000309,C01794,2288174,6.5,12,2436905.31,2025-10-26,2026-10-26,Active
FD000310,C04558,4143200,7.2,60,5865564.63,2022-08-25,2027-08-25,Active
FD000311,C00792,193488,6.5,12,206064.72,2022-06-11,2023-06-11,Matured
FD000312,C09089,652677,7.4,120,1332726.77,2024-03-05,2034-03-05,Matured
FD000313,C01038,960104,7.4,120,1960474.03,2023-09-11,2033-09-11,Matured
FD000314,C06941,471557,6.8,24,537869.23,2026-02-28,2028-02-28,Matured
FD000315,C01086,110706,5.5,6,113709.67,2023-07-30,2024-01-30,Matured
FD000316,C08026,2510947,6.5,12,2674158.55,2025-08-29,2026-08-29,Active
FD000317,C02177,562119,6.8,24,641166.42,2023-02-13,2025-02-13,Active
FD000318,C00202,427606,6.5,12,455400.39,2024-04-18,2025-04-18,Active
FD000319,C08319,3259014,7.0,36,3992432.29,2026-08-05,2029-08-05,Active
FD000320,C00069,1964341,6.8,24,2240574.49,2025-12-26,2027-12-26,Active
FD000321,C09581,1387782,6.5,12,1477987.83,2026-04-12,2027-04-12,Active
FD000322,C03074,128831,7.2,60,182387.18,2024-09-24,2029-09-24,Active
FD000323,C03646,653207,7.0,36,800206.66,2022-10-10,2025-10-10,Active
FD000324,C00452,3755497,7.3,84,6149863.45,2024-12-18,2031-12-18,Closed
FD000325,C03600,1304743,7.0,36,1598366.28,2020-10-09,2023-10-09,Active
FD000326,C07363,2147975,6.8,24,2450031.84,2026-02-19,2028-02-19,Active
FD000327,C02551,856760,7.2,60,1212922.66,2022-07-01,2027-07-01,Active
FD000328,C06645,1649557,6.8,24,1881524.3,2020-01-16,2022-01-16,Active
FD000329,C07958,669143,5.5,6,687298.14,2026-05-29,2026-11-29,Matured
FD000330,C07562,880064,6.5,12,937268.16,2026-06-29,2027-06-29,Active
FD000331,C09648,152853,7.3,84,250306.44,2023-06-02,2030-06-02,Matured
FD000332,C00705,1796589,7.3,84,2942027.92,2026-04-01,2033-04-01,Active
FD000333,C00751,887665,6.5,12,945363.22,2026-05-01,2027-05-01,Matured
FD000334,C08725,509285,7.0,36,623896.02,2019-06-27,2022-06-27,Active
FD000335,C09744,1197387,7.0,36,1466850.56,2024-12-27,2027-12-27,Closed
FD000336,C07425,727737,5.5,6,747481.91,2026-02-27,2026-08-27,Matured
FD000337,C05477,189940,6.8,24,216650.12,2026-05-29,2028-05-29,Matured
FD000338,C01450,239023,7.3,84,391415.25,2024-07-27,2031-07-27,Active
FD000339,C07484,921373,6.5,12,981262.24,2026-07-26,2027-07-26,Active
FD000340,C04722,1181220,7.2,60,1672263.53,2023-09-25,2028-09-25,Active
FD000341,C02191,2154679,7.3,84,3528422.91,2023-12-14,2030-12-14,Matured
FD000342,C02410,319452,7.3,84,523122.82,2026-04-26,2033-04-26,Closed
FD000343,C08403,2525825,7.0,36,3094244.24,2026-07-03,2029-07-03,Active
FD000344,C02330,533056,6.8,24,608016.47,2023-08-25,2025-08-25,Active
FD000345,C07078,523148,7.2,60,740625.22,2022-10-09,2027-10-09,Matured
FD000346,C02656,883432,7.4,120,1803914.46,2021-01-09,2031-01-09,Matured
FD000347,C08194,817085,5.5,6,839254.09,2022-07-08,2023-01-08,Active
FD000348,C02947,604609,6.8,24,689631.54,2023-09-20,2025-09-20,Active
FD000349,C06660,1461023,7.0,36,1789816.0,2026-06-07,2029-06-07,Active
FD000350,C07164,3246273,7.2,60,4595777.2,2024-10-23,2029-10-23,Closed
FD000351,C08340,958872,7.0,36,1174659.43,2025-12-04,2028-12-04,Active
FD000352,C07769,2648567,7.2,60,3749599.57,2026-04-26,2031-04-26,Active
FD000353,C01647,2608870,6.5,12,2778446.55,2026-06-25,2027-06-25,Active
FD000354,C01430,1023639,7.3,84,1676273.49,2025-02-18,2032-02-18,Active
FD000355,C01960,1762516,6.5,12,1877079.54,2024-06-26,2025-06-26,Active
FD000356,C08380,128039,6.5,12,136361.54,2024-01-09,2025-01-09,Active
FD000357,C04961,457652,6.5,12,487399.38,2026-03-05,2027-03-05,Active
FD000358,C03248,457524,6.8,24,521862.85,2026-01-11,2028-01-11,Matured
FD000359,C01924,1182865,6.8,24,1349204.21,2025-01-12,2027-01-12,Matured
FD000360,C00531,374058,7.2,60,529557.2,2023-12-16,2028-12-16,Matured
FD000361,C04077,1798381,6.8,24,2051276.53,2023-05-15,2025-05-15,Active
FD000362,C07652,1223315,5.5,6,1256505.9,2025-06-30,2025-12-30,Active
FD000363,C03516,979841,6.8,24,1117630.16,2023-12-20,2025-12-20,Active
FD000364,C04627,430303,5.5,6,441977.95,2022-03-13,2022-09-13,Matured
FD000365,C00295,1191827,7.3,84,1951691.96,2025-10-22,2032-10-22,Active
FD000366,C00128,113491,6.5,12,120867.91,2026-04-09,2027-04-09,Active
FD000367,C03507,306187,7.3,84,501400.54,2024-03-31,2031-03-31,Matured
FD000368,C00460,242253,7.0,36,296770.34,2021-10-13,2024-10-13,Active
FD000369,C06519,229159,5.5,6,235376.53,2026-06-02,2026-12-02,Active
FD000370,C09385,182040,7.2,60,257715.63,2026-06-18,2031-06-18,Active
FD000371,C04398,1790254,7.2,60,2534478.31,2025-03-03,2030-03-03,Active
FD000372,C04894,502882,7.2,60,711934.46,2026-07-01,2031-07-01,Active
FD000373,C02128,359443,7.2,60,508866.61,2026-03-18,2031-03-18,Active
FD000374,C01676,631487,7.2,60,894001.69,2026-07-15,2031-07-15,Active
FD000375,C02842,322613,6.8,24,367980.13,2022-05-07,2024-05-07,Matured
FD000376,C09911,972129,7.0,36,1190899.83,2025-12-15,2028-12-15,Active
FD000377,C06440,112328,6.5,12,119629.32,2026-02-13,2027-02-13,Matured
FD000378,C03836,667457,6.5,12,710841.7,2026-06-07,2027-06-07,Active
FD000379,C02040,159888,6.5,12,170280.72,2026-08-03,2027-08-03,Active
FD000380,C04237,526679,7.0,36,645204.42,2025-08-06,2028-08-06,Active
FD000381,C08153,1568501,6.8,24,1789069.88,2021-10-11,2023-10-11,Active
FD000382,C03404,578313,6.5,12,615903.34,2022-05-30,2023-05-30,Active
FD000383,C03661,4424249,6.5,12,4711825.18,2021-08-19,2022-08-19,Active
FD000384,C03947,180655,5.5,6,185556.52,2019-12-14,2020-06-14,Active
FD000385,C05149,1734504,6.8,24,1978416.89,2026-06-20,2028-06-20,Active
FD000386,C05183,1544013,7.3,84,2528418.77,2025-02-20,2032-02-20,Active
FD000387,C08241,219429,6.5,12,233691.88,2020-06-05,2021-06-05,Active
FD000388,C04040,579285,6.5,12,616938.53,2026-01-13,2027-01-13,Active
FD000389,C09679,1199986,7.0,36,1470034.45,2024-03-29,2027-03-29,Active
FD000390,C00283,2555643,6.8,24,2915027.74,2026-07-29,2028-07-29,Active
FD000391,C01914,3658773,5.5,6,3758042.57,2022-08-24,2023-02-24,Matured
FD000392,C03360,1423032,7.0,36,1743275.39,2025-12-03,2028-12-03,Matured
FD000393,C04510,1853744,6.8,24,2114424.9,2025-02-02,2027-02-02,Closed
FD000394,C02708,917829,6.5,12,977487.88,2026-03-11,2027-03-11,Active
FD000395,C04701,922393,7.0,36,1129971.09,2026-03-04,2029-03-04,Active
FD000396,C07777,705409,7.0,36,864156.36,2026-06-08,2029-06-08,Active
FD000397,C07151,370107,7.0,36,453396.99,2023-06-16,2026-06-16,Active
FD000398,C06515,241312,7.2,60,341627.52,2026-04-03,2031-04-03,Active
FD000399,C06132,252510,7.0,36,309335.61,2021-07-15,2024-07-15,Active
FD000400,C06287,1141487,6.8,24,1302007.47,2021-01-11,2023-01-11,Active
FD000401,C04449,2405464,6.8,24,2743729.97,2025-12-17,2027-12-17,Matured
FD000402,C00933,1773056,6.5,12,1888304.64,2024-11-27,2025-11-27,Matured
FD000403,C08964,836730,6.8,24,954394.32,2024-05-08,2026-05-08,Closed
FD000404,C01428,157890,7.4,120,322401.79,2025-11-09,2035-11-09,Active
FD000405,C08728,1524911,6.5,12,1624030.21,2023-12-17,2024-12-17,Active
FD000406,C03392,698985,7.0,36,856286.68,2025-11-10,2028-11-10,Active
FD000407,C04003,276950,6.5,12,294951.75,2026-02-10,2027-02-10,Active
FD000408,C06002,290931,7.2,60,411873.57,2024-10-27,2029-10-27,Active
FD000409,C02888,949913,7.2,60,1344800.18,2026-01-19,2031-01-19,Closed
FD000410,C05424,160116,7.0,36,196148.98,2023-05-21,2026-05-21,Matured
FD000411,C00768,610878,5.5,6,627452.3,2023-01-28,2023-07-28,Active
FD000412,C07106,3247777,6.5,12,3458882.5,2026-07-31,2027-07-31,Active
FD000413,C06905,62804,6.5,12,66886.26,2025-01-04,2026-01-04,Active
FD000414,C04573,3412022,5.5,6,3504596.74,2024-07-24,2025-01-24,Matured
FD000415,C02452,114292,5.5,6,117392.96,2025-12-22,2026-06-22,Active
FD000416,C09419,838936,6.8,24,956910.54,2024-11-17,2026-11-17,Active
FD000417,C07773,3154230,6.5,12,3359254.95,2025-12-31,2026-12-31,Active
FD000418,C03214,1240329,6.8,24,1414749.03,2019-06-24,2021-06-24,Closed
FD000419,C09948,702549,6.5,12,748214.68,2021-02-20,2022-02-20,Active
FD000420,C02406,1463414,5.5,6,1503119.25,2022-09-01,2023-03-01,Active
FD000421,C02035,939223,6.8,24,1071300.3,2025-07-03,2027-07-03,Active
FD000422,C08236,1195744,6.5,12,1273467.36,2025-05-10,2026-05-10,Active
FD000423,C08112,773879,6.8,24,882704.96,2025-10-23,2027-10-23,Active
FD000424,C08426,1293892,6.8,24,1475844.27,2024-05-04,2026-05-04,Matured
FD000425,C00469,145247,6.5,12,154688.05,2024-01-17,2025-01-17,Closed
FD000426,C06884,107443,5.5,6,110358.14,2026-03-22,2026-09-22,Active
FD000427,C05368,492989,7.2,60,697928.86,2024-09-04,2029-09-04,Matured
FD000428,C01106,657014,6.5,12,699719.91,2022-12-23,2023-12-23,Active
FD000429,C08641,1856298,6.5,12,1976957.37,2026-06-08,2027-06-08,Active
FD000430,C00427,532577,6.8,24,607470.11,2025-01-16,2027-01-16,Matured
FD000431,C05210,1740724,6.5,12,1853871.06,2025-07-02,2026-07-02,Active
FD000432,C00943,1606173,5.5,6,1649751.57,2025-12-15,2026-06-15,Active
FD000433,C02743,213289,7.2,60,301955.11,2025-06-29,2030-06-29,Active
FD000434,C01520,1252506,6.8,24,1428638.4,2026-04-01,2028-04-01,Active
FD000435,C01754,657157,6.5,12,699872.2,2026-08-05,2027-08-05,Active
FD000436,C06435,731088,6.5,12,778608.72,2025-05-10,2026-05-10,Closed
FD000437,C05716,1979786,7.2,60,2802800.43,2025-07-13,2030-07-13,Closed
FD000438,C04904,234821,6.8,24,267842.47,2026-07-07,2028-07-07,Active
FD000439,C05012,963679,6.8,24,1099195.4,2024-07-14,2026-07-14,Active
FD000440,C09973,879982,7.2,60,1245798.25,2024-10-12,2029-10-12,Matured
FD000441,C07182,1908681,6.5,12,2032745.26,2026-07-10,2027-07-10,Active
FD000442,C08765,2191122,7.0,36,2684218.67,2024-03-25,2027-03-25,Active
FD000443,C05979,456645,7.3,84,747785.02,2025-02-10,2032-02-10,Active
FD000444,C02593,359728,6.5,12,383110.32,2021-11-18,2022-11-18,Active
FD000445,C00530,256854,6.5,12,273549.51,2025-11-07,2026-11-07,Active
FD000446,C05522,1642057,7.0,36,2011590.43,2025-12-17,2028-12-17,Active
FD000447,C04031,3291559,7.0,36,4032301.31,2026-04-28,2029-04-28,Active
FD000448,C06807,4778955,7.2,60,6765608.57,2022-09-24,2027-09-24,Active
FD000449,C06418,1233825,7.0,36,1511488.68,2026-03-29,2029-03-29,Closed
FD000450,C03724,727816,7.2,60,1030375.5,2023-08-07,2028-08-07,Active
FD000451,C06701,683161,6.8,24,779229.83,2024-11-23,2026-11-23,Active
FD000452,C04111,1374110,6.5,12,1463427.15,2026-02-11,2027-02-11,Active
FD000453,C02859,285602,6.5,12,304166.13,2025-05-18,2026-05-18,Active
FD000454,C04063,1018344,6.8,24,1161547.61,2025-09-27,2027-09-27,Active
FD000455,C01697,1254088,5.5,6,1288113.83,2026-05-28,2026-11-28,Closed
FD000456,C08910,428730,7.0,36,525212.69,2024-03-22,2027-03-22,Active
FD000457,C05764,1990753,6.8,24,2270700.65,2026-05-10,2028-05-10,Closed
FD000458,C08804,222061,6.8,24,253288.11,2026-03-21,2028-03-21,Matured
FD000459,C03297,1629067,6.5,12,1734956.35,2026-02-17,2027-02-17,Active
FD000460,C07968,1315514,7.4,120,2686199.65,2022-02-06,2032-02-06,Active
FD000461,C05260,1490482,7.4,120,3043473.67,2022-04-27,2032-04-27,Active
FD000462,C04952,1405026,6.5,12,1496352.69,2024-02-01,2025-02-01,Active
FD000463,C01719,1886091,7.4,120,3851283.21,2026-03-14,2036-03-14,Active
FD000464,C03606,1328854,6.5,12,1415229.51,2026-06-10,2027-06-10,Active
FD000465,C01702,2423083,6.5,12,2580583.4,2024-08-29,2025-08-29,Matured
FD000466,C09817,1473751,6.8,24,1680995.76,2025-11-01,2027-11-01,Matured
FD000467,C06154,2764995,6.5,12,2944719.67,2023-03-21,2024-03-21,Active
FD000468,C00368,1671367,6.5,12,1780005.85,2024-10-10,2025-10-10,Matured
FD000469,C01352,738457,7.4,120,1507884.32,2025-07-18,2035-07-18,Active
FD000470,C03830,680711,6.5,12,724957.21,2022-10-28,2023-10-28,Active
FD000471,C04257,346596,7.3,84,567572.83,2020-03-17,2027-03-17,Active
FD000472,C08732,3337981,6.5,12,3554949.76,2026-06-25,2027-06-25,Matured
FD000473,C06773,227668,6.5,12,242466.42,2024-12-16,2025-12-16,Active
FD000474,C03383,738865,7.2,60,1046017.67,2025-01-21,2030-01-21,Matured
FD000475,C05732,1153926,5.5,6,1185234.24,2026-07-17,2027-01-17,Matured
FD000476,C04023,583188,6.5,12,621095.22,2022-06-07,2023-06-07,Active
FD000477,C02710,806077,7.4,120,1645960.25,2026-07-03,2036-07-03,Active
FD000478,C09268,1656746,6.8,24,1889724.25,2021-11-23,2023-11-23,Active
FD000479,C08219,338495,6.5,12,360497.17,2026-08-05,2027-08-05,Active
FD000480,C09295,876403,6.5,12,933369.19,2024-05-27,2025-05-27,Matured
FD000481,C02856,1801373,7.0,36,2206759.38,2022-05-13,2025-05-13,Active
FD000482,C09429,1438166,6.5,12,1531646.79,2025-05-16,2026-05-16,Matured
FD000483,C04828,324829,6.8,24,370507.75,2025-05-07,2027-05-07,Active
FD000484,C07123,429261,7.2,60,607708.57,2024-05-11,2029-05-11,Matured
FD000485,C05162,1438643,7.0,36,1762399.54,2026-06-13,2029-06-13,Active
FD000486,C02921,813991,7.0,36,997173.98,2026-04-10,2029-04-10,Active
FD000487,C00197,1913104,7.0,36,2343634.66,2022-11-01,2025-11-01,Matured
FD000488,C02641,3815880,6.5,12,4063912.2,2023-05-22,2024-05-22,Active
FD000489,C09178,1745807,7.2,60,2471554.31,2024-08-03,2029-08-03,Closed
FD000490,C05521,456881,6.5,12,486578.26,2022-06-24,2023-06-24,Closed
FD000491,C05974,973999,6.8,24,1110966.64,2026-05-15,2028-05-15,Active
FD000492,C06375,850844,6.8,24,970493.09,2022-09-30,2024-09-30,Active
FD000493,C00201,729721,7.2,60,1033072.43,2023-10-14,2028-10-14,Matured
FD000494,C09745,340242,7.2,60,481683.59,2020-02-18,2025-02-18,Active
FD000495,C03623,2065743,7.2,60,2924490.51,2023-09-03,2028-09-03,Active
FD000496,C08850,265146,7.0,36,324815.25,2025-06-18,2028-06-18,Active
FD000497,C06496,311468,6.5,12,331713.42,2022-08-22,2023-08-22,Matured
FD000498,C09422,622084,6.8,24,709563.94,2025-01-17,2027-01-17,Active
FD000499,C02791,3719785,5.5,6,3820709.94,2026-04-10,2026-10-10,Closed
FD000500,C09963,996083,7.2,60,1410163.45,2023-12-23,2028-12-23,Closed
FD000501,C02006,1790203,5.5,6,1838774.66,2025-11-01,2026-05-01,Active
FD000502,C03630,544462,6.5,12,579852.03,2024-10-01,2025-10-01,Active
FD000503,C05630,520891,5.5,6,535023.78,2024-10-16,2025-04-16,Closed
FD000504,C06690,3047686,7.0,36,3733546.4,2026-07-21,2029-07-21,Matured
FD000505,C08365,338567,5.5,6,347752.98,2022-02-02,2022-08-02,Closed
FD000506,C05713,545404,7.0,36,668143.35,2023-05-03,2026-05-03,Active
FD000507,C05772,1033795,6.8,24,1179171.39,2025-11-05,2027-11-05,Active
FD000508,C04046,382296,5.5,6,392668.43,2024-12-24,2025-06-24,Active
FD000509,C01688,363565,6.8,24,414690.96,2025-10-21,2027-10-21,Matured
FD000510,C09311,603408,6.8,24,688261.65,2019-06-25,2021-06-25,Matured
FD000511,C01119,548367,6.5,12,584010.85,2026-04-04,2027-04-04,Active
FD000512,C06899,1810875,7.0,36,2218399.74,2022-07-17,2025-07-17,Active
FD000513,C04319,181716,6.5,12,193527.54,2022-08-02,2023-08-02,Closed
FD000514,C06882,1174186,5.5,6,1206043.93,2025-06-04,2025-12-04,Active
FD000515,C02616,557381,7.0,36,682815.69,2024-03-13,2027-03-13,Active
FD000516,C00779,53280,7.0,36,65270.29,2026-01-28,2029-01-28,Active
FD000517,C04175,3544422,6.5,12,3774809.43,2022-01-09,2023-01-09,Matured
FD000518,C04898,2245653,7.4,120,4585486.97,2026-07-08,2036-07-08,Active
FD000519,C02175,2256453,6.8,24,2573764.45,2026-06-08,2028-06-08,Matured
FD000520,C09597,92644,6.5,12,98665.86,2025-08-24,2026-08-24,Active
FD000521,C00341,2716196,6.5,12,2892748.74,2025-05-23,2026-05-23,Active
FD000522,C03160,84062,6.5,12,89526.03,2025-04-26,2026-04-26,Active
FD000523,C07876,1061355,7.0,36,1300205.51,2025-03-21,2028-03-21,Active
FD000524,C09986,1444684,6.5,12,1538588.46,2021-08-21,2022-08-21,Active
FD000525,C03278,2889940,7.2,60,4091313.44,2022-02-12,2027-02-12,Active
FD000526,C08461,1485883,6.8,24,1694833.81,2025-08-02,2027-08-02,Matured
FD000527,C05073,1374846,6.5,12,1464210.99,2026-04-20,2027-04-20,Active
FD000528,C02072,3053310,7.2,60,4322597.79,2025-03-05,2030-03-05,Active
FD000529,C00928,665393,6.5,12,708643.54,2022-07-01,2023-07-01,Matured
FD000530,C07998,225766,6.5,12,240440.79,2024-07-29,2025-07-29,Active
FD000531,C04556,1720272,7.4,120,3512690.89,2025-06-15,2035-06-15,Active
FD000532,C01315,581237,5.5,6,597007.08,2026-04-23,2026-10-23,Active
FD000533,C06348,650018,6.5,12,692269.17,2024-08-03,2025-08-03,Matured
FD000534,C04167,1425168,6.5,12,1517803.92,2026-06-20,2027-06-20,Active
FD000535,C00882,1593584,6.8,24,1817680.16,2024-09-29,2026-09-29,Active
FD000536,C05328,511097,7.2,60,723564.51,2026-07-24,2031-07-24,Active
FD000537,C09202,441784,6.8,24,503909.43,2026-08-01,2028-08-01,Active
FD000538,C07165,3926839,7.2,60,5559260.47,2025-09-10,2030-09-10,Active
FD000539,C04264,223248,7.0,36,273488.4,2025-05-19,2028-05-19,Active
FD000540,C00883,1313436,7.4,120,2681956.5,2023-12-14,2033-12-14,Active
FD000541,C03794,666072,6.5,12,709366.68,2024-02-12,2025-02-12,Active
FD000542,C01022,743024,6.5,12,791320.56,2023-04-19,2024-04-19,Active
FD000543,C08767,1837260,6.5,12,1956681.9,2025-08-03,2026-08-03,Active
FD000544,C04158,987698,5.5,6,1014496.15,2021-01-10,2021-07-10,Closed
FD000545,C08060,789370,7.0,36,967012.19,2026-07-24,2029-07-24,Active
FD000546,C06127,1391064,7.4,120,2840468.16,2024-10-10,2034-10-10,Closed
FD000547,C00494,207372,7.0,36,254039.62,2024-06-05,2027-06-05,Active
FD000548,C03637,588009,7.2,60,832449.51,2026-08-01,2031-08-01,Matured
FD000549,C00612,115306,6.5,12,122800.89,2025-09-12,2026-09-12,Active
FD000550,C04499,1887830,5.5,6,1939050.47,2026-01-14,2026-07-14,Active
FD000551,C08196,818246,6.5,12,871431.99,2021-03-01,2022-03-01,Closed
FD000552,C03055,185833,7.0,36,227653.42,2023-03-11,2026-03-11,Matured
FD000553,C01672,1605937,6.5,12,1710322.91,2022-09-29,2023-09-29,Matured
FD000554,C02267,1253601,6.5,12,1335085.06,2025-08-28,2026-08-28,Active
FD000555,C05236,1368628,7.0,36,1676628.15,2022-11-26,2025-11-26,Active
FD000556,C00903,287918,5.5,6,295729.77,2026-07-23,2027-01-23,Active
FD000557,C00520,1135790,6.5,12,1209616.35,2022-06-25,2023-06-25,Active
FD000558,C08205,2245941,7.2,60,3179598.4,2023-06-16,2028-06-16,Matured
FD000559,C08799,1849947,7.4,120,3777479.36,2026-07-21,2036-07-21,Active
FD000560,C06641,1080121,6.5,12,1150328.86,2026-03-02,2027-03-02,Active
FD000561,C00473,360596,6.8,24,411304.45,2020-04-29,2022-04-29,Closed
FD000562,C04829,3783863,7.4,120,7726418.31,2023-05-16,2033-05-16,Matured
FD000563,C03723,720224,7.0,36,882305.37,2025-09-07,2028-09-07,Matured
FD000564,C08830,1203427,6.8,24,1372657.72,2024-09-06,2026-09-06,Closed
FD000565,C06769,380312,7.0,36,465898.55,2021-08-11,2024-08-11,Closed
FD000566,C02156,1387353,6.5,12,1477530.94,2025-07-19,2026-07-19,Active
FD000567,C01909,990537,6.5,12,1054921.91,2023-09-15,2024-09-15,Active
FD000568,C08472,341245,6.5,12,363425.92,2022-05-23,2023-05-23,Active
FD000569,C01934,1563709,6.8,24,1783604.01,2020-07-02,2022-07-02,Active
FD000570,C02721,1735400,7.4,120,3543581.35,2021-10-13,2031-10-13,Active
FD000571,C01175,411613,5.5,6,422780.85,2021-03-10,2021-09-10,Active
FD000572,C03163,2057666,6.8,24,2347023.22,2026-05-17,2028-05-17,Matured
FD000573,C01409,204666,6.5,12,217969.29,2024-10-03,2025-10-03,Active
FD000574,C08636,205535,6.8,24,234438.15,2021-04-08,2023-04-08,Matured
FD000575,C08242,772499,6.5,12,822711.43,2023-07-03,2024-07-03,Matured
FD000576,C07085,1206167,7.0,36,1477606.44,2023-07-27,2026-07-27,Active
FD000577,C07846,591203,6.8,24,674340.33,2026-07-28,2028-07-28,Closed
FD000578,C04977,166209,7.2,60,235303.54,2024-10-11,2029-10-11,Active
FD000579,C06936,687795,6.5,12,732501.67,2026-05-09,2027-05-09,Active
FD000580,C07520,1941381,6.5,12,2067570.76,2025-11-16,2026-11-16,Closed
FD000581,C04112,2432769,7.2,60,3444092.44,2025-06-28,2030-06-28,Active
FD000582,C01667,1381811,7.4,120,2821574.09,2026-06-04,2036-06-04,Active
FD000583,C02457,2671533,6.5,12,2845182.65,2024-06-14,2025-06-14,Active
FD000584,C07218,576986,7.0,36,706832.66,2025-04-22,2028-04-22,Active
FD000585,C05622,658851,6.5,12,701676.31,2020-01-15,2021-01-15,Matured
FD000586,C02917,2588136,6.5,12,2756364.84,2026-07-05,2027-07-05,Closed
FD000587,C02781,93195,7.2,60,131936.98,2021-02-22,2026-02-22,Active
FD000588,C06087,240680,7.3,84,394128.7,2021-02-22,2028-02-22,Matured
FD000589,C07575,2270094,7.0,36,2780962.76,2024-09-21,2027-09-21,Matured
FD000590,C05583,1797291,7.0,36,2201758.76,2022-07-16,2025-07-16,Active
FD000591,C02716,982180,7.0,36,1203212.73,2022-07-03,2025-07-03,Active
FD000592,C00432,1317074,6.8,24,1502286.21,2026-07-06,2028-07-06,Matured
FD000593,C02662,3456551,6.5,12,3681226.81,2025-05-22,2026-05-22,Active
FD000594,C08798,301293,6.5,12,320877.04,2022-06-06,2023-06-06,Active
FD000595,C06872,537002,6.5,12,571907.13,2024-05-26,2025-05-26,Active
FD000596,C07256,1361066,7.2,60,1926873.09,2025-05-03,2030-05-03,Active
FD000597,C01173,1498589,7.4,120,3060027.67,2025-10-02,2035-10-02,Active
FD000598,C00047,438539,6.8,24,500208.11,2025-01-05,2027-01-05,Active
FD000599,C06490,556961,6.8,24,635283.08,2026-04-14,2028-04-14,Active
FD000600,C05364,1089847,6.5,12,1160687.05,2025-11-11,2026-11-11,Active
FD000601,C09116,855620,7.2,60,1211308.75,2025-01-13,2030-01-13,Active
FD000602,C00823,384914,7.2,60,544926.13,2025-11-06,2030-11-06,Closed
FD000603,C07550,3074631,6.5,12,3274482.01,2025-06-08,2026-06-08,Matured
FD000604,C00082,1094938,7.4,120,2235796.86,2026-07-29,2036-07-29,Active
FD000605,C08018,697056,6.8,24,795078.8,2024-07-01,2026-07-01,Active
FD000606,C04901,874688,6.8,24,997690.13,2025-08-17,2027-08-17,Closed
FD000607,C07356,1854762,6.8,24,2115586.05,2025-06-27,2027-06-27,Active
FD000608,C01925,2410188,6.8,24,2749118.28,2025-09-07,2027-09-07,Closed
FD000609,C08853,1036892,6.5,12,1104289.98,2025-11-12,2026-11-12,Active
FD000610,C08167,275437,6.8,24,314170.05,2026-03-27,2028-03-27,Closed
FD000611,C04883,812847,6.5,12,865682.05,2025-10-11,2026-10-11,Active
FD000612,C02769,144880,6.8,24,165253.61,2025-12-23,2027-12-23,Active
FD000613,C08063,458221,6.5,12,488005.36,2025-11-17,2026-11-17,Active
FD000614,C09775,860232,6.8,24,981201.26,2024-10-15,2026-10-15,Matured
FD000615,C02880,636616,7.2,60,901262.86,2024-08-29,2029-08-29,Active
FD000616,C03719,1046659,6.5,12,1114691.83,2025-12-17,2026-12-17,Active
FD000617,C08523,832653,7.2,60,1178794.17,2024-05-20,2029-05-20,Active
FD000618,C08663,816732,7.2,60,1156254.67,2024-11-08,2029-11-08,Active
FD000619,C06875,4320829,6.8,24,4928441.26,2023-09-30,2025-09-30,Active
FD000620,C00171,213217,6.5,12,227076.1,2025-06-16,2026-06-16,Active
FD000621,C09454,1043513,6.8,24,1190255.97,2021-05-29,2023-05-29,Active
FD000622,C01368,1131093,6.5,12,1204614.04,2026-05-27,2027-05-27,Closed
FD000623,C07801,2722023,6.5,12,2898954.49,2026-06-03,2027-06-03,Closed
FD000624,C08098,1305079,6.8,24,1488604.43,2025-02-16,2027-02-16,Active
FD000625,C08592,4325791,6.8,24,4934101.03,2024-03-31,2026-03-31,Matured
FD000626,C08987,1307412,6.8,24,1491265.51,2026-02-12,2028-02-12,Active
FD000627,C04564,1439319,7.0,36,1763227.67,2024-03-02,2027-03-02,Closed
FD000628,C09528,1274112,6.5,12,1356929.28,2024-09-25,2025-09-25,Closed
FD000629,C00272,161766,6.8,24,184514.18,2026-06-27,2028-06-27,Active
FD000630,C06254,2476297,6.8,24,2824523.79,2026-02-25,2028-02-25,Matured
FD000631,C09668,1057574,6.5,12,1126316.31,2026-06-14,2027-06-14,Active
FD000632,C01392,1349680,7.2,60,1910753.83,2026-05-09,2031-05-09,Active
FD000633,C01521,557923,5.5,6,573060.53,2023-07-19,2024-01-19,Closed
FD000634,C06232,510935,6.5,12,544145.78,2023-04-06,2024-04-06,Active
FD000635,C06639,928245,6.5,12,988580.92,2025-05-07,2026-05-07,Matured
FD000636,C06088,910623,6.8,24,1038678.45,2024-09-17,2026-09-17,Active
FD000637,C02424,2028056,7.2,60,2871136.69,2025-10-01,2030-10-01,Matured
FD000638,C00901,572453,7.0,36,701279.54,2023-12-11,2026-12-11,Active
FD000639,C09126,1226264,6.5,12,1305971.16,2023-03-02,2024-03-02,Matured
FD000640,C03573,601002,6.5,12,640067.13,2023-09-22,2024-09-22,Closed
FD000641,C06070,1013984,7.3,84,1660462.82,2025-08-18,2032-08-18,Active
FD000642,C06692,792993,7.0,36,971450.52,2024-09-17,2027-09-17,Closed
FD000643,C06724,1477627,7.0,36,1810156.61,2026-02-16,2029-02-16,Matured
FD000644,C07657,1065399,6.5,12,1134649.94,2025-08-29,2026-08-29,Active
FD000645,C02792,2553992,6.5,12,2720001.48,2024-05-19,2025-05-19,Closed
FD000646,C04661,674142,7.2,60,954388.75,2025-04-06,2030-04-06,Matured
FD000647,C07823,1497538,7.0,36,1834548.44,2023-10-01,2026-10-01,Active
FD000648,C06809,781493,6.8,24,891389.67,2023-02-08,2025-02-08,Closed
FD000649,C07685,1563439,6.5,12,1665062.53,2026-01-03,2027-01-03,Active
FD000650,C01502,1189153,6.5,12,1266447.94,2025-12-30,2026-12-30,Closed
FD000651,C01730,773799,7.4,120,1580050.54,2026-05-09,2036-05-09,Matured
FD000652,C06903,354561,5.5,6,364180.92,2022-04-28,2022-10-28,Closed
FD000653,C09726,215736,6.5,12,229758.84,2025-06-24,2026-06-24,Active
FD000654,C03354,2201207,7.0,36,2696573.23,2023-03-04,2026-03-04,Active
FD000655,C06361,1179479,6.5,12,1256145.14,2021-12-25,2022-12-25,Active
FD000656,C00194,1189263,6.5,12,1266565.09,2024-02-13,2025-02-13,Active
FD000657,C06178,1280672,6.5,12,1363915.68,2024-09-21,2025-09-21,Active
FD000658,C05417,1163674,6.5,12,1239312.81,2026-07-20,2027-07-20,Active
FD000659,C04957,260130,6.8,24,296710.52,2026-06-06,2028-06-06,Matured
FD000660,C05208,260857,7.0,36,319561.04,2024-12-02,2027-12-02,Active
FD000661,C08020,2358345,7.4,120,4815597.18,2025-11-03,2035-11-03,Active
FD000662,C01473,734607,7.3,84,1202965.34,2025-10-08,2032-10-08,Closed
FD000663,C05172,1051282,7.0,36,1287865.66,2023-10-08,2026-10-08,Matured
FD000664,C05259,2459586,6.5,12,2619459.09,2026-04-25,2027-04-25,Active
FD000665,C05244,1662133,5.5,6,1707229.87,2023-07-29,2024-01-29,Active
FD000666,C02260,1172295,7.0,36,1436111.78,2025-02-10,2028-02-10,Closed
FD000667,C01404,89110,7.3,84,145923.25,2026-04-17,2033-04-17,Active
FD000668,C09691,418655,7.3,84,685574.0,2023-08-06,2030-08-06,Active
FD000669,C00211,882557,7.2,60,1249443.7,2025-01-24,2030-01-24,Active
FD000670,C04634,657056,7.2,60,930199.95,2025-05-29,2030-05-29,Active
FD000671,C01630,500051,7.3,84,818865.08,2024-06-16,2031-06-16,Active
FD000672,C08377,3861356,7.4,120,7884654.31,2025-10-05,2035-10-05,Active
FD000673,C08840,2121618,7.2,60,3003593.24,2026-05-07,2031-05-07,Active
FD000674,C06324,1031510,6.5,12,1098558.15,2026-01-02,2027-01-02,Matured
FD000675,C02083,1436989,6.5,12,1530393.28,2024-11-20,2025-11-20,Active
FD000676,C02909,589523,7.0,36,722191.02,2026-03-04,2029-03-04,Active
FD000677,C01772,756975,7.2,60,1071656.16,2024-08-13,2029-08-13,Active
FD000678,C05319,455088,6.5,12,484668.72,2023-03-17,2024-03-17,Closed
FD000679,C05156,1750749,7.2,60,2478550.74,2024-09-02,2029-09-02,Active
FD000680,C02555,231902,6.8,24,264512.99,2024-09-17,2026-09-17,Active
FD000681,C01652,344884,6.8,24,393382.97,2026-06-14,2028-06-14,Closed
FD000682,C07334,78647,6.5,12,83759.05,2025-12-06,2026-12-06,Active
FD000683,C06328,609927,7.4,120,1245433.87,2025-11-08,2035-11-08,Active
FD000684,C07997,3081989,6.8,24,3515390.62,2026-07-16,2028-07-16,Active
FD000685,C05982,804035,7.0,36,984977.45,2025-04-18,2028-04-18,Active
FD000686,C06567,297935,6.8,24,339831.81,2026-05-11,2028-05-11,Active
FD000687,C07658,769400,6.8,24,877596.11,2024-07-10,2026-07-10,Closed
FD000688,C09453,1354336,7.0,36,1659119.84,2026-03-27,2029-03-27,Active
FD000689,C09908,668738,6.5,12,712205.97,2026-06-16,2027-06-16,Active
FD000690,C05150,330114,6.8,24,376535.95,2024-12-16,2026-12-16,Active
FD000691,C03386,3184192,6.8,24,3631965.82,2022-01-15,2024-01-15,Active
FD000692,C00562,1037398,7.2,60,1468653.46,2022-09-17,2027-09-17,Matured
FD000693,C09834,966084,7.2,60,1367693.61,2022-12-31,2027-12-31,Matured
FD000694,C05089,1299513,7.2,60,1839731.97,2023-10-16,2028-10-16,Active
FD000695,C07578,3797593,6.8,24,4331625.72,2021-01-10,2023-01-10,Active
FD000696,C07203,1233147,6.5,12,1313301.55,2024-03-25,2025-03-25,Matured
FD000697,C07736,1110083,6.5,12,1182238.4,2026-06-20,2027-06-20,Active
FD000698,C09013,395059,6.5,12,420737.83,2026-05-01,2027-05-01,Active
FD000699,C03348,537545,7.0,36,658515.74,2024-01-06,2027-01-06,Matured
FD000700,C04225,4150586,5.5,6,4263199.41,2024-06-05,2024-12-05,Active
FD000701,C06139,283353,6.8,24,323199.23,2026-06-18,2028-06-18,Active
FD000702,C00441,3881903,6.8,24,4427791.73,2024-10-31,2026-10-31,Active
FD000703,C04586,2871792,7.2,60,4065621.16,2025-05-07,2030-05-07,Matured
FD000704,C04452,880364,6.5,12,937587.66,2022-06-20,2023-06-20,Active
FD000705,C07014,506972,6.8,24,578264.43,2026-06-06,2028-06-06,Active
FD000706,C02530,1495058,7.0,36,1831510.34,2022-11-25,2025-11-25,Active
FD000707,C01871,176365,7.3,84,288808.82,2026-04-25,2033-04-25,Active
FD000708,C03043,2030010,5.5,6,2085088.09,2022-08-04,2023-02-04,Active
FD000709,C04394,334014,7.2,60,472866.55,2023-11-06,2028-11-06,Closed
FD000710,C03201,1813125,6.5,12,1930978.12,2026-01-02,2027-01-02,Closed
FD000711,C05131,1931301,7.2,60,2734159.79,2026-04-12,2031-04-12,Closed
FD000712,C03859,1625571,5.5,6,1669675.88,2021-04-20,2021-10-20,Closed
FD000713,C00089,2311989,6.5,12,2462268.28,2025-07-13,2026-07-13,Closed
FD000714,C05373,547583,6.5,12,583175.9,2022-06-22,2023-06-22,Active
FD000715,C09559,1159063,6.5,12,1234402.09,2026-05-18,2027-05-18,Closed
FD000716,C00816,64568,7.2,60,91409.48,2020-09-13,2025-09-13,Closed
FD000717,C04802,1020989,7.0,36,1250755.43,2021-09-15,2024-09-15,Active
FD000718,C09456,2281091,6.5,12,2429361.92,2023-06-16,2024-06-16,Active
FD000719,C07530,1016001,6.5,12,1082041.06,2020-09-29,2021-09-29,Active
FD000720,C07415,1570485,7.2,60,2223349.41,2026-07-21,2031-07-21,Active
FD000721,C07436,3566845,7.0,36,4369538.5,2025-10-27,2028-10-27,Closed
FD000722,C09968,1914454,5.5,6,1966396.83,2024-03-24,2024-09-24,Active
FD000723,C06932,473191,6.8,24,539733.01,2022-07-04,2024-07-04,Active
FD000724,C00280,2868671,7.0,36,3514245.33,2022-11-23,2025-11-23,Active
FD000725,C01101,421084,6.8,24,480298.52,2025-09-11,2027-09-11,Active
FD000726,C09338,961293,7.2,60,1360910.94,2023-10-27,2028-10-27,Matured
FD000727,C00811,637771,6.8,24,727456.91,2024-08-03,2026-08-03,Active
FD000728,C00033,2466381,6.5,12,2626695.76,2026-06-26,2027-06-26,Active
FD000729,C00178,1460401,7.2,60,2067502.52,2024-11-21,2029-11-21,Active
FD000730,C09525,350438,7.4,120,715573.1,2025-11-27,2035-11-27,Active
FD000731,C00345,483649,6.5,12,515086.18,2026-01-05,2027-01-05,Active
FD000732,C06863,1290815,7.2,60,1827418.13,2024-09-13,2029-09-13,Closed
FD000733,C01199,945904,6.8,24,1078920.8,2022-06-17,2024-06-17,Active
FD000734,C02215,1494580,7.3,84,2447469.12,2022-08-24,2029-08-24,Matured
FD000735,C07353,2249757,6.5,12,2395991.21,2023-12-30,2024-12-30,Active
FD000736,C09776,206466,6.5,12,219886.29,2022-12-02,2023-12-02,Active
FD000737,C02502,4562469,6.8,24,5204061.64,2026-04-21,2028-04-21,Matured
FD000738,C03208,680689,7.2,60,963657.4,2022-02-12,2027-02-12,Active
FD000739,C09444,1021034,7.3,84,1672007.64,2026-07-20,2033-07-20,Active
FD000740,C09585,923480,6.8,24,1053343.45,2025-09-24,2027-09-24,Active
FD000741,C07665,304655,6.5,12,324457.58,2026-04-23,2027-04-23,Active
FD000742,C02607,215822,7.3,84,353422.15,2024-10-26,2031-10-26,Matured
FD000743,C03078,437822,6.8,24,499390.28,2024-07-06,2026-07-06,Matured
FD000744,C02168,158080,6.5,12,168355.2,2025-06-05,2026-06-05,Matured
FD000745,C05969,1314419,5.5,6,1350081.72,2025-09-20,2026-03-20,Active
FD000746,C03770,505116,6.8,24,576147.43,2025-01-30,2027-01-30,Closed
FD000747,C01225,1446553,6.5,12,1540578.94,2025-09-20,2026-09-20,Closed
FD000748,C00799,938386,7.3,84,1536666.32,2023-11-03,2030-11-03,Closed
FD000749,C02028,296029,7.0,36,362648.25,2020-05-19,2023-05-19,Matured
FD000750,C01816,558754,7.0,36,684497.68,2025-06-24,2028-06-24,Matured
FD000751,C05967,881797,7.3,84,1443998.26,2025-04-29,2032-04-29,Active
FD000752,C05519,2424472,6.5,12,2582062.68,2021-04-29,2022-04-29,Active
FD000753,C03554,1556843,6.5,12,1658037.79,2026-06-27,2027-06-27,Active
FD000754,C04603,1092866,6.8,24,1246549.19,2026-06-30,2028-06-30,Matured
FD000755,C02005,1565011,6.8,24,1785089.11,2026-03-20,2028-03-20,Matured
FD000756,C00479,901978,6.5,12,960606.57,2019-09-08,2020-09-08,Active
FD000757,C00126,1229699,7.2,60,1740895.68,2022-08-05,2027-08-05,Matured
FD000758,C05074,118031,6.5,12,125703.01,2026-07-26,2027-07-26,Closed
FD000759,C06453,657275,7.0,36,805190.14,2025-10-28,2028-10-28,Active
FD000760,C08788,461443,6.5,12,491436.79,2026-07-01,2027-07-01,Active
FD000761,C05798,1797688,6.5,12,1914537.72,2024-08-18,2025-08-18,Active
FD000762,C07564,757923,6.5,12,807187.99,2024-07-09,2025-07-09,Matured
FD000763,C04926,1078853,6.8,24,1230565.62,2024-01-26,2026-01-26,Matured
FD000764,C04431,3004267,6.5,12,3199544.35,2025-08-20,2026-08-20,Matured
FD000765,C09007,4146294,6.5,12,4415803.11,2026-03-09,2027-03-09,Closed
FD000766,C05166,1395971,7.4,120,2850487.95,2026-06-04,2036-06-04,Active
FD000767,C07144,205882,7.3,84,337144.77,2024-06-16,2031-06-16,Matured
FD000768,C01343,76775,6.8,24,87571.41,2023-03-08,2025-03-08,Matured
FD000769,C06801,535351,5.5,6,549876.11,2024-11-23,2025-05-23,Active
FD000770,C09724,967376,6.8,24,1103412.28,2021-03-23,2023-03-23,Active
FD000771,C09360,2076705,7.0,36,2544052.92,2024-08-03,2027-08-03,Active
FD000772,C02865,912639,5.5,6,937400.66,2026-06-29,2026-12-29,Active
FD000773,C00522,626173,6.8,24,714227.95,2026-01-27,2028-01-27,Active
FD000774,C08411,1103223,7.2,60,1561842.49,2024-05-06,2029-05-06,Matured
FD000775,C06826,425949,6.5,12,453635.68,2026-05-20,2027-05-20,Active
FD000776,C01692,362260,6.5,12,385806.9,2026-04-24,2027-04-24,Active
FD000777,C07698,579359,7.2,60,820203.63,2023-06-24,2028-06-24,Active
FD000778,C09701,882352,5.5,6,906291.91,2026-04-23,2026-10-23,Closed
FD000779,C07770,1975176,6.8,24,2252933.15,2020-10-31,2022-10-31,Closed
FD000780,C02826,523656,6.5,12,557693.64,2026-05-03,2027-05-03,Matured
FD000781,C01044,219065,7.0,36,268364.04,2023-09-24,2026-09-24,Closed
FD000782,C05901,182894,5.5,6,187856.27,2026-07-20,2027-01-20,Active
FD000783,C02779,1209098,6.8,24,1379126.2,2023-09-30,2025-09-30,Active
FD000784,C02727,786986,6.5,12,838140.09,2025-11-13,2026-11-13,Active
FD000785,C02978,959974,7.0,36,1176009.43,2026-03-24,2029-03-24,Active
FD000786,C09408,249988,7.2,60,353910.21,2026-07-23,2031-07-23,Closed
FD000787,C07042,531855,6.5,12,566425.57,2025-11-06,2026-11-06,Closed
FD000788,C09914,1238632,6.8,24,1412813.39,2026-02-28,2028-02-28,Active
FD000789,C03818,361838,7.0,36,443267.11,2023-02-21,2026-02-21,Active
FD000790,C05736,1188817,6.8,24,1355993.2,2026-07-31,2028-07-31,Active
FD000791,C02948,709522,5.5,6,728772.7,2025-02-28,2025-08-28,Active
FD000792,C07566,654783,7.2,60,926982.04,2026-03-24,2031-03-24,Matured
FD000793,C02647,3391149,7.3,84,5553220.6,2023-07-16,2030-07-16,Active
FD000794,C02148,1232706,6.5,12,1312831.89,2023-05-01,2024-05-01,Matured
FD000795,C03428,866120,7.0,36,1061034.24,2023-12-04,2026-12-04,Active
FD000796,C04630,854983,7.2,60,1210406.94,2023-10-06,2028-10-06,Active
FD000797,C06530,772794,7.0,36,946705.88,2021-11-06,2024-11-06,Active
FD000798,C04218,775319,5.5,6,796354.9,2024-10-26,2025-04-26,Active
FD000799,C03915,209421,6.5,12,223033.36,2021-09-26,2022-09-26,Matured
FD000800,C06222,1299081,6.5,12,1383521.26,2025-08-02,2026-08-02,Matured
FD000801,C08189,112129,7.0,36,137362.85,2025-12-27,2028-12-27,Matured
FD000802,C09318,1939744,6.8,24,2212518.56,2025-11-20,2027-11-20,Active
FD000803,C06675,1624654,6.8,24,1853119.34,2023-12-17,2025-12-17,Matured
FD000804,C04115,1435529,6.5,12,1528838.39,2019-09-10,2020-09-10,Matured
FD000805,C09136,669455,7.2,60,947753.32,2025-10-23,2030-10-23,Matured
FD000806,C01963,394092,6.5,12,419707.98,2026-07-08,2027-07-08,Active
FD000807,C06009,373542,7.0,36,457605.01,2022-05-10,2025-05-10,Active
FD000808,C04516,943813,5.5,6,969420.47,2025-03-11,2025-09-11,Closed
FD000809,C04646,982678,6.5,12,1046552.07,2026-02-18,2027-02-18,Active
FD000810,C04439,605774,5.5,6,622209.82,2022-12-20,2023-06-20,Active
FD000811,C05366,2386164,6.8,24,2721715.93,2022-02-24,2024-02-24,Active
FD000812,C08520,77537,5.5,6,79640.73,2026-05-03,2026-11-03,Active
FD000813,C09716,1301841,6.8,24,1484911.09,2024-11-20,2026-11-20,Active
FD000814,C06180,3281609,5.5,6,3370645.38,2025-09-03,2026-03-03,Active
FD000815,C09151,227627,7.0,36,278852.86,2024-06-06,2027-06-06,Active
FD000816,C08132,559067,6.8,24,637685.24,2026-03-28,2028-03-28,Active
FD000817,C07545,848452,6.5,12,903601.38,2025-06-13,2026-06-13,Active
FD000818,C05461,612889,6.8,24,699075.9,2025-03-20,2027-03-20,Active
FD000819,C09120,3696328,6.5,12,3936589.32,2019-04-29,2020-04-29,Active
FD000820,C02986,1691370,5.5,6,1737260.13,2026-05-11,2026-11-11,Active
FD000821,C06248,1084273,7.0,36,1328281.05,2025-07-29,2028-07-29,Active
FD000822,C00776,2636496,6.5,12,2807868.24,2020-06-13,2021-06-13,Active
FD000823,C03531,2605656,5.5,6,2676352.47,2020-10-15,2021-04-15,Active
FD000824,C03218,2651274,6.5,12,2823606.81,2025-06-29,2026-06-29,Closed
FD000825,C09874,1896428,6.5,12,2019695.82,2022-10-12,2023-10-12,Matured
FD000826,C06498,2780646,7.4,120,5677910.16,2026-07-08,2036-07-08,Active
FD000827,C06438,1394967,7.0,36,1708894.56,2025-08-19,2028-08-19,Matured
FD000828,C09875,1054556,6.5,12,1123102.14,2022-12-05,2023-12-05,Closed
FD000829,C02206,1388560,6.5,12,1478816.4,2025-02-04,2026-02-04,Matured
FD000830,C04422,2109433,7.4,120,4307334.0,2025-09-11,2035-09-11,Matured
FD000831,C06433,733432,6.5,12,781105.08,2024-10-25,2025-10-25,Matured
FD000832,C02181,1698089,6.5,12,1808464.78,2026-06-16,2027-06-16,Closed
FD000833,C07052,888022,6.8,24,1012899.21,2023-07-09,2025-07-09,Active
FD000834,C00470,4664566,5.5,6,4791124.67,2023-02-11,2023-08-11,Matured
FD000835,C02987,1535553,6.5,12,1635363.94,2026-02-10,2027-02-10,Matured
FD000836,C01226,195036,7.2,60,276114.18,2021-11-09,2026-11-09,Matured
FD000837,C00646,908032,7.0,36,1112378.25,2024-02-20,2027-02-20,Active
FD000838,C06608,685086,6.5,12,729616.59,2026-03-02,2027-03-02,Matured
FD000839,C03948,937363,7.2,60,1327033.03,2023-10-20,2028-10-20,Active
FD000840,C02617,1303958,6.8,24,1487325.79,2026-07-26,2028-07-26,Active
FD000841,C00855,1112443,7.3,84,1821695.65,2026-05-04,2033-05-04,Closed
FD000842,C04986,488620,6.8,24,557331.7,2026-03-02,2028-03-02,Matured
FD000843,C07600,1557975,7.0,36,1908586.37,2026-07-29,2029-07-29,Matured
FD000844,C00174,1295330,7.0,36,1586834.95,2024-10-16,2027-10-16,Active
FD000845,C01498,1662613,6.5,12,1770682.84,2024-03-18,2025-03-18,Matured
FD000846,C08802,747674,7.0,36,915932.8,2026-01-03,2029-01-03,Active
FD000847,C05524,726364,7.0,36,889827.13,2025-08-14,2028-08-14,Active
FD000848,C06682,1628490,6.5,12,1734341.85,2026-06-10,2027-06-10,Matured
FD000849,C00066,272181,5.5,6,279565.8,2025-12-06,2026-06-06,Active
FD000850,C05949,2191931,7.0,36,2685209.73,2024-01-08,2027-01-08,Active
FD000851,C01027,513537,6.8,24,585752.63,2025-01-03,2027-01-03,Active
FD000852,C07695,1669719,7.0,36,2045477.57,2025-01-09,2028-01-09,Matured
FD000853,C00343,682270,6.5,12,726617.55,2023-09-25,2024-09-25,Active
FD000854,C08989,269255,6.5,12,286756.58,2021-10-20,2022-10-20,Closed
FD000855,C00484,770202,6.5,12,820265.13,2020-11-20,2021-11-20,Closed
FD000856,C06571,1238457,6.5,12,1318956.7,2025-01-16,2026-01-16,Active
FD000857,C02470,872366,6.5,12,929069.79,2023-01-07,2024-01-07,Active
FD000858,C04107,1048585,5.5,6,1077035.13,2023-02-15,2023-08-15,Matured
FD000859,C05927,1947701,6.5,12,2074301.56,2025-04-23,2026-04-23,Active
FD000860,C03750,532702,5.5,6,547155.23,2023-09-25,2024-03-25,Active
FD000861,C08475,279350,7.0,36,342215.76,2025-11-24,2028-11-24,Active
FD000862,C05676,1602919,6.5,12,1707108.73,2025-08-03,2026-08-03,Active
FD000863,C01856,385828,6.5,12,410906.82,2026-08-03,2027-08-03,Active
FD000864,C09038,1018997,6.5,12,1085231.8,2024-12-16,2025-12-16,Active
FD000865,C05588,243411,6.5,12,259232.71,2020-03-31,2021-03-31,Matured
FD000866,C08579,1709192,5.5,6,1755565.68,2024-08-08,2025-02-08,Active
FD000867,C07555,877638,6.8,24,1001054.97,2026-05-04,2028-05-04,Active
FD000868,C07689,59332,7.0,36,72684.25,2025-04-28,2028-04-28,Active
FD000869,C02413,181205,6.8,24,206686.77,2026-07-23,2028-07-23,Matured
FD000870,C06577,1175937,6.5,12,1252372.91,2026-03-19,2027-03-19,Active
FD000871,C09264,1009552,6.5,12,1075172.88,2026-07-01,2027-07-01,Matured
FD000872,C08212,2103044,6.8,24,2398782.46,2026-06-02,2028-06-02,Active
FD000873,C03292,675969,6.5,12,719906.98,2025-01-14,2026-01-14,Active
FD000874,C08175,289562,6.5,12,308383.53,2022-05-18,2023-05-18,Matured
FD000875,C09821,411816,7.2,60,583011.53,2025-10-09,2030-10-09,Matured
FD000876,C04460,673787,7.3,84,1103368.75,2022-11-08,2029-11-08,Active
FD000877,C06402,2869034,6.5,12,3055521.21,2025-12-16,2026-12-16,Active
FD000878,C00134,1330856,6.5,12,1417361.64,2025-08-16,2026-08-16,Active
FD000879,C04119,346450,6.8,24,395169.18,2024-06-25,2026-06-25,Active
FD000880,C04796,1206514,6.8,24,1376178.82,2025-11-11,2027-11-11,Active
FD000881,C01265,4132485,7.0,36,5062471.82,2026-05-03,2029-05-03,Matured
FD000882,C08637,1403208,7.3,84,2297841.7,2024-04-06,2031-04-06,Active
FD000883,C09809,399942,6.8,24,456183.44,2025-01-01,2027-01-01,Active
FD000884,C09298,709722,7.2,60,1004759.67,2024-01-25,2029-01-25,Active
FD000885,C09314,802959,7.4,120,1639593.48,2025-01-08,2035-01-08,Active
FD000886,C00376,459214,7.2,60,650113.29,2025-05-31,2030-05-31,Closed
FD000887,C02648,4289921,7.0,36,5255337.69,2024-08-21,2027-08-21,Active
FD000888,C09424,4174895,6.8,24,4761985.43,2023-09-02,2025-09-02,Matured
FD000889,C00618,2099754,6.5,12,2236238.01,2025-06-24,2026-06-24,Active
FD000890,C06813,512483,6.5,12,545794.4,2026-03-23,2027-03-23,Active
FD000891,C07108,1177446,6.5,12,1253979.99,2023-10-03,2024-10-03,Matured
FD000892,C07821,643127,7.0,36,787858.23,2020-05-09,2023-05-09,Matured
FD000893,C06762,1202859,6.8,24,1372009.84,2026-03-05,2028-03-05,Active
FD000894,C00725,611803,7.2,60,866134.88,2024-12-26,2029-12-26,Matured
FD000895,C07305,819364,6.8,24,934586.24,2023-06-21,2025-06-21,Matured
FD000896,C03821,1557810,6.8,24,1776875.47,2024-05-24,2026-05-24,Active
FD000897,C07631,3616456,6.5,12,3851525.64,2025-12-07,2026-12-07,Matured
FD000898,C05393,1088222,6.5,12,1158956.43,2024-10-08,2025-10-08,Closed
FD000899,C07170,993157,6.5,12,1057712.2,2025-12-26,2026-12-26,Closed
FD000900,C05518,232416,6.8,24,265099.27,2023-01-10,2025-01-10,Closed
FD000901,C03496,1676617,7.2,60,2373601.41,2024-03-25,2029-03-25,Active
FD000902,C06763,785326,7.2,60,1111792.92,2026-04-04,2031-04-04,Active
FD000903,C08047,947931,6.5,12,1009546.51,2024-12-02,2025-12-02,Active
FD000904,C04769,1783251,7.2,60,2524564.11,2023-08-29,2028-08-29,Matured
FD000905,C05803,785713,6.8,24,896203.1,2026-06-25,2028-06-25,Active
FD000906,C03337,1462451,6.5,12,1557510.31,2024-07-27,2025-07-27,Matured
FD000907,C00413,656775,6.8,24,749133.33,2025-09-22,2027-09-22,Closed
FD000908,C01266,589403,7.4,120,1203525.11,2026-03-20,2036-03-20,Matured
FD000909,C06069,449403,6.5,12,478614.19,2022-04-04,2023-04-04,Matured
FD000910,C03845,913179,7.3,84,1495388.27,2022-10-18,2029-10-18,Closed
FD000911,C02341,316103,7.0,36,387239.77,2026-05-26,2029-05-26,Active
FD000912,C01510,1276778,7.0,36,1564107.95,2026-06-11,2029-06-11,Matured
FD000913,C09433,3243851,7.2,60,4592348.36,2021-05-13,2026-05-13,Active
FD000914,C01947,348155,6.8,24,397113.95,2022-05-03,2024-05-03,Active
FD000915,C07602,3524771,6.5,12,3753881.11,2025-04-04,2026-04-04,Active
FD000916,C03229,245233,6.8,24,279718.65,2024-07-26,2026-07-26,Matured
FD000917,C09306,1506899,7.3,84,2467642.26,2026-03-18,2033-03-18,Active
FD000918,C09695,4144013,6.5,12,4413373.84,2025-05-26,2026-05-26,Active
FD000919,C05171,245332,7.0,36,300542.25,2023-05-11,2026-05-11,Active
FD000920,C08195,1442810,7.0,36,1767504.29,2025-11-02,2028-11-02,Closed
FD000921,C05013,2291538,6.5,12,2440487.97,2023-10-07,2024-10-07,Closed
FD000922,C09037,3509661,6.5,12,3737788.96,2026-05-28,2027-05-28,Active
FD000923,C00339,644737,6.5,12,686644.9,2026-04-07,2027-04-07,Active
FD000924,C08022,4799144,7.2,60,6794190.32,2026-05-14,2031-05-14,Matured
FD000925,C04444,151521,5.5,6,155632.06,2024-06-12,2024-12-12,Active
FD000926,C06911,1977625,5.5,6,2031281.78,2026-03-24,2026-09-24,Closed
FD000927,C08476,712630,6.8,24,812842.88,2023-12-10,2025-12-10,Active
FD000928,C09763,3638640,6.5,12,3875151.6,2026-06-05,2027-06-05,Matured
FD000929,C07223,326641,7.2,60,462428.53,2025-04-16,2030-04-16,Active
FD000930,C06146,2348641,5.5,6,2412364.16,2024-03-31,2024-09-30,Active
FD000931,C06230,222848,6.5,12,237333.12,2026-07-24,2027-07-24,Closed
FD000932,C02092,397131,5.5,6,407905.93,2023-11-25,2024-05-25,Active
FD000933,C01377,1516834,7.2,60,2147395.22,2024-06-22,2029-06-22,Active
FD000934,C01132,432517,7.0,36,529851.92,2024-04-14,2027-04-14,Active
FD000935,C08940,2049872,5.5,6,2105488.98,2026-02-06,2026-08-06,Active
FD000936,C06067,2228707,7.0,36,2730261.91,2020-03-09,2023-03-09,Active
FD000937,C01906,2967545,6.5,12,3160435.42,2026-03-14,2027-03-14,Active
FD000938,C02873,935656,7.0,36,1146218.83,2021-03-10,2024-03-10,Active
FD000939,C04525,530136,6.5,12,564594.84,2026-06-18,2027-06-18,Matured
FD000940,C07157,264805,6.5,12,282017.33,2025-12-20,2026-12-20,Active
FD000941,C08497,363791,6.5,12,387437.41,2023-11-23,2024-11-23,Matured
FD000942,C00987,1629486,7.2,60,2306877.64,2022-08-01,2027-08-01,Active
FD000943,C02360,1470059,6.5,12,1565612.83,2025-03-06,2026-03-06,Active
FD000944,C05665,67772,7.0,36,83023.61,2025-10-16,2028-10-16,Active
FD000945,C04789,1522988,7.0,36,1865725.79,2022-10-30,2025-10-30,Active
FD000946,C07467,367454,7.3,84,601729.13,2023-10-05,2030-10-05,Active
FD000947,C01278,977746,7.2,60,1384203.6,2020-06-13,2025-06-13,Active
FD000948,C02817,471381,6.5,12,502020.76,2025-11-29,2026-11-29,Active
FD000949,C02626,1580940,6.5,12,1683701.1,2018-10-16,2019-10-16,Closed
FD000950,C04120,709561,7.2,60,1004531.74,2026-06-11,2031-06-11,Active
FD000951,C09636,1401867,5.5,6,1439902.36,2026-06-29,2026-12-29,Active
FD000952,C09578,2440088,7.2,60,3454454.02,2026-03-21,2031-03-21,Matured
FD000953,C09939,1430776,7.2,60,2025562.15,2024-01-29,2029-01-29,Active
FD000954,C09603,2595635,6.8,24,2960643.58,2022-05-18,2024-05-18,Matured
FD000955,C01506,669796,7.0,36,820528.9,2021-02-19,2024-02-19,Matured
FD000956,C03469,551934,6.8,24,629549.17,2025-07-28,2027-07-28,Active
FD000957,C07307,1097700,7.0,36,1344729.7,2026-03-05,2029-03-05,Active
FD000958,C05639,100612,7.4,120,205443.59,2025-04-30,2035-04-30,Closed
FD000959,C06574,1157152,6.5,12,1232366.88,2026-06-20,2027-06-20,Matured
FD000960,C05859,3580459,6.5,12,3813188.83,2025-02-27,2026-02-27,Matured
FD000961,C08019,1037789,7.4,120,2119102.07,2025-07-13,2035-07-13,Matured
FD000962,C08691,85000,6.8,24,96953.04,2023-06-10,2025-06-10,Active
FD000963,C04643,954891,5.5,6,980799.04,2024-04-08,2024-10-08,Active
FD000964,C02019,3388456,6.8,24,3864954.24,2026-07-24,2028-07-24,Active
FD000965,C06306,1100775,7.2,60,1558376.84,2026-02-23,2031-02-23,Active
FD000966,C00410,893636,5.5,6,917882.07,2024-09-06,2025-03-06,Active
FD000967,C04617,1330776,6.5,12,1417276.44,2025-09-14,2026-09-14,Active
FD000968,C04982,4339134,7.3,84,7105605.89,2025-09-03,2032-09-03,Closed
FD000969,C07105,1353397,6.8,24,1543717.1,2025-01-28,2027-01-28,Active
FD000970,C01093,715105,7.2,60,1012380.43,2022-12-07,2027-12-07,Active
FD000971,C08838,2747585,5.5,6,2822132.28,2024-09-16,2025-03-16,Matured
FD000972,C02328,550458,5.5,6,565392.99,2022-10-17,2023-04-17,Active
FD000973,C00088,3694712,6.5,12,3934868.28,2025-12-01,2026-12-01,Active
FD000974,C06300,165403,6.5,12,176154.19,2025-05-08,2026-05-08,Matured
FD000975,C00387,418356,6.5,12,445549.14,2026-01-24,2027-01-24,Matured
FD000976,C02096,73803,6.5,12,78600.19,2021-07-21,2022-07-21,Closed
FD000977,C00651,1146821,6.8,24,1308091.56,2020-08-05,2022-08-05,Matured
FD000978,C05825,593680,6.5,12,632269.2,2026-05-19,2027-05-19,Active
FD000979,C08193,1177279,7.0,36,1442217.4,2023-04-23,2026-04-23,Active
FD000980,C06581,111564,6.5,12,118815.66,2024-11-23,2025-11-23,Active
FD000981,C00893,1148601,5.5,6,1179764.76,2025-07-29,2026-01-29,Matured
FD000982,C09197,1259326,7.0,36,1542728.5,2025-09-14,2028-09-14,Active
FD000983,C01552,4334748,6.5,12,4616506.62,2020-08-15,2021-08-15,Active
FD000984,C09190,1238846,6.5,12,1319370.99,2026-03-06,2027-03-06,Active
FD000985,C00677,913228,7.2,60,1292864.9,2026-07-30,2031-07-30,Matured
FD000986,C09761,170936,6.5,12,182046.84,2025-08-14,2026-08-14,Active
FD000987,C03681,96177,7.2,60,136158.62,2024-08-12,2029-08-12,Active
FD000988,C08739,146430,6.8,24,167021.57,2023-01-08,2025-01-08,Active
FD000989,C06265,364750,6.5,12,388458.75,2024-07-03,2025-07-03,Closed
FD000990,C00261,198325,6.8,24,226214.25,2026-04-23,2028-04-23,Closed
FD000991,C02629,1808962,6.5,12,1926544.53,2026-02-15,2027-02-15,Active
FD000992,C03473,3071106,6.5,12,3270727.89,2025-08-05,2026-08-05,Matured
FD000993,C00099,1248597,6.5,12,1329755.8,2022-09-15,2023-09-15,Active
FD000994,C01340,160461,6.5,12,170890.96,2026-06-19,2027-06-19,Matured
FD000995,C04751,146319,7.4,120,298774.51,2024-06-24,2034-06-24,Active
FD000996,C07101,1025373,7.2,60,1451629.56,2026-04-07,2031-04-07,Matured
FD000997,C04836,701580,6.5,12,747182.7,2025-06-28,2026-06-28,Active
FD000998,C04114,66712,6.5,12,71048.28,2025-12-05,2026-12-05,Active
FD000999,C01256,1324688,7.0,36,1622799.76,2026-05-20,2029-05-20,Active
FD001000,C06064,822325,6.8,24,937963.63,2020-12-09,2022-12-09,Active
FD001001,C09466,869661,7.0,36,1065372.12,2019-11-23,2022-11-23,Active
FD001002,C06134,564068,6.5,12,600732.42,2026-03-22,2027-03-22,Closed
FD001003,C02229,100143,6.5,12,106652.29,2025-08-14,2026-08-14,Active
FD001004,C00124,1504292,7.2,60,2129639.4,2024-12-17,2029-12-17,Closed
FD001005,C03593,53066,7.2,60,75126.0,2026-06-04,2031-06-04,Active
FD001006,C04426,823935,7.0,36,1009355.8,2025-10-22,2028-10-22,Active
FD001007,C04011,1161101,7.4,120,2370897.69,2022-06-04,2032-06-04,Active
FD001008,C04300,175609,7.4,120,358582.91,2026-07-18,2036-07-18,Active
FD001009,C00187,636836,5.5,6,654114.59,2022-03-01,2022-09-01,Closed
FD001010,C03121,1140014,6.8,24,1300327.33,2022-02-12,2024-02-12,Closed
FD001011,C00892,3895824,7.4,120,7955035.87,2026-06-17,2036-06-17,Active
FD001012,C00232,851758,6.8,24,971535.62,2026-01-08,2028-01-08,Active
FD001013,C01584,3358058,5.5,6,3449168.59,2023-10-14,2024-04-14,Active
FD001014,C03482,962225,7.0,36,1178767.0,2026-05-18,2029-05-18,Active
FD001015,C05651,661688,6.5,12,704697.72,2026-08-02,2027-08-02,Active
FD001016,C09372,1698162,7.0,36,2080321.47,2026-06-04,2029-06-04,Matured
FD001017,C02350,1384030,6.8,24,1578657.83,2026-07-08,2028-07-08,Active
FD001018,C09376,475119,6.5,12,506001.73,2026-05-04,2027-05-04,Matured
FD001019,C04433,507065,6.5,12,540024.22,2025-08-20,2026-08-20,Active
FD001020,C04106,538694,6.5,12,573709.11,2026-06-02,2027-06-02,Active
FD001021,C02866,801383,7.4,120,1636375.39,2024-04-18,2034-04-18,Active
FD001022,C05281,373284,6.8,24,425776.69,2024-07-06,2026-07-06,Closed
FD001023,C07161,239626,6.5,12,255201.69,2025-11-06,2026-11-06,Matured
FD001024,C01296,1527873,7.0,36,1871710.12,2019-10-18,2022-10-18,Active
FD001025,C03207,1803061,7.2,60,2552609.3,2026-02-24,2031-02-24,Active
FD001026,C00580,3032810,6.5,12,3229942.65,2024-08-13,2025-08-13,Active
FD001027,C07099,4357211,5.5,6,4475430.54,2025-01-22,2025-07-22,Active
FD001028,C05800,414627,5.5,6,425876.63,2023-12-13,2024-06-13,Active
FD001029,C05663,1946669,6.8,24,2220417.38,2025-06-03,2027-06-03,Active
FD001030,C00606,447306,6.8,24,510207.96,2026-01-29,2028-01-29,Matured
FD001031,C04764,343167,6.5,12,365472.85,2021-06-03,2022-06-03,Active
FD001032,C03182,516172,6.5,12,549723.18,2021-06-18,2022-06-18,Matured
FD001033,C01562,3172573,7.0,36,3886538.35,2025-01-13,2028-01-13,Closed
FD001034,C08789,138121,6.8,24,157544.13,2025-07-24,2027-07-24,Active
FD001035,C09382,207259,5.5,6,212882.34,2026-03-03,2026-09-03,Active
FD001036,C09412,1404732,6.8,24,1602271.03,2025-05-10,2027-05-10,Active
FD001037,C03276,745310,6.5,12,793755.15,2024-12-18,2025-12-18,Closed
FD001038,C01372,262389,6.5,12,279444.28,2026-01-08,2027-01-08,Active
FD001039,C00529,3363489,6.8,24,3836476.28,2025-01-17,2027-01-17,Active
FD001040,C00346,944779,6.5,12,1006189.63,2026-07-02,2027-07-02,Active
FD001041,C09140,442484,6.5,12,471245.46,2020-10-05,2021-10-05,Active
FD001042,C03944,361702,5.5,6,371515.67,2025-06-22,2025-12-22,Active
FD001043,C09248,565448,7.0,36,692698.11,2026-01-11,2029-01-11,Active
FD001044,C00999,2359755,6.8,24,2691593.19,2022-09-08,2024-09-08,Active
FD001045,C04434,853241,6.5,12,908701.66,2021-07-06,2022-07-06,Active
FD001046,C08708,2255424,6.5,12,2402026.56,2022-03-01,2023-03-01,Closed
FD001047,C05478,2330261,7.2,60,3298970.97,2019-09-18,2024-09-18,Closed
FD001048,C04959,3329592,7.0,36,4078893.37,2026-05-17,2029-05-17,Active
FD001049,C01230,2082893,6.5,12,2218281.04,2024-05-30,2025-05-30,Active
FD001050,C06012,2747813,6.5,12,2926420.84,2026-02-15,2027-02-15,Active
FD001051,C04143,2724938,6.8,24,3108129.68,2022-04-03,2024-04-03,Active
FD001052,C07850,1228317,5.5,6,1261643.61,2025-01-16,2025-07-16,Closed
FD001053,C07124,1160299,6.5,12,1235718.43,2026-06-19,2027-06-19,Active
FD001054,C01679,538137,7.4,120,1098843.05,2024-10-31,2034-10-31,Active
FD001055,C00796,2805089,6.5,12,2987419.78,2026-07-26,2027-07-26,Active
FD001056,C09918,167248,7.2,60,236774.46,2022-11-03,2027-11-03,Closed
FD001057,C04162,1679162,6.5,12,1788307.53,2023-11-13,2024-11-13,Matured
FD001058,C06219,1507202,6.5,12,1605170.13,2026-06-18,2027-06-18,Active
FD001059,C04251,1554845,7.3,84,2546156.86,2025-04-12,2032-04-12,Active
FD001060,C03850,787530,7.3,84,1289630.1,2026-05-21,2033-05-21,Active
FD001061,C09706,1629018,7.2,60,2306215.09,2025-11-10,2030-11-10,Matured
FD001062,C02078,1082274,6.8,24,1234467.7,2026-06-12,2028-06-12,Active
FD001063,C02592,368462,5.5,6,378459.08,2025-03-07,2025-09-07,Active
FD001064,C08480,508875,5.5,6,522681.76,2026-05-12,2026-11-12,Active
FD001065,C08616,397848,7.3,84,651501.22,2026-07-24,2033-07-24,Active
FD001066,C06820,597312,6.5,12,636137.28,2025-03-14,2026-03-14,Active
FD001067,C04198,728614,5.5,6,748382.7,2025-12-01,2026-06-01,Active
FD001068,C06343,1527855,7.3,84,2501959.03,2025-04-11,2032-04-11,Matured
FD001069,C03882,1153720,7.2,60,1633331.54,2025-02-09,2030-02-09,Closed
FD001070,C04739,833476,7.0,36,1021043.94,2019-09-16,2022-09-16,Matured
FD001071,C03476,2507932,6.5,12,2670947.58,2022-06-21,2023-06-21,Active
FD001072,C07064,336159,7.4,120,686416.25,2023-09-07,2033-09-07,Matured
FD001073,C04938,966179,7.2,60,1367828.1,2026-01-13,2031-01-13,Closed
FD001074,C04979,1380783,6.5,12,1470533.9,2025-01-18,2026-01-18,Closed
FD001075,C05076,1504501,7.2,60,2129935.28,2020-04-04,2025-04-04,Active
FD001076,C03817,3043269,6.5,12,3241081.48,2025-04-18,2026-04-18,Active
FD001077,C07268,785478,6.5,12,836534.07,2025-03-15,2026-03-15,Matured
FD001078,C04401,667647,6.5,12,711044.05,2026-05-30,2027-05-30,Matured
FD001079,C06485,2452643,6.5,12,2612064.79,2024-06-18,2025-06-18,Closed
FD001080,C00136,1240097,5.5,6,1273743.22,2023-03-11,2023-09-11,Active
FD001081,C02513,2614318,6.5,12,2784248.67,2026-03-12,2027-03-12,Active
FD001082,C04340,1090575,6.5,12,1161462.38,2022-01-12,2023-01-12,Matured
FD001083,C05205,549113,6.5,12,584805.34,2026-02-01,2027-02-01,Active
FD001084,C02268,794287,7.2,60,1124479.08,2024-12-06,2029-12-06,Matured
FD001085,C02203,754117,6.8,24,860163.95,2024-10-18,2026-10-18,Active
FD001086,C01555,573325,7.0,36,702347.78,2021-05-03,2024-05-03,Active
FD001087,C07418,875250,6.5,12,932141.25,2025-10-07,2026-10-07,Active
FD001088,C06298,1668737,6.8,24,1903401.47,2023-12-10,2025-12-10,Active
FD001089,C07633,398836,7.2,60,564635.63,2025-10-25,2030-10-25,Active
FD001090,C00450,3226871,6.5,12,3436617.61,2024-03-12,2025-03-12,Active
FD001091,C03086,4072247,7.2,60,5765115.85,2026-02-03,2031-02-03,Active
FD001092,C07488,1640151,7.0,36,2009255.5,2025-10-20,2028-10-20,Active
FD001093,C07774,668319,7.2,60,946145.08,2026-02-16,2031-02-16,Active
FD001094,C08435,92106,6.5,12,98092.89,2024-05-19,2025-05-19,Closed
FD001095,C09655,361219,6.5,12,384698.23,2026-04-17,2027-04-17,Closed
FD001096,C05365,218720,7.0,36,267941.4,2021-05-22,2024-05-22,Active
FD001097,C01870,440509,6.5,12,469142.08,2024-08-25,2025-08-25,Closed
FD001098,C04584,1062372,7.0,36,1301451.38,2025-06-15,2028-06-15,Active
FD001099,C08953,1420772,6.5,12,1513122.18,2025-02-27,2026-02-27,Closed
FD001100,C05291,379470,5.5,6,389765.75,2024-08-14,2025-02-14,Active
FD001101,C05214,1643703,6.8,24,1874847.09,2026-05-26,2028-05-26,Active
FD001102,C01783,2315450,6.5,12,2465954.25,2025-11-04,2026-11-04,Active
FD001103,C04720,548174,5.5,6,563047.02,2023-07-09,2024-01-09,Active
FD001104,C08081,1202726,7.2,60,1702709.76,2024-09-29,2029-09-29,Active
FD001105,C09909,806713,5.5,6,828600.68,2026-07-03,2027-01-03,Active
FD001106,C02564,2826714,7.0,36,3462846.2,2025-09-19,2028-09-19,Active
FD001107,C09587,253396,5.5,6,260271.12,2023-07-10,2024-01-10,Active
FD001108,C07326,2497891,7.4,120,5100541.63,2025-10-27,2035-10-27,Active
FD001109,C04775,534479,6.5,12,569220.14,2025-10-25,2026-10-25,Active
FD001110,C02796,1075710,7.2,60,1522892.1,2023-11-19,2028-11-19,Active
FD001111,C01928,1396091,6.8,24,1592414.9,2021-02-17,2023-02-17,Active
FD001112,C02657,1649897,6.5,12,1757140.3,2026-07-10,2027-07-10,Active
FD001113,C01729,2258686,6.8,24,2576311.46,2026-05-14,2028-05-14,Active
FD001114,C09103,613215,6.8,24,699447.75,2026-05-02,2028-05-02,Active
FD001115,C09504,252800,5.5,6,259658.95,2024-10-26,2025-04-26,Active
FD001116,C01185,1185500,6.8,24,1352209.75,2023-11-26,2025-11-26,Matured
FD001117,C06554,288564,6.8,24,329143.02,2026-07-18,2028-07-18,Matured
FD001118,C00929,1145934,6.8,24,1307079.82,2024-09-26,2026-09-26,Active
FD001119,C02771,1045778,6.8,24,1192839.49,2026-01-19,2028-01-19,Active
FD001120,C00777,676738,5.5,6,695099.21,2023-09-23,2024-03-23,Closed
FD001121,C03535,1548007,5.5,6,1590007.42,2026-03-23,2026-09-23,Active
FD001122,C06029,2217689,7.2,60,3139601.8,2026-02-07,2031-02-07,Matured
FD001123,C02278,668440,6.5,12,711888.6,2026-04-03,2027-04-03,Matured
FD001124,C06979,412553,7.3,84,675581.59,2024-11-26,2031-11-26,Active
FD001125,C01422,494365,7.2,60,699876.87,2025-08-16,2030-08-16,Active
FD001126,C09302,937881,5.5,6,963327.52,2021-12-21,2022-06-21,Matured
FD001127,C01939,896910,7.4,120,1831435.72,2025-08-16,2035-08-16,Active
FD001128,C04248,1297905,6.5,12,1382268.82,2026-06-03,2027-06-03,Closed
FD001129,C08826,1008580,7.2,60,1427855.57,2025-09-23,2030-09-23,Active
FD001130,C04860,2383560,6.5,12,2538491.4,2024-09-07,2025-09-07,Active
FD001131,C07996,339617,6.8,24,387375.3,2021-11-04,2023-11-04,Closed
FD001132,C01113,75928,7.2,60,107491.94,2025-03-11,2030-03-11,Active
FD001133,C06522,1145891,7.2,60,1622247.95,2026-01-29,2031-01-29,Active
FD001134,C07864,363822,6.5,12,387470.43,2024-09-29,2025-09-29,Active
FD001135,C08509,470286,7.3,84,770123.02,2024-06-15,2031-06-15,Active
FD001136,C01222,473584,7.2,60,670457.03,2022-09-27,2027-09-27,Closed
FD001137,C04269,1492291,7.2,60,2112649.48,2025-04-16,2030-04-16,Active
FD001138,C06638,736594,6.8,24,840176.79,2024-05-02,2026-05-02,Active
FD001139,C02724,128571,6.5,12,136928.11,2026-03-15,2027-03-15,Active
FD001140,C02835,892467,5.5,6,916681.35,2023-01-07,2023-07-07,Closed
FD001141,C07989,1440386,7.0,36,1764534.79,2024-01-19,2027-01-19,Active
FD001142,C02853,1046604,7.3,84,1713880.13,2026-08-02,2033-08-02,Closed
FD001143,C00141,134862,6.5,12,143628.03,2026-05-18,2027-05-18,Matured
FD001144,C06448,1354215,6.5,12,1442238.97,2024-02-08,2025-02-08,Active
FD001145,C05603,1510001,7.0,36,1849816.16,2025-04-02,2028-04-02,Closed
FD001146,C06800,528061,6.5,12,562384.96,2025-05-18,2026-05-18,Closed
FD001147,C06059,514635,7.2,60,728573.29,2025-01-15,2030-01-15,Active
FD001148,C02497,1578403,6.8,24,1800364.34,2026-01-18,2028-01-18,Active
FD001149,C02420,1626518,6.8,24,1855245.47,2024-10-15,2026-10-15,Closed
FD001150,C06089,903898,7.0,36,1107313.92,2024-02-25,2027-02-25,Matured
FD001151,C03874,1618293,7.2,60,2291031.62,2026-04-28,2031-04-28,Active
FD001152,C02678,383389,5.5,6,393791.08,2026-04-20,2026-10-20,Matured
FD001153,C01884,1741919,6.5,12,1855143.73,2026-02-03,2027-02-03,Closed
FD001154,C01921,1242592,5.5,6,1276305.92,2023-08-18,2024-02-18,Active
FD001155,C03082,470954,7.2,60,666733.71,2025-07-19,2030-07-19,Active
FD001156,C01551,1964484,5.5,6,2017784.24,2023-12-29,2024-06-29,Active
FD001157,C06879,1720253,6.5,12,1832069.44,2026-04-17,2027-04-17,Matured
FD001158,C00190,1109326,6.5,12,1181432.19,2025-09-04,2026-09-04,Closed
FD001159,C06371,114095,6.5,12,121511.17,2025-02-13,2026-02-13,Active
FD001160,C08000,1921093,6.5,12,2045964.04,2023-10-13,2024-10-13,Closed
FD001161,C05951,1280777,6.8,24,1460884.98,2026-02-10,2028-02-10,Active
FD001162,C01168,2219796,7.0,36,2719345.55,2023-03-27,2026-03-27,Matured
FD001163,C01058,1245667,5.5,6,1279464.35,2026-05-11,2026-11-11,Active
FD001164,C01021,1840593,6.8,24,2099424.55,2024-09-09,2026-09-09,Closed
FD001165,C05418,514206,7.0,36,629924.46,2022-10-18,2025-10-18,Matured
FD001166,C00103,2307236,7.0,36,2826463.31,2025-04-28,2028-04-28,Active
FD001167,C02311,124641,6.8,24,142168.52,2024-04-04,2026-04-04,Active
FD001168,C07009,776456,7.0,36,951191.99,2019-07-26,2022-07-26,Active
FD001169,C01398,579301,7.0,36,709668.63,2024-09-05,2027-09-05,Closed
FD001170,C06968,1544725,7.4,120,3154234.58,2024-06-12,2034-06-12,Active
FD001171,C02642,1827574,7.2,60,2587312.57,2023-06-25,2028-06-25,Closed
FD001172,C04352,1975177,6.5,12,2103563.5,2023-06-18,2024-06-18,Active
FD001173,C00362,2233713,7.2,60,3162287.12,2023-03-18,2028-03-18,Active
FD001174,C02217,264564,5.5,6,271742.13,2024-05-04,2024-11-04,Closed
FD001175,C08683,834816,6.8,24,952211.17,2026-03-18,2028-03-18,Active
FD001176,C09824,1235632,6.5,12,1315948.08,2025-01-20,2026-01-20,Active
FD001177,C01505,585504,6.5,12,623561.76,2026-05-09,2027-05-09,Active
FD001178,C06585,731861,7.2,60,1036102.05,2026-04-16,2031-04-16,Active
FD001179,C07215,676610,6.5,12,720589.65,2026-07-30,2027-07-30,Active
FD001180,C02307,2065799,7.2,60,2924569.79,2025-07-14,2030-07-14,Matured
FD001181,C08664,891339,7.2,60,1261876.45,2026-04-18,2031-04-18,Active
FD001182,C05734,385109,7.0,36,471775.08,2026-02-07,2029-02-07,Matured
FD001183,C08573,1093066,7.4,120,2231974.35,2022-01-28,2032-01-28,Active
FD001184,C09916,1805591,6.8,24,2059500.43,2024-05-03,2026-05-03,Matured
FD001185,C05355,1272689,7.0,36,1559098.75,2026-04-08,2029-04-08,Active
FD001186,C01208,846561,6.5,12,901587.46,2026-04-29,2027-04-29,Matured
FD001187,C07956,2928626,6.8,24,3340461.1,2026-06-24,2028-06-24,Matured
FD001188,C07482,1459010,6.5,12,1553845.65,2019-04-27,2020-04-27,Active
FD001189,C03729,762975,7.2,60,1080150.41,2026-01-19,2031-01-19,Closed
FD001190,C00231,809738,6.5,12,862370.97,2022-11-16,2023-11-16,Active
FD001191,C06419,592432,7.0,36,725754.67,2022-02-05,2025-02-05,Active
FD001192,C03829,433922,7.3,84,710574.67,2026-06-26,2033-06-26,Closed
FD001193,C03561,237275,6.5,12,252697.88,2026-07-25,2027-07-25,Active
FD001194,C08043,2626017,6.8,24,2995298.01,2026-04-21,2028-04-21,Closed
FD001195,C09179,829474,6.5,12,883389.81,2022-01-09,2023-01-09,Active
FD001196,C04305,297005,6.8,24,338771.03,2022-11-14,2024-11-14,Closed
FD001197,C09333,199350,6.8,24,227383.39,2026-06-23,2028-06-23,Active
FD001198,C04799,301272,7.2,60,426513.42,2022-11-22,2027-11-22,Active
FD001199,C09940,1301394,6.8,24,1484401.23,2026-04-19,2028-04-19,Closed
FD001200,C00260,208102,6.5,12,221628.63,2019-11-21,2020-11-21,Active
FD001201,C08782,3482549,7.4,120,7111153.43,2025-11-28,2035-11-28,Closed
FD001202,C07924,1009596,6.5,12,1075219.74,2025-07-21,2026-07-21,Closed
FD001203,C04540,806471,7.2,60,1141728.08,2025-07-16,2030-07-16,Active
FD001204,C00957,1373371,7.4,120,2804340.13,2020-11-21,2030-11-21,Active
FD001205,C00125,171663,5.5,6,176320.55,2026-06-04,2026-12-04,Active
FD001206,C07726,757183,6.8,24,863661.1,2025-04-30,2027-04-30,Active
FD001207,C07255,234636,6.5,12,249887.34,2023-08-04,2024-08-04,Active
FD001208,C02825,950537,6.8,24,1084205.32,2024-04-15,2026-04-15,Closed
FD001209,C05743,3265491,5.5,6,3354090.07,2022-04-02,2022-10-02,Active
FD001210,C00240,3179801,7.4,120,6492960.42,2026-05-15,2036-05-15,Closed
FD001211,C04138,843612,7.2,60,1194308.92,2026-07-08,2031-07-08,Active
FD001212,C09808,84593,7.0,36,103630.06,2021-11-04,2024-11-04,Active
FD001213,C06870,1504426,7.2,60,2129829.1,2026-05-04,2031-05-04,Active
FD001214,C04968,480789,6.5,12,512040.28,2022-02-18,2023-02-18,Active
FD001215,C02249,750533,5.5,6,770896.41,2025-01-06,2025-07-06,Active
FD001216,C01059,659910,6.8,24,752709.18,2023-07-28,2025-07-28,Active
FD001217,C08250,2248308,6.5,12,2394448.02,2023-11-28,2024-11-28,Closed
FD001218,C06970,1172307,6.5,12,1248506.95,2025-08-17,2026-08-17,Closed
FD001219,C01629,803403,7.2,60,1137384.68,2026-06-25,2031-06-25,Active
FD001220,C07554,1000947,7.3,84,1639113.91,2023-12-13,2030-12-13,Active
FD001221,C06888,529027,6.5,12,563413.76,2026-06-02,2027-06-02,Closed
FD001222,C02640,492898,7.0,36,603821.24,2026-06-11,2029-06-11,Active
FD001223,C06105,404386,6.5,12,430671.09,2021-10-01,2022-10-01,Matured
FD001224,C03130,128356,6.5,12,136699.14,2020-07-29,2021-07-29,Active
FD001225,C01342,1171417,7.0,36,1435036.2,2026-03-31,2029-03-31,Active
FD001226,C05978,150580,7.0,36,184466.97,2021-03-13,2024-03-13,Matured
FD001227,C04513,91401,5.5,6,93880.89,2025-02-26,2025-08-26,Active
FD001228,C04628,515897,6.5,12,549430.3,2025-12-14,2026-12-14,Active
FD001229,C01124,1044881,7.0,36,1280024.15,2025-03-03,2028-03-03,Active
FD001230,C04568,1488101,7.0,36,1822987.71,2024-09-30,2027-09-30,Active
FD001231,C03844,1437611,6.5,12,1531055.71,2026-04-26,2027-04-26,Active
FD001232,C08871,1356101,7.0,36,1661282.04,2025-09-16,2028-09-16,Active
FD001233,C04288,270021,6.8,24,307992.43,2026-08-01,2028-08-01,Active
FD001234,C07785,2421516,6.5,12,2578914.54,2024-12-24,2025-12-24,Active
FD001235,C08915,883184,7.0,36,1081938.38,2026-01-14,2029-01-14,Matured
FD001236,C00576,1147116,7.4,120,2342341.17,2025-03-29,2035-03-29,Active
FD001237,C07533,909321,6.5,12,968426.86,2026-06-20,2027-06-20,Active
FD001238,C00497,1090931,7.3,84,1786468.39,2026-06-06,2033-06-06,Matured
FD001239,C09476,2066050,6.5,12,2200343.25,2024-05-12,2025-05-12,Active
FD001240,C08680,423304,7.3,84,693187.03,2026-06-28,2033-06-28,Matured
FD001241,C06511,2122422,6.5,12,2260379.43,2021-12-19,2022-12-19,Active
FD001242,C04113,4342495,5.5,6,4460315.27,2026-04-24,2026-10-24,Matured
FD001243,C08271,3844919,6.5,12,4094838.73,2025-06-12,2026-06-12,Active
FD001244,C03432,670803,6.5,12,714405.19,2024-08-13,2025-08-13,Active
FD001245,C07859,416376,7.2,60,589467.16,2019-12-01,2024-12-01,Closed
FD001246,C09634,805424,7.2,60,1140245.83,2022-12-19,2027-12-19,Active
FD001247,C00536,824415,6.5,12,878001.97,2022-03-08,2023-03-08,Closed
FD001248,C02455,146236,5.5,6,150203.66,2025-11-27,2026-05-27,Active
FD001249,C09723,765180,6.5,12,814916.7,2022-06-04,2023-06-04,Closed
FD001250,C00540,2300742,7.2,60,3257180.66,2026-05-04,2031-05-04,Active
FD001251,C00132,3468207,6.5,12,3693640.45,2026-04-18,2027-04-18,Active
FD001252,C01382,889385,7.4,120,1816070.12,2025-12-20,2035-12-20,Active
FD001253,C08501,3285616,7.0,36,4025020.88,2025-07-04,2028-07-04,Active
FD001254,C02786,1818905,7.0,36,2228236.84,2024-08-31,2027-08-31,Matured
FD001255,C02741,287096,6.5,12,305757.24,2026-02-16,2027-02-16,Matured
FD001256,C00282,718552,6.5,12,765257.88,2021-10-06,2022-10-06,Closed
FD001257,C01420,1062242,7.2,60,1503825.33,2020-09-02,2025-09-02,Matured
FD001258,C04704,430130,7.0,36,526927.75,2024-12-16,2027-12-16,Matured
FD001259,C06896,691055,5.5,6,709804.66,2025-03-30,2025-09-30,Matured
FD001260,C04780,1575213,7.4,120,3216489.23,2020-02-17,2030-02-17,Active
FD001261,C08496,1015107,6.8,24,1157855.41,2023-05-31,2025-05-31,Closed
FD001262,C02977,1898378,5.5,6,1949884.66,2026-04-11,2026-10-11,Active
FD001263,C00695,709004,5.5,6,728240.65,2024-10-25,2025-04-25,Closed
FD001264,C02664,1150622,7.2,60,1628945.67,2026-03-28,2031-03-28,Active
FD001265,C01614,4789666,6.5,12,5100994.29,2024-03-29,2025-03-29,Closed
FD001266,C07088,759467,6.8,24,866266.29,2025-07-20,2027-07-20,Matured
FD001267,C05614,2643082,5.5,6,2714793.91,2026-03-09,2026-09-09,Matured
FD001268,C00699,310651,6.8,24,354335.99,2025-12-23,2027-12-23,Matured
FD001269,C04364,3278579,6.5,12,3491686.63,2025-04-21,2026-04-21,Matured
FD001270,C02456,985394,7.4,120,2012114.67,2025-09-06,2035-09-06,Active
FD001271,C05964,1399304,7.3,84,2291448.65,2026-01-22,2033-01-22,Active
FD001272,C09211,1034170,7.2,60,1464083.55,2020-07-01,2025-07-01,Closed
FD001273,C03524,207003,7.2,60,293055.97,2025-10-02,2030-10-02,Active
FD001274,C06463,2825747,7.4,120,5770003.66,2026-06-15,2036-06-15,Active
FD001275,C01580,984098,6.8,24,1122485.8,2025-06-16,2027-06-16,Active
FD001276,C08723,542830,5.5,6,557558.03,2025-09-04,2026-03-04,Active
FD001277,C04682,4856965,6.8,24,5539970.85,2026-03-01,2028-03-01,Closed
FD001278,C00334,1925139,6.5,12,2050273.03,2020-12-28,2021-12-28,Closed
FD001279,C02690,3175758,7.0,36,3890440.11,2025-12-18,2028-12-18,Active
FD001280,C01723,1779473,5.5,6,1827753.54,2025-08-07,2026-02-07,Active
FD001281,C07746,916028,5.5,6,940881.61,2022-09-20,2023-03-20,Active
FD001282,C00092,2605152,7.2,60,3688136.57,2026-07-03,2031-07-03,Active
FD001283,C02340,1006737,7.4,120,2055695.78,2024-06-30,2034-06-30,Active
FD001284,C02036,163823,7.2,60,231925.66,2025-08-27,2030-08-27,Matured
FD001285,C04585,2834788,6.8,24,3233427.23,2025-02-26,2027-02-26,Active
FD001286,C03540,1042233,7.0,36,1276780.24,2021-12-30,2024-12-30,Active
FD001287,C08479,999029,6.5,12,1063965.89,2026-07-14,2027-07-14,Matured
FD001288,C09033,515037,5.5,6,529010.95,2021-07-06,2022-01-06,Active
FD001289,C01922,2499335,6.8,24,2850801.49,2025-07-27,2027-07-27,Active
FD001290,C07882,272973,5.5,6,280379.28,2025-07-15,2026-01-15,Active
FD001291,C06793,344543,7.2,60,487772.55,2026-01-07,2031-01-07,Matured
FD001292,C03939,3482708,6.5,12,3709084.02,2026-07-13,2027-07-13,Active
FD001293,C00514,1623228,6.5,12,1728737.82,2026-07-16,2027-07-16,Closed
FD001294,C03894,954247,6.8,24,1088437.03,2024-09-10,2026-09-10,Matured
FD001295,C03867,758698,6.5,12,808013.37,2022-12-06,2023-12-06,Active
FD001296,C07510,566818,7.2,60,802449.22,2026-07-19,2031-07-19,Active
FD001297,C04597,1107378,6.5,12,1179357.57,2022-04-15,2023-04-15,Active
FD001298,C07991,253724,6.8,24,289403.68,2025-08-09,2027-08-09,Active
FD001299,C03133,4958348,6.8,24,5655610.73,2024-11-17,2026-11-17,Active
FD001300,C02735,3913634,7.3,84,6408822.78,2022-07-18,2029-07-18,Matured
FD001301,C02447,414171,7.0,36,507377.28,2024-02-04,2027-02-04,Active
FD001302,C02946,1674896,7.0,36,2051819.62,2026-07-17,2029-07-17,Active
FD001303,C05573,724955,6.8,24,826901.07,2026-01-30,2028-01-30,Active
FD001304,C07805,1327152,7.3,84,2173295.19,2020-06-03,2027-06-03,Matured
FD001305,C08926,623772,6.5,12,664317.18,2025-11-23,2026-11-23,Active
FD001306,C05945,1283853,6.8,24,1464393.54,2024-08-06,2026-08-06,Active
FD001307,C04927,915589,7.0,36,1121635.9,2022-01-28,2025-01-28,Closed
FD001308,C02600,4347438,6.5,12,4630021.47,2025-07-24,2026-07-24,Matured
FD001309,C04538,2683274,7.0,36,3287126.03,2026-06-20,2029-06-20,Closed
FD001310,C09085,1376623,6.5,12,1466103.49,2021-03-29,2022-03-29,Active
FD001311,C00477,1548172,6.5,12,1648803.18,2023-03-02,2024-03-02,Active
FD001312,C00945,328232,7.4,120,670229.8,2026-04-25,2036-04-25,Matured
FD001313,C03236,1541601,6.8,24,1758387.1,2024-11-09,2026-11-09,Matured
FD001314,C00193,388041,7.0,36,475366.91,2023-05-23,2026-05-23,Matured
FD001315,C03440,639593,6.8,24,729535.13,2023-02-05,2025-02-05,Active
FD001316,C03161,3552058,7.0,36,4351423.79,2024-10-23,2027-10-23,Closed
FD001317,C06024,1169675,6.5,12,1245703.88,2026-01-14,2027-01-14,Matured
FD001318,C05673,76781,6.8,24,87578.25,2023-03-11,2025-03-11,Active
FD001319,C04738,1269088,5.5,6,1303520.81,2026-05-01,2026-11-01,Active
FD001320,C03435,1169788,7.2,60,1656079.15,2026-02-09,2031-02-09,Active
FD001321,C07125,651076,7.0,36,797596.1,2026-07-11,2029-07-11,Active
FD001322,C07834,310184,7.0,36,379988.74,2023-05-25,2026-05-25,Active
FD001323,C00674,2319840,5.5,6,2382781.73,2021-12-21,2022-06-21,Matured
FD001324,C07922,264916,7.0,36,324533.49,2024-03-31,2027-03-31,Matured
FD001325,C02932,1931626,7.0,36,2366324.91,2022-04-23,2025-04-23,Active
FD001326,C07739,1046547,6.8,24,1193716.63,2025-07-29,2027-07-29,Matured
FD001327,C08093,653221,7.0,36,800223.81,2026-06-23,2029-06-23,Active
FD001328,C01762,1650473,6.5,12,1757753.74,2023-06-03,2024-06-03,Closed
FD001329,C06028,2672731,7.4,120,5457554.29,2026-04-24,2036-04-24,Active
FD001330,C00050,2158402,6.5,12,2298698.13,2026-03-30,2027-03-30,Closed
FD001331,C05151,979172,7.2,60,1386222.4,2026-01-30,2031-01-30,Closed
FD001332,C01249,788857,7.0,36,966383.75,2021-05-16,2024-05-16,Active
FD001333,C00407,1196335,7.0,36,1465561.82,2025-05-19,2028-05-19,Active
FD001334,C08332,1570255,7.4,120,3206365.29,2026-02-05,2036-02-05,Active
FD001335,C03812,422089,7.4,120,861880.09,2026-03-11,2036-03-11,Active
FD001336,C03924,778949,7.0,36,954246.02,2026-01-15,2029-01-15,Active
FD001337,C09119,135216,6.8,24,154230.61,2025-10-14,2027-10-14,Active
FD001338,C01097,322769,6.5,12,343748.98,2024-09-22,2025-09-22,Matured
FD001339,C06090,61838,6.5,12,65857.47,2025-11-13,2026-11-13,Matured
FD001340,C09778,374651,5.5,6,384816.0,2026-05-17,2026-11-17,Closed
FD001341,C01452,675874,5.5,6,694211.77,2024-02-09,2024-08-09,Closed
FD001342,C04658,1313134,6.8,24,1497792.16,2021-11-09,2023-11-09,Active
FD001343,C01894,3053839,5.5,6,3136695.54,2025-10-14,2026-04-14,Matured
FD001344,C08673,4457333,6.5,12,4747059.64,2024-06-20,2025-06-20,Active
FD001345,C09788,621905,7.2,60,880436.37,2025-10-04,2030-10-04,Active
FD001346,C02990,1188921,6.8,24,1356111.83,2026-05-02,2028-05-02,Active
FD001347,C03037,977771,7.2,60,1384238.99,2023-09-29,2028-09-29,Matured
FD001348,C04824,744296,6.5,12,792675.24,2026-07-27,2027-07-27,Active
FD001349,C05705,2041695,7.4,120,4169017.12,2023-06-17,2033-06-17,Matured
FD001350,C00970,2773362,5.5,6,2848608.66,2025-07-14,2026-01-14,Matured
FD001351,C03063,984631,6.5,12,1048632.01,2026-07-30,2027-07-30,Active
FD001352,C03485,701303,6.5,12,746887.69,2026-03-22,2027-03-22,Active
FD001353,C04270,723053,6.5,12,770051.44,2025-10-27,2026-10-27,Matured
FD001354,C08002,287762,6.5,12,306466.53,2019-11-04,2020-11-04,Active
FD001355,C03016,1236270,5.5,6,1269812.39,2025-03-12,2025-09-12,Active
FD001356,C09087,1622688,6.8,24,1850876.88,2024-08-19,2026-08-19,Active
FD001357,C03210,1070903,5.5,6,1099958.66,2026-02-14,2026-08-14,Closed
FD001358,C09164,857455,6.5,12,913189.57,2026-03-27,2027-03-27,Active
FD001359,C04695,251235,6.5,12,267565.27,2025-09-26,2026-09-26,Closed
FD001360,C01954,2306429,6.8,24,2630768.27,2025-10-01,2027-10-01,Active
FD001361,C04978,934081,7.0,36,1144289.39,2026-04-07,2029-04-07,Matured
FD001362,C01424,956966,7.0,36,1172324.5,2025-02-26,2028-02-26,Matured
FD001363,C05892,912263,6.8,24,1040549.07,2026-01-08,2028-01-08,Matured
FD001364,C06629,1604776,7.2,60,2271895.48,2023-01-19,2028-01-19,Active
FD001365,C00396,201247,7.0,36,246536.23,2024-12-26,2027-12-26,Active
FD001366,C02832,1976130,7.0,36,2420844.22,2026-06-04,2029-06-04,Active
FD001367,C04929,664449,5.5,6,682476.78,2026-02-13,2026-08-13,Matured
FD001368,C07838,4731549,5.5,6,4859925.05,2026-05-26,2026-11-26,Matured
FD001369,C05578,2219696,6.8,24,2531838.53,2022-11-24,2024-11-24,Active
FD001370,C07337,3442755,6.8,24,3926888.98,2025-07-10,2027-07-10,Active
FD001371,C03578,1462009,6.5,12,1557039.58,2023-07-08,2024-07-08,Active
FD001372,C00364,1560548,7.0,36,1911738.4,2024-12-15,2027-12-15,Matured
FD001373,C02751,1278109,5.5,6,1312786.56,2023-05-24,2023-11-24,Matured
FD001374,C03901,1550303,7.3,84,2538719.05,2021-07-06,2028-07-06,Active
FD001375,C03179,681978,7.0,36,835452.38,2020-02-05,2023-02-05,Active
FD001376,C07824,3721493,6.5,12,3963390.04,2021-04-07,2022-04-07,Matured
FD001377,C01961,114632,6.8,24,130752.01,2026-08-01,2028-08-01,Active
FD001378,C03376,336012,7.0,36,411629.15,2024-10-04,2027-10-04,Matured
FD001379,C01664,1194467,6.5,12,1272107.35,2025-12-04,2026-12-04,Active
FD001380,C03525,675069,7.0,36,826988.55,2022-04-10,2025-04-10,Closed
FD001381,C06563,1408829,6.5,12,1500402.89,2023-09-04,2024-09-04,Closed
FD001382,C05497,1210824,7.2,60,1714174.17,2024-04-19,2029-04-19,Active
FD001383,C01064,137604,5.5,6,141337.46,2024-11-19,2025-05-19,Active
FD001384,C09859,1176489,6.8,24,1341931.59,2026-02-19,2028-02-19,Active
FD001385,C08591,270256,7.0,36,331075.22,2024-08-31,2027-08-31,Closed
FD001386,C02980,771109,6.5,12,821231.08,2024-05-09,2025-05-09,Closed
FD001387,C00265,4349603,6.5,12,4632327.19,2025-05-01,2026-05-01,Active
FD001388,C03477,2170151,6.5,12,2311210.81,2022-10-17,2023-10-17,Active
FD001389,C03185,1239698,7.2,60,1755051.35,2024-11-20,2029-11-20,Closed
FD001390,C02138,1017343,7.0,36,1246288.92,2026-04-07,2029-04-07,Active
FD001391,C09823,2867252,5.5,6,2945046.08,2025-08-17,2026-02-17,Active
FD001392,C04438,1571670,6.8,24,1792684.52,2025-09-26,2027-09-26,Closed
FD001393,C03358,798973,6.5,12,850906.24,2022-10-17,2023-10-17,Matured
FD001394,C00873,889238,6.5,12,947038.47,2026-08-04,2027-08-04,Active
FD001395,C05194,861591,6.5,12,917594.41,2025-07-14,2026-07-14,Active
FD001396,C08718,691047,7.0,36,846562.29,2026-05-12,2029-05-12,Active
FD001397,C08300,2427591,6.5,12,2585384.42,2026-02-16,2027-02-16,Active
FD001398,C01111,499112,6.5,12,531554.28,2024-03-23,2025-03-23,Active
FD001399,C05334,514573,7.0,36,630374.05,2023-11-08,2026-11-08,Active
FD001400,C00844,1210479,7.2,60,1713685.75,2026-07-23,2031-07-23,Active
FD001401,C05619,1587155,6.5,12,1690320.07,2026-03-10,2027-03-10,Active
FD001402,C08629,983983,6.5,12,1047941.89,2024-06-29,2025-06-29,Active
FD001403,C09467,628469,6.5,12,669319.48,2022-07-24,2023-07-24,Active
FD001404,C09199,221911,7.2,60,314161.35,2024-05-16,2029-05-16,Closed
FD001405,C06893,343604,7.2,60,486443.2,2024-04-11,2029-04-11,Active
FD001406,C06008,691412,7.0,36,847009.43,2025-05-24,2028-05-24,Closed
FD001407,C02783,3613427,6.8,24,4121561.56,2024-05-16,2026-05-16,Active
FD001408,C09474,1270312,6.8,24,1448948.35,2024-02-29,2026-02-28,Matured
FD001409,C02176,1834765,7.3,84,3004543.53,2026-05-14,2033-05-14,Active
FD001410,C07722,1189737,7.2,60,1684321.12,2026-08-04,2031-08-04,Active
FD001411,C00845,2792689,7.2,60,3953634.35,2025-12-12,2030-12-12,Active
FD001412,C08381,518307,7.2,60,733771.77,2019-10-02,2024-10-02,Active
FD001413,C06547,660269,6.5,12,703186.48,2024-12-13,2025-12-13,Active
FD001414,C06420,239905,6.5,12,255498.82,2023-07-12,2024-07-12,Active
FD001415,C08619,1439737,6.5,12,1533319.91,2020-09-07,2021-09-07,Closed
FD001416,C07705,1337726,7.0,36,1638771.87,2026-07-31,2029-07-31,Matured
FD001417,C02343,638757,6.8,24,728581.56,2026-07-31,2028-07-31,Active
FD001418,C09334,4796379,7.0,36,5875770.52,2025-09-29,2028-09-29,Closed
FD001419,C01868,1063980,7.3,84,1742334.43,2024-10-04,2031-10-04,Active
FD001420,C09941,1072659,6.5,12,1142381.83,2023-04-25,2024-04-25,Active
FD001421,C06640,540772,5.5,6,555444.19,2026-04-10,2026-10-10,Active
FD001422,C05130,1565198,6.5,12,1666935.87,2026-06-03,2027-06-03,Closed
FD001423,C00359,1898748,5.5,6,1950264.7,2025-01-18,2025-07-18,Closed
FD001424,C07818,729626,6.5,12,777051.69,2024-01-09,2025-01-09,Closed
FD001425,C08972,1197122,7.2,60,1694776.13,2019-06-14,2024-06-14,Active
FD001426,C08326,2333169,6.8,24,2661268.56,2025-09-30,2027-09-30,Active
FD001427,C03050,843810,6.5,12,898657.65,2025-11-15,2026-11-15,Matured
FD001428,C08432,376474,6.8,24,429415.28,2025-04-11,2027-04-11,Active
FD001429,C08820,1001312,6.5,12,1066397.28,2025-12-04,2026-12-04,Active
FD001430,C02480,906934,7.2,60,1283954.43,2020-04-12,2025-04-12,Active
FD001431,C04484,1061058,7.2,60,1502149.13,2026-01-01,2031-01-01,Active
FD001432,C05634,974879,6.5,12,1038246.13,2025-04-22,2026-04-22,Active
FD001433,C04388,373331,6.8,24,425830.3,2026-04-29,2028-04-29,Active
FD001434,C08738,365076,6.5,12,388805.94,2022-09-24,2023-09-24,Active
FD001435,C02407,298156,7.0,36,365253.92,2025-12-11,2028-12-11,Active
FD001436,C07514,1435063,7.0,36,1758013.88,2026-01-24,2029-01-24,Active
FD001437,C08346,2058294,6.8,24,2347739.54,2025-11-22,2027-11-22,Active
FD001438,C05008,1407400,7.2,60,1992468.54,2026-07-17,2031-07-17,Active
FD001439,C09921,140480,6.5,12,149611.2,2021-03-13,2022-03-13,Active
FD001440,C08861,332536,7.0,36,407370.9,2026-08-04,2029-08-04,Active
FD001441,C00678,650067,6.5,12,692321.35,2026-05-06,2027-05-06,Active
FD001442,C02140,427566,6.8,24,487692.04,2020-05-11,2022-05-11,Active
FD001443,C03979,1231964,7.0,36,1509208.87,2025-08-07,2028-08-07,Closed
FD001444,C07137,813336,7.0,36,996371.57,2026-08-01,2029-08-01,Active
FD001445,C05545,229827,6.5,12,244765.75,2023-07-28,2024-07-28,Active
FD001446,C09820,1038625,7.2,60,1470390.54,2023-04-22,2028-04-22,Active
FD001447,C00357,911440,7.0,36,1116553.19,2026-01-26,2029-01-26,Matured
FD001448,C09959,431438,7.0,36,528530.1,2023-09-07,2026-09-07,Active
FD001449,C00208,401737,7.0,36,492145.1,2026-07-16,2029-07-16,Active
FD001450,C03445,1951991,6.8,24,2226487.78,2025-08-13,2027-08-13,Active
FD001451,C07897,843166,6.5,12,897971.79,2022-11-17,2023-11-17,Active
FD001452,C08631,898711,6.8,24,1025091.34,2026-04-29,2028-04-29,Closed
FD001453,C02528,930373,7.2,60,1317137.23,2020-01-23,2025-01-23,Active
FD001454,C07952,794162,6.8,24,905840.24,2026-03-08,2028-03-08,Active
FD001455,C08687,213731,7.2,60,302580.85,2020-01-28,2025-01-28,Active
FD001456,C09719,1035799,5.5,6,1063902.23,2025-11-27,2026-05-27,Matured
FD001457,C07546,2581156,6.8,24,2944128.48,2022-01-29,2024-01-29,Active
FD001458,C08137,2016572,7.2,60,2854878.69,2023-12-20,2028-12-20,Active
FD001459,C04989,4429224,6.8,24,5052079.2,2025-12-24,2027-12-24,Closed
FD001460,C05961,1513063,6.8,24,1725835.97,2024-12-20,2026-12-20,Active
FD001461,C00890,1061086,7.2,60,1502188.77,2021-10-31,2026-10-31,Active
FD001462,C05857,1285323,7.2,60,1819643.06,2025-11-12,2030-11-12,Closed
FD001463,C07448,869708,6.8,24,992009.82,2022-08-16,2024-08-16,Active
FD001464,C06898,537614,7.3,84,880376.87,2019-09-05,2026-09-05,Active
FD001465,C00568,906994,6.5,12,965948.61,2025-01-22,2026-01-22,Active
FD001466,C00946,109677,6.8,24,125100.22,2025-01-01,2027-01-01,Active
FD001467,C00315,65087,6.5,12,69317.65,2023-04-23,2024-04-23,Active
FD001468,C03471,712493,6.8,24,812686.62,2024-11-24,2026-11-24,Active
FD001469,C06523,943536,7.0,36,1155872.17,2022-07-06,2025-07-06,Active
FD001470,C09786,1174293,6.8,24,1339426.78,2026-07-30,2028-07-30,Active
FD001471,C01912,627892,7.4,120,1282117.31,2025-10-06,2035-10-06,Active
FD001472,C02270,477176,6.8,24,544278.4,2025-10-18,2027-10-18,Matured
FD001473,C05737,4097232,6.5,12,4363552.08,2025-12-07,2026-12-07,Active
FD001474,C02080,4108074,6.5,12,4375098.81,2026-07-31,2027-07-31,Active
FD001475,C03455,772167,7.2,60,1093163.6,2022-09-26,2027-09-26,Active
FD001476,C08969,339550,7.2,60,480703.92,2026-05-06,2031-05-06,Matured
FD001477,C07975,531865,6.8,24,606657.98,2026-04-10,2028-04-10,Matured
FD001478,C08136,389308,6.5,12,414613.02,2023-06-06,2024-06-06,Active
FD001479,C03249,1469511,7.2,60,2080399.63,2022-01-06,2027-01-06,Active
FD001480,C04244,2921271,7.0,36,3578682.59,2025-06-19,2028-06-19,Active
FD001481,C06060,1383529,5.5,6,1421066.81,2025-09-08,2026-03-08,Active
FD001482,C08891,354775,6.8,24,404664.88,2024-10-03,2026-10-03,Active
FD001483,C02774,234844,5.5,6,241215.77,2026-03-28,2026-09-28,Active
FD001484,C03269,217855,7.0,36,266881.74,2026-07-08,2029-07-08,Matured
FD001485,C06610,890213,7.0,36,1090549.2,2025-10-02,2028-10-02,Active
FD001486,C08141,170508,7.3,84,279217.62,2025-12-29,2032-12-29,Matured
FD001487,C00284,4197062,6.8,24,4787269.65,2023-08-22,2025-08-22,Active
FD001488,C04039,1427586,7.3,84,2337762.21,2025-06-06,2032-06-06,Active
FD001489,C09284,458413,5.5,6,470850.63,2025-08-02,2026-02-02,Active
FD001490,C09349,2213479,7.0,36,2711606.95,2026-02-27,2029-02-27,Active
FD001491,C04453,352502,6.5,12,375414.63,2021-03-04,2022-03-04,Matured
FD001492,C01354,710371,5.5,6,729644.74,2025-11-25,2026-05-25,Active
FD001493,C06828,3400692,6.5,12,3621736.98,2025-02-28,2026-02-28,Active
FD001494,C04320,470081,6.8,24,536185.67,2024-02-13,2026-02-13,Matured
FD001495,C06292,193900,7.3,84,317523.49,2020-09-22,2027-09-22,Active
FD001496,C08977,1572823,7.2,60,2226659.34,2025-10-12,2030-10-12,Closed
FD001497,C09625,2970034,6.5,12,3163086.21,2026-01-01,2027-01-01,Matured
FD001498,C09995,1948304,7.0,36,2386756.18,2024-05-22,2027-05-22,Active
FD001499,C04145,1999751,6.8,24,2280963.98,2026-04-03,2028-04-03,Active
FD001500,C00074,417074,6.8,24,475724.61,2021-04-13,2023-04-13,Active
FD001501,C02281,125902,6.8,24,143606.84,2026-01-06,2028-01-06,Active
FD001502,C01742,540771,7.2,60,765574.25,2026-06-29,2031-06-29,Closed
FD001503,C03705,2306130,7.2,60,3264808.5,2024-10-26,2029-10-26,Active
FD001504,C01411,777912,6.8,24,887305.1,2026-01-28,2028-01-28,Active
FD001505,C08884,2078490,7.2,60,2942536.55,2025-01-28,2030-01-28,Matured
FD001506,C00563,3899099,7.0,36,4776563.94,2026-07-29,2029-07-29,Closed
FD001507,C06332,164717,6.8,24,187880.16,2026-04-02,2028-04-02,Active
FD001508,C03804,852523,7.0,36,1044377.33,2024-10-31,2027-10-31,Closed
FD001509,C09677,1014396,7.2,60,1436089.33,2025-10-27,2030-10-27,Active
FD001510,C09157,790496,6.8,24,901658.71,2025-11-27,2027-11-27,Active
FD001511,C04084,1154568,6.5,12,1229614.92,2026-02-06,2027-02-06,Active
FD001512,C00924,2875693,7.0,36,3522847.58,2022-07-03,2025-07-03,Active
FD001513,C02615,1547246,6.8,24,1764825.92,2024-03-05,2026-03-05,Active
FD001514,C06666,614292,6.5,12,654220.98,2026-04-01,2027-04-01,Matured
FD001515,C00379,847620,6.8,24,966815.71,2026-05-04,2028-05-04,Active
FD001516,C02659,821153,6.5,12,874527.94,2024-07-19,2025-07-19,Active
FD001517,C02110,1011366,6.5,12,1077104.79,2026-03-13,2027-03-13,Active
FD001518,C06572,796643,6.5,12,848424.79,2025-05-26,2026-05-26,Active
FD001519,C07349,379200,7.0,36,464536.31,2025-10-01,2028-10-01,Matured
FD001520,C01307,2624576,5.5,6,2695785.81,2022-09-16,2023-03-16,Closed
FD001521,C00556,138632,7.2,60,196262.54,2026-02-11,2031-02-11,Active
FD001522,C09035,1372954,6.8,24,1566024.28,2024-07-07,2026-07-07,Closed
FD001523,C02212,2354627,6.8,24,2685744.07,2022-09-14,2024-09-14,Closed
FD001524,C07880,2193849,6.5,12,2336449.19,2025-12-18,2026-12-18,Active
FD001525,C04284,1259354,6.5,12,1341212.01,2022-04-27,2023-04-27,Active
FD001526,C01969,1824928,6.8,24,2081556.68,2023-07-25,2025-07-25,Active
FD001527,C01586,1103766,6.5,12,1175510.79,2026-08-03,2027-08-03,Closed
FD001528,C09607,416582,6.8,24,475163.43,2026-01-13,2028-01-13,Active
FD001529,C05870,1136754,6.8,24,1296608.89,2022-02-20,2024-02-20,Matured
FD001530,C00388,99576,7.0,36,121984.88,2025-12-23,2028-12-23,Active
FD001531,C02482,261283,6.5,12,278266.39,2022-05-18,2023-05-18,Active
FD001532,C02060,594631,6.5,12,633282.02,2024-01-05,2025-01-05,Active
FD001533,C08092,2309960,6.8,24,2634795.82,2025-08-31,2027-08-31,Active
FD001534,C01273,1584797,6.5,12,1687808.8,2024-06-16,2025-06-16,Active
FD001535,C05055,928901,7.0,36,1137943.67,2024-06-06,2027-06-06,Active
FD001536,C06424,1841651,6.8,24,2100631.33,2021-03-19,2023-03-19,Active
FD001537,C01053,325018,7.4,120,663667.01,2025-07-28,2035-07-28,Matured
FD001538,C05447,1757481,5.5,6,1805164.85,2023-11-11,2024-05-11,Active
FD001539,C02824,544519,6.8,24,621091.44,2024-12-17,2026-12-17,Closed
FD001540,C07646,255587,6.5,12,272200.15,2025-04-15,2026-04-15,Closed
FD001541,C01274,677250,6.8,24,772487.6,2026-01-22,2028-01-22,Active
FD001542,C00342,3585971,6.8,24,4090244.59,2026-02-04,2028-02-04,Closed
FD001543,C07385,2695146,6.8,24,3074148.21,2024-11-16,2026-11-16,Matured
FD001544,C03174,1696962,6.8,24,1935595.58,2022-10-14,2024-10-14,Active
FD001545,C05138,250107,6.5,12,266363.95,2025-06-19,2026-06-19,Matured
FD001546,C08499,553621,6.5,12,589606.36,2025-11-21,2026-11-21,Active
FD001547,C00506,251959,6.8,24,287390.48,2024-09-18,2026-09-18,Active
FD001548,C05324,806992,6.5,12,859446.48,2021-11-15,2022-11-15,Active
FD001549,C06053,590467,6.5,12,628847.35,2026-08-01,2027-08-01,Active
FD001550,C02236,786290,7.2,60,1113157.66,2024-11-18,2029-11-18,Closed
FD001551,C07217,258622,6.8,24,294990.46,2026-07-28,2028-07-28,Active
FD001552,C00803,2308373,6.5,12,2458417.24,2022-12-21,2023-12-21,Matured
FD001553,C00526,3028870,6.5,12,3225746.55,2026-06-30,2027-06-30,Active
FD001554,C01919,1674756,7.0,36,2051648.11,2025-11-20,2028-11-20,Closed
FD001555,C01002,1648327,7.0,36,2019271.45,2025-12-28,2028-12-28,Active
FD001556,C01855,657537,7.2,60,930880.91,2025-01-30,2030-01-30,Active
FD001557,C02205,757554,6.8,24,864084.27,2026-06-10,2028-06-10,Active
FD001558,C00352,898869,7.2,60,1272536.74,2026-05-13,2031-05-13,Active
FD001559,C09005,1408950,6.5,12,1500531.75,2024-04-10,2025-04-10,Active
FD001560,C09708,2494074,7.0,36,3055347.9,2024-05-16,2027-05-16,Active
FD001561,C09396,879329,6.5,12,936485.39,2026-07-28,2027-07-28,Active
FD001562,C06727,954718,7.3,84,1563411.0,2025-03-17,2032-03-17,Matured
FD001563,C01316,1142481,7.4,120,2332876.78,2021-08-22,2031-08-22,Active
FD001564,C06991,435637,7.2,60,616735.13,2021-02-11,2026-02-11,Active
FD001565,C00491,2018195,7.0,36,2472375.66,2025-07-28,2028-07-28,Closed
FD001566,C09509,721631,6.5,12,768537.02,2025-04-21,2026-04-21,Active
FD001567,C09489,150195,5.5,6,154270.08,2025-05-11,2025-11-11,Closed
FD001568,C08004,2350297,5.5,6,2414065.09,2023-05-24,2023-11-24,Matured
FD001569,C04324,4445486,7.2,60,6293513.58,2026-04-28,2031-04-28,Active
FD001570,C04785,325201,7.0,36,398385.21,2024-12-25,2027-12-25,Active
FD001571,C07763,867566,6.5,12,923957.79,2022-04-16,2023-04-16,Active
FD001572,C00215,645958,6.8,24,736795.2,2024-01-12,2026-01-12,Active
FD001573,C02170,765581,5.5,6,786352.69,2024-07-12,2025-01-12,Matured
FD001574,C02590,731996,7.2,60,1036293.17,2026-08-01,2031-08-01,Active
FD001575,C08859,1192588,6.8,24,1360294.49,2023-12-13,2025-12-13,Active
FD001576,C00411,1180968,6.5,12,1257730.92,2025-07-04,2026-07-04,Active
FD001577,C03261,1373402,7.0,36,1682476.51,2020-12-28,2023-12-28,Closed
FD001578,C01176,3698854,6.8,24,4219001.64,2023-10-08,2025-10-08,Active
FD001579,C08437,2647627,7.3,84,4335656.38,2025-11-28,2032-11-28,Active
FD001580,C05043,526322,7.2,60,745118.68,2026-02-27,2031-02-27,Active
FD001581,C07346,817103,6.8,24,932007.29,2025-05-18,2027-05-18,Active
FD001582,C09864,72137,5.5,6,74094.22,2024-12-08,2025-06-08,Matured
FD001583,C01480,1193371,6.5,12,1270940.11,2026-01-29,2027-01-29,Active
FD001584,C05557,84884,7.0,36,103986.55,2026-07-24,2029-07-24,Active
FD001585,C00866,2050964,6.5,12,2184276.66,2025-11-30,2026-11-30,Matured
FD001586,C08784,664303,6.8,24,757719.95,2024-01-02,2026-01-02,Matured
FD001587,C01031,2349368,6.5,12,2502076.92,2024-02-06,2025-02-06,Active
FD001588,C02981,1225567,6.8,24,1397911.13,2024-09-17,2026-09-17,Active
FD001589,C04194,867308,7.2,60,1227855.55,2026-03-30,2031-03-30,Active
FD001590,C03962,382229,6.8,24,435979.57,2026-03-28,2028-03-28,Active
FD001591,C00367,851676,7.2,60,1205725.19,2022-11-17,2027-11-17,Active
FD001592,C07171,2960530,7.0,36,3626776.55,2019-12-24,2022-12-24,Active
FD001593,C04311,2281135,7.2,60,3229422.86,2026-03-14,2031-03-14,Active
FD001594,C00754,337158,6.5,12,359073.27,2026-07-10,2027-07-10,Active
FD001595,C06704,2721321,6.8,24,3104004.04,2025-08-27,2027-08-27,Active
FD001596,C09819,1081790,6.5,12,1152106.35,2025-04-15,2026-04-15,Active
FD001597,C09515,154085,7.4,120,314632.21,2022-06-02,2032-06-02,Active
FD001598,C08223,907932,6.5,12,966947.58,2024-04-18,2025-04-18,Active
FD001599,C06739,3727705,7.0,36,4566598.92,2026-07-03,2029-07-03,Active
FD001600,C08888,1314026,5.5,6,1349678.06,2025-03-12,2025-09-12,Active
FD001601,C01217,931313,6.5,12,991848.34,2026-02-01,2027-02-01,Matured
FD001602,C08012,1607752,6.8,24,1833840.52,2019-10-29,2021-10-29,Matured
FD001603,C01319,742581,5.5,6,762728.66,2023-12-13,2024-06-13,Matured
FD001604,C06589,356368,5.5,6,366036.95,2024-07-17,2025-01-17,Matured
FD001605,C08992,648818,6.8,24,740057.38,2026-05-21,2028-05-21,Active
FD001606,C08803,574454,7.2,60,813259.57,2019-07-22,2024-07-22,Matured
FD001607,C03786,177885,7.4,120,363230.36,2025-10-14,2035-10-14,Matured
FD001608,C04097,856979,7.2,60,1213232.7,2025-10-22,2030-10-22,Active
FD001609,C02646,190552,6.5,12,202937.88,2022-04-04,2023-04-04,Matured
FD001610,C02261,444098,6.8,24,506548.84,2020-02-03,2022-02-03,Closed
FD001611,C04271,2033174,6.5,12,2165330.31,2026-05-31,2027-05-31,Closed
FD001612,C04203,2760050,6.5,12,2939453.25,2023-08-08,2024-08-08,Matured
FD001613,C00571,1611800,7.3,84,2639424.27,2022-06-10,2029-06-10,Active
FD001614,C04262,581235,6.8,24,662970.59,2026-07-03,2028-07-03,Active
FD001615,C02649,1561738,7.2,60,2210966.21,2025-07-20,2030-07-20,Closed
FD001616,C03446,506735,7.4,120,1034722.08,2024-12-29,2034-12-29,Active
FD001617,C08906,1871005,6.5,12,1992620.32,2025-11-22,2026-11-22,Active
FD001618,C00218,2366095,6.8,24,2698824.74,2026-07-05,2028-07-05,Active
FD001619,C01788,559795,5.5,6,574983.32,2023-05-03,2023-11-03,Active
FD001620,C06393,1498610,6.8,24,1709350.53,2022-12-17,2024-12-17,Active
FD001621,C05018,3165517,7.2,60,4481450.22,2026-02-18,2031-02-18,Active
FD001622,C02071,1098406,5.5,6,1128207.87,2023-08-28,2024-02-28,Active
FD001623,C07274,553755,5.5,6,568779.44,2022-11-28,2023-05-28,Active
FD001624,C10000,2991583,6.8,24,3412271.37,2026-05-10,2028-05-10,Active
FD001625,C08050,1073080,6.5,12,1142830.2,2024-09-15,2025-09-15,Closed
FD001626,C06998,1401920,7.2,60,1984710.46,2020-05-12,2025-05-12,Matured
FD001627,C07117,1890120,7.0,36,2315478.28,2021-02-07,2024-02-07,Active
FD001628,C07463,842238,6.5,12,896983.47,2026-07-02,2027-07-02,Active
FD001629,C09029,215626,6.8,24,245948.19,2019-10-11,2021-10-11,Active
FD001630,C03057,668061,6.8,24,762006.41,2026-06-23,2028-06-23,Active
FD001631,C05794,1615538,6.8,24,1842721.42,2026-07-05,2028-07-05,Active
FD001632,C06850,2014589,6.5,12,2145537.28,2024-09-24,2025-09-24,Matured
FD001633,C04936,1212913,6.5,12,1291752.34,2026-01-13,2027-01-13,Active
FD001634,C04371,992426,6.5,12,1056933.69,2024-10-06,2025-10-06,Active
FD001635,C04180,1589782,6.8,24,1813343.5,2023-03-01,2025-03-01,Matured
FD001636,C00589,2172140,6.5,12,2313329.1,2025-10-25,2026-10-25,Active
FD001637,C01128,207033,7.0,36,253624.33,2025-11-16,2028-11-16,Active
FD001638,C08342,1350648,6.5,12,1438440.12,2023-07-22,2024-07-22,Matured
FD001639,C06626,4571094,7.2,60,6471337.93,2023-01-31,2028-01-31,Active
FD001640,C08639,2915649,6.8,24,3325659.22,2024-12-26,2026-12-26,Active
FD001641,C05682,2425058,6.5,12,2582686.77,2026-01-29,2027-01-29,Active
FD001642,C08630,513320,5.5,6,527247.36,2024-11-03,2025-05-03,Matured
FD001643,C05995,417230,7.2,60,590676.18,2025-08-29,2030-08-29,Active
FD001644,C06136,312343,6.5,12,332645.29,2025-12-07,2026-12-07,Active
FD001645,C02397,878405,5.5,6,902237.82,2024-09-02,2025-03-02,Active
FD001646,C06770,1679901,7.0,36,2057950.96,2021-09-22,2024-09-22,Active
FD001647,C07025,2991524,6.8,24,3412204.07,2022-10-28,2024-10-28,Active
FD001648,C03736,975778,7.0,36,1195370.01,2026-05-02,2029-05-02,Active
FD001649,C04463,487755,7.0,36,597520.85,2026-05-29,2029-05-29,Closed
FD001650,C09368,1794993,5.5,6,1843694.62,2024-04-05,2024-10-05,Matured
FD001651,C06061,177297,6.5,12,188821.3,2025-12-11,2026-12-11,Matured
FD001652,C05354,922317,7.2,60,1305732.28,2023-12-27,2028-12-27,Matured
FD001653,C04816,294528,7.2,60,416965.88,2024-11-18,2029-11-18,Active
FD001654,C01475,135255,7.0,36,165693.19,2024-11-09,2027-11-09,Matured
FD001655,C03007,376884,7.3,84,617171.35,2025-08-16,2032-08-16,Closed
FD001656,C07622,151836,6.5,12,161705.34,2023-12-02,2024-12-02,Active
FD001657,C04621,454048,6.5,12,483561.12,2024-03-14,2025-03-14,Active
FD001658,C07471,571693,6.8,24,652086.76,2025-12-28,2027-12-28,Closed
FD001659,C00579,1221098,7.0,36,1495897.56,2024-06-22,2027-06-22,Active
FD001660,C01638,935117,7.2,60,1323853.35,2020-04-05,2025-04-05,Active
FD001661,C00322,3898027,7.0,36,4775250.69,2022-05-27,2025-05-27,Active
FD001662,C03474,486637,6.5,12,518268.4,2025-08-10,2026-08-10,Active
FD001663,C06201,1734252,6.8,24,1978129.45,2023-03-13,2025-03-13,Matured
FD001664,C03463,2289340,7.4,120,4674693.16,2023-03-19,2033-03-19,Active
FD001665,C06902,788877,7.3,84,1291835.9,2025-09-15,2032-09-15,Active
FD001666,C07831,1411698,7.2,60,1998553.26,2023-06-18,2028-06-18,Active
FD001667,C09063,2706004,6.8,24,3086533.11,2022-07-07,2024-07-07,Matured
FD001668,C00139,1325935,6.5,12,1412120.77,2021-07-03,2022-07-03,Active
FD001669,C00787,836564,7.2,60,1184331.0,2019-06-06,2024-06-06,Closed
FD001670,C07285,582863,6.5,12,620749.09,2026-03-10,2027-03-10,Active
FD001671,C04820,882759,5.5,6,906709.95,2025-01-05,2025-07-05,Active
FD001672,C07825,1243204,6.8,24,1418028.32,2023-04-27,2025-04-27,Active
FD001673,C00177,983572,6.5,12,1047504.18,2025-01-05,2026-01-05,Active
FD001674,C09117,1911320,6.5,12,2035555.8,2022-01-06,2023-01-06,Active
FD001675,C03000,2364896,7.3,84,3872666.52,2022-06-16,2029-06-16,Active
FD001676,C03242,4837111,7.3,84,7921074.67,2025-02-16,2032-02-16,Active
FD001677,C07899,129138,6.8,24,147297.9,2024-09-17,2026-09-17,Active
FD001678,C05464,1161440,6.5,12,1236933.6,2026-07-15,2027-07-15,Active
FD001679,C06333,2004496,6.5,12,2134788.24,2025-09-02,2026-09-02,Active
FD001680,C04914,2442796,6.5,12,2601577.74,2026-05-24,2027-05-24,Closed
FD001681,C04156,697613,7.0,36,854605.92,2020-04-21,2023-04-21,Matured
FD001682,C08143,412602,6.8,24,470623.74,2024-08-11,2026-08-11,Closed
FD001683,C00923,1523978,6.8,24,1738285.88,2021-07-01,2023-07-01,Closed
FD001684,C02556,1309940,5.5,6,1345481.2,2026-05-27,2026-11-27,Matured
FD001685,C06860,1650320,5.5,6,1695096.37,2023-09-16,2024-03-16,Active
FD001686,C04871,1452531,6.5,12,1546945.51,2022-11-23,2023-11-23,Matured
FD001687,C06317,923509,7.3,84,1512304.3,2022-08-06,2029-08-06,Active
FD001688,C02157,1665625,6.5,12,1773890.62,2022-06-23,2023-06-23,Matured
FD001689,C07905,145918,7.0,36,178755.82,2026-07-24,2029-07-24,Active
FD001690,C02353,504058,6.5,12,536821.77,2026-06-16,2027-06-16,Active
FD001691,C07254,616157,6.8,24,702803.46,2026-06-14,2028-06-14,Active
FD001692,C03851,2976653,6.5,12,3170135.44,2026-05-29,2027-05-29,Active
FD001693,C04835,817115,7.4,120,1668499.18,2025-12-28,2035-12-28,Closed
FD001694,C07674,1108494,5.5,6,1138569.58,2024-09-30,2025-03-30,Active
FD001695,C01161,874566,6.5,12,931412.79,2025-03-14,2026-03-14,Active
FD001696,C08543,136554,6.8,24,155756.77,2022-04-03,2024-04-03,Matured
FD001697,C04080,624779,6.5,12,665389.64,2025-05-12,2026-05-12,Active
FD001698,C00242,1102399,6.8,24,1257422.76,2024-01-15,2026-01-15,Matured
FD001699,C09571,332844,6.8,24,379649.85,2026-02-21,2028-02-21,Active
FD001700,C04110,879043,7.0,36,1076865.47,2024-08-29,2027-08-29,Active
FD001701,C03983,1149427,6.5,12,1224139.75,2021-06-29,2022-06-29,Active
FD001702,C03188,951913,6.5,12,1013787.34,2025-06-11,2026-06-11,Closed
FD001703,C08706,237893,6.5,12,253356.04,2024-08-16,2025-08-16,Active
FD001704,C08062,1582043,6.5,12,1684875.79,2023-03-01,2024-03-01,Active
FD001705,C09292,1295450,7.0,36,1586981.95,2025-09-23,2028-09-23,Matured
FD001706,C07459,1469816,7.4,120,3001274.96,2026-01-31,2036-01-31,Active
FD001707,C01634,977381,7.0,36,1197333.75,2025-04-21,2028-04-21,Active
FD001708,C05992,2008652,6.5,12,2139214.38,2026-01-19,2027-01-19,Active
FD001709,C01941,229965,6.5,12,244912.72,2026-01-16,2027-01-16,Active
FD001710,C05015,669402,7.2,60,947678.29,2025-06-24,2030-06-24,Matured
FD001711,C06501,78800,6.5,12,83922.0,2023-06-26,2024-06-26,Matured
FD001712,C00653,1329757,6.8,24,1516752.75,2026-03-05,2028-03-05,Active
FD001713,C02155,926649,7.0,36,1135184.87,2023-12-06,2026-12-06,Active
FD001714,C06942,1195934,6.8,24,1364111.02,2026-07-29,2028-07-29,Active
FD001715,C06094,2075959,7.0,36,2543139.04,2023-12-14,2026-12-14,Closed
FD001716,C05941,1451444,5.5,6,1490824.48,2026-01-23,2026-07-23,Active
FD001717,C05526,745759,6.8,24,850630.61,2020-03-22,2022-03-22,Active
FD001718,C03906,176059,6.5,12,187502.83,2025-12-30,2026-12-30,Matured
FD001719,C09240,2641932,6.5,12,2813657.58,2025-04-23,2026-04-23,Active
FD001720,C06722,84956,5.5,6,87261.02,2025-11-11,2026-05-11,Matured
FD001721,C01088,1560868,7.2,60,2209734.54,2023-08-21,2028-08-21,Active
FD001722,C07714,860597,6.5,12,916535.8,2026-05-14,2027-05-14,Active
FD001723,C08856,467768,7.3,84,765999.63,2023-10-02,2030-10-02,Active
FD001724,C03984,1302222,6.8,24,1485345.67,2020-05-09,2022-05-09,Active
FD001725,C08500,574970,7.4,120,1174053.8,2024-10-31,2034-10-31,Active
FD001726,C03115,1544156,5.5,6,1586051.93,2023-07-25,2024-01-25,Active
FD001727,C04895,4491057,6.5,12,4782975.71,2024-11-23,2025-11-23,Active
FD001728,C06231,379263,5.5,6,389553.14,2026-06-13,2026-12-13,Matured
FD001729,C06269,795281,7.0,36,974253.42,2022-10-11,2025-10-11,Active
FD001730,C00604,4254802,6.5,12,4531364.13,2025-11-27,2026-11-27,Active
FD001731,C03393,590392,7.2,60,835823.14,2025-05-28,2030-05-28,Closed
FD001732,C09712,111794,7.3,84,183069.73,2024-11-25,2031-11-25,Closed
FD001733,C06993,996162,6.5,12,1060912.53,2022-06-05,2023-06-05,Closed
FD001734,C02337,1427685,6.5,12,1520484.52,2025-12-01,2026-12-01,Matured
FD001735,C07942,2234048,7.4,120,4561790.26,2020-07-29,2030-07-29,Active
FD001736,C02683,1003902,6.8,24,1145074.71,2026-06-03,2028-06-03,Active
FD001737,C09130,1838723,7.4,120,3754560.63,2020-05-05,2030-05-05,Closed
FD001738,C02075,1431120,6.8,24,1632369.82,2026-01-03,2028-01-03,Active
FD001739,C02838,1212464,6.8,24,1382965.54,2025-04-19,2027-04-19,Matured
FD001740,C04287,262137,7.2,60,371109.65,2026-01-24,2031-01-24,Active
FD001741,C07603,4443998,7.3,84,7277327.31,2022-09-30,2029-09-30,Active
FD001742,C05556,658813,7.0,36,807074.25,2025-07-16,2028-07-16,Active
FD001743,C05456,1375802,6.5,12,1465229.13,2025-09-18,2026-09-18,Active
FD001744,C07155,298276,6.5,12,317663.94,2024-10-27,2025-10-27,Matured
FD001745,C05542,660366,7.0,36,808976.75,2026-06-21,2029-06-21,Matured
FD001746,C03601,3523220,7.4,120,7194201.15,2026-06-29,2036-06-29,Active
FD001747,C00827,624192,6.5,12,664764.48,2025-01-30,2026-01-30,Active
FD001748,C05863,325871,6.5,12,347052.61,2026-07-28,2027-07-28,Matured
FD001749,C09019,2616836,7.0,36,3205736.62,2026-07-19,2029-07-19,Active
FD001750,C06203,1334216,6.5,12,1420940.04,2025-10-31,2026-10-31,Active
FD001751,C02631,159406,6.5,12,169767.39,2024-08-22,2025-08-22,Matured
FD001752,C00846,1049507,6.5,12,1117724.95,2026-03-25,2027-03-25,Matured
FD001753,C08818,1033068,7.0,36,1265552.72,2026-07-22,2029-07-22,Active
FD001754,C05826,943522,6.5,12,1004850.93,2026-01-09,2027-01-09,Active
FD001755,C08839,1423939,6.5,12,1516495.03,2023-01-18,2024-01-18,Active
FD001756,C05159,112974,7.3,84,185002.06,2026-04-13,2033-04-13,Closed
FD001757,C07205,1916920,7.0,36,2348309.43,2021-08-07,2024-08-07,Closed
FD001758,C00037,3228345,6.5,12,3438187.42,2024-06-10,2025-06-10,Active
FD001759,C05783,971247,7.2,60,1375002.91,2026-01-10,2031-01-10,Active
FD001760,C01756,1412711,7.2,60,1999987.37,2024-10-08,2029-10-08,Closed
FD001761,C09534,946649,6.8,24,1079770.57,2025-12-18,2027-12-18,Active
FD001762,C04915,1645404,7.0,36,2015690.65,2025-10-29,2028-10-29,Active
FD001763,C00462,1249433,6.8,24,1425133.27,2022-02-17,2024-02-17,Active
FD001764,C07055,130765,6.8,24,149153.7,2026-06-20,2028-06-20,Active
FD001765,C00661,227905,7.2,60,322647.11,2025-03-25,2030-03-25,Active
FD001766,C05109,1177993,6.5,12,1254562.54,2026-07-11,2027-07-11,Matured
FD001767,C09283,862432,6.8,24,983710.64,2026-04-21,2028-04-21,Active
FD001768,C06867,256760,6.5,12,273449.4,2020-08-24,2021-08-24,Active
FD001769,C07466,1327392,7.2,60,1879200.51,2023-08-05,2028-08-05,Active
FD001770,C06926,399147,6.8,24,455276.65,2025-01-15,2027-01-15,Active
FD001771,C04763,278785,7.0,36,341523.61,2026-01-26,2029-01-26,Closed
FD001772,C06938,1022195,7.2,60,1447130.44,2021-08-14,2026-08-14,Active
FD001773,C05267,1565500,6.8,24,1785646.87,2023-12-25,2025-12-25,Active
FD001774,C02930,1277772,7.3,84,2092432.33,2021-12-15,2028-12-15,Matured
FD001775,C03167,1185034,6.5,12,1262061.21,2026-04-24,2027-04-24,Active
FD001776,C05300,76122,6.5,12,81069.93,2024-02-21,2025-02-21,Active
FD001777,C07819,797251,7.2,60,1128675.24,2023-06-30,2028-06-30,Closed
FD001778,C08372,239120,6.5,12,254662.8,2025-07-21,2026-07-21,Matured
FD001779,C09754,1542060,7.2,60,2183107.89,2025-05-07,2030-05-07,Matured
FD001780,C03460,1086364,5.5,6,1115839.15,2026-04-05,2026-10-05,Matured
FD001781,C06276,714873,6.5,12,761339.74,2026-03-28,2027-03-28,Active
FD001782,C00912,1660979,7.0,36,2034770.7,2025-06-25,2028-06-25,Closed
FD001783,C07853,1333609,7.3,84,2183868.94,2026-06-10,2033-06-10,Active
FD001784,C01623,1646381,5.5,6,1691050.49,2023-08-25,2024-02-25,Active
FD001785,C01876,752950,6.8,24,858832.84,2026-06-30,2028-06-30,Matured
FD001786,C04925,679521,6.5,12,723689.86,2026-07-18,2027-07-18,Active
FD001787,C02573,157605,6.8,24,179768.05,2022-08-24,2024-08-24,Active
FD001788,C04313,1661934,7.4,120,3393568.24,2024-08-15,2034-08-15,Active
FD001789,C03501,428947,6.5,12,456828.55,2025-11-22,2026-11-22,Active
FD001790,C05411,900821,5.5,6,925262.01,2023-11-07,2024-05-07,Matured
FD001791,C05311,101203,6.8,24,115434.57,2024-08-20,2026-08-20,Closed
FD001792,C02531,74119,7.0,36,90798.96,2022-11-20,2025-11-20,Active
FD001793,C07015,504817,6.8,24,575806.39,2026-02-10,2028-02-10,Active
FD001794,C00944,910149,6.8,24,1038137.79,2023-01-19,2025-01-19,Active
FD001795,C02638,63784,6.5,12,67929.96,2022-11-10,2023-11-10,Active
FD001796,C06275,920895,5.5,6,945880.66,2025-12-05,2026-06-05,Active
FD001797,C00065,1420020,6.5,12,1512321.3,2020-01-05,2021-01-05,Active
FD001798,C07096,118015,7.0,36,144573.45,2023-06-07,2026-06-07,Matured
FD001799,C06746,675877,6.5,12,719809.01,2022-04-18,2023-04-18,Active
FD001800,C02271,278353,6.8,24,317496.11,2026-08-03,2028-08-03,Active
FD001801,C04435,1459475,6.5,12,1554340.88,2025-06-27,2026-06-27,Matured
FD001802,C02070,783842,6.8,24,894069.0,2024-12-15,2026-12-15,Matured
FD001803,C08477,422075,7.4,120,861851.5,2024-05-09,2034-05-09,Matured
FD001804,C02855,1560740,7.3,84,2555810.29,2024-01-26,2031-01-26,Active
FD001805,C08527,2560664,6.5,12,2727107.16,2025-11-16,2026-11-16,Closed
FD001806,C09323,617629,7.2,60,874382.8,2023-02-17,2028-02-17,Matured
FD001807,C06461,322318,6.5,12,343268.67,2023-08-23,2024-08-23,Active
FD001808,C09317,1200994,6.5,12,1279058.61,2026-01-28,2027-01-28,Active
FD001809,C09609,490077,7.0,36,600365.4,2025-08-28,2028-08-28,Active
FD001810,C00805,279223,6.8,24,318488.46,2026-04-24,2028-04-24,Closed
FD001811,C05420,4487125,7.4,120,9162436.58,2021-10-08,2031-10-08,Active
FD001812,C06913,2938425,7.0,36,3599696.98,2024-12-23,2027-12-23,Matured
FD001813,C05858,652275,6.8,24,744000.52,2023-04-06,2025-04-06,Matured
FD001814,C08744,594546,6.8,24,678153.44,2026-05-01,2028-05-01,Closed
FD001815,C04623,792084,7.3,84,1297087.56,2024-01-22,2031-01-22,Active
FD001816,C04851,1091019,6.8,24,1244442.46,2025-10-04,2027-10-04,Active
FD001817,C09066,566428,7.2,60,801897.1,2026-06-19,2031-06-19,Closed
FD001818,C06927,538052,7.0,36,659136.84,2025-12-22,2028-12-22,Closed
FD001819,C08179,53315,6.5,12,56780.47,2025-04-13,2026-04-13,Active
FD001820,C03855,544616,7.0,36,667178.02,2026-01-01,2029-01-01,Active
FD001821,C06403,1340394,7.4,120,2737003.1,2022-09-11,2032-09-11,Active
FD001822,C02049,750013,6.5,12,798763.84,2025-09-09,2026-09-09,Matured
FD001823,C08097,495304,5.5,6,508742.55,2026-08-04,2027-02-04,Active
FD001824,C00771,640614,6.5,12,682253.91,2024-08-16,2025-08-16,Active
FD001825,C04723,1309482,6.8,24,1493626.6,2023-08-12,2025-08-12,Active
FD001826,C07941,101432,6.5,12,108025.08,2024-01-06,2025-01-06,Active
FD001827,C00292,3372302,7.0,36,4131214.96,2025-01-29,2028-01-29,Active
FD001828,C07330,111063,7.2,60,157232.86,2020-07-19,2025-07-19,Active
FD001829,C00361,758704,7.3,84,1242425.7,2026-07-20,2033-07-20,Active
FD001830,C01152,1045099,7.2,60,1479555.83,2025-02-18,2030-02-18,Active
FD001831,C01204,4089077,6.5,12,4354867.0,2024-09-27,2025-09-27,Active
FD001832,C06696,1176102,7.2,60,1665017.93,2026-07-19,2031-07-19,Active
FD001833,C04638,918122,7.3,84,1503482.74,2024-05-04,2031-05-04,Active
FD001834,C01987,596384,6.5,12,635148.96,2025-09-03,2026-09-03,Matured
FD001835,C07947,711657,6.8,24,811733.05,2025-10-13,2027-10-13,Active
FD001836,C09480,1260890,7.0,36,1544644.47,2024-07-17,2027-07-17,Matured
FD001837,C08649,791543,5.5,6,813019.09,2020-12-13,2021-06-13,Active
FD001838,C09522,180749,6.5,12,192497.68,2024-07-24,2025-07-24,Active
FD001839,C08453,1170452,7.2,60,1657019.18,2020-08-24,2025-08-24,Active
FD001840,C03569,866979,6.5,12,923332.64,2024-12-14,2025-12-14,Active
FD001841,C00600,696512,7.0,36,853257.15,2023-07-05,2026-07-05,Active
FD001842,C04200,182658,6.5,12,194530.77,2025-04-21,2026-04-21,Active
FD001843,C05831,1046743,6.5,12,1114781.29,2023-02-11,2024-02-11,Matured
FD001844,C04879,684658,6.5,12,729160.77,2025-04-05,2026-04-05,Active
FD001845,C01169,520732,6.5,12,554579.58,2026-01-24,2027-01-24,Active
FD001846,C08209,473831,7.3,84,775928.18,2025-10-15,2032-10-15,Active
FD001847,C03084,102292,7.2,60,144815.68,2026-07-19,2031-07-19,Closed
FD001848,C05153,696249,6.5,12,741505.18,2021-10-04,2022-10-04,Closed
FD001849,C00899,3122080,7.2,60,4419956.08,2021-06-22,2026-06-22,Active
FD001850,C06374,736477,6.5,12,784348.01,2026-04-06,2027-04-06,Closed
FD001851,C04372,4379751,7.0,36,5365383.3,2023-07-08,2026-07-08,Active
FD001852,C09428,356624,6.8,24,406773.89,2025-02-19,2027-02-19,Matured
FD001853,C05136,2240873,6.5,12,2386529.75,2026-07-08,2027-07-08,Active
FD001854,C08712,419350,7.0,36,513721.78,2023-04-21,2026-04-21,Active
FD001855,C06642,232611,6.5,12,247730.71,2026-05-15,2027-05-15,Closed
FD001856,C08766,266222,6.8,24,303659.2,2020-01-15,2022-01-15,Matured
FD001857,C01418,705319,5.5,6,724455.67,2025-07-18,2026-01-18,Matured
FD001858,C00974,719883,7.2,60,1019144.69,2024-08-08,2029-08-08,Active
FD001859,C08073,857594,6.5,12,913337.61,2026-07-16,2027-07-16,Active
FD001860,C00076,975086,7.0,36,1194522.28,2022-12-27,2025-12-27,Active
FD001861,C06443,380293,6.5,12,405012.04,2025-11-11,2026-11-11,Active
FD001862,C07870,1223620,6.8,24,1395690.34,2025-10-04,2027-10-04,Active
FD001863,C09069,2988681,6.8,24,3408961.28,2026-02-19,2028-02-19,Active
FD001864,C05581,644055,6.8,24,734624.59,2025-03-20,2027-03-20,Active
FD001865,C02147,703006,7.0,36,861212.58,2025-12-07,2028-12-07,Active
FD001866,C03708,1910793,5.5,6,1962636.5,2025-02-12,2025-08-12,Active
FD001867,C06630,2883235,5.5,6,2961462.73,2022-11-27,2023-05-27,Active
FD001868,C01397,772423,6.8,24,881044.21,2025-02-16,2027-02-16,Active
FD001869,C09187,3789945,7.0,36,4642845.59,2025-04-13,2028-04-13,Active
FD001870,C03684,881089,7.0,36,1079371.91,2025-08-20,2028-08-20,Matured
FD001871,C09742,2287597,5.5,6,2349663.92,2026-07-23,2027-01-23,Closed
FD001872,C03135,1026633,6.8,24,1171002.24,2025-10-27,2027-10-27,Active
FD001873,C06330,2014091,5.5,6,2068737.17,2025-03-09,2025-09-09,Active
FD001874,C04947,3954029,6.8,24,4510060.37,2021-09-25,2023-09-25,Closed
FD001875,C03355,652812,7.2,60,924191.68,2023-07-06,2028-07-06,Active
FD001876,C05312,1964409,6.5,12,2092095.58,2024-10-03,2025-10-03,Active
FD001877,C06646,2820991,7.2,60,3993701.74,2025-11-16,2030-11-16,Closed
FD001878,C00198,1951206,6.8,24,2225592.39,2022-04-23,2024-04-23,Active
FD001879,C08133,523482,6.5,12,557508.33,2025-02-21,2026-02-21,Active
FD001880,C06469,408196,6.5,12,434728.74,2024-11-13,2025-11-13,Active
FD001881,C01463,1255187,6.5,12,1336774.16,2026-05-12,2027-05-12,Active
FD001882,C04204,274356,6.5,12,292189.14,2026-03-29,2027-03-29,Active
FD001883,C08330,1711848,6.5,12,1823118.12,2023-12-29,2024-12-29,Active
FD001884,C06575,1784101,6.5,12,1900067.56,2023-04-21,2024-04-21,Active
FD001885,C04241,383489,7.4,120,783061.23,2026-06-19,2036-06-19,Active
FD001886,C00433,1479058,6.5,12,1575196.77,2025-05-13,2026-05-13,Matured
FD001887,C01608,954183,7.2,60,1350845.25,2021-09-10,2026-09-10,Active
FD001888,C02251,767647,6.8,24,875596.59,2024-02-08,2026-02-08,Active
FD001889,C02609,703425,7.0,36,861725.87,2026-05-06,2029-05-06,Matured
FD001890,C05215,2091075,6.5,12,2226994.88,2024-12-09,2025-12-09,Active
FD001891,C00766,1414734,6.8,24,1613679.55,2026-07-30,2028-07-30,Matured
FD001892,C00327,788927,6.5,12,840207.26,2025-08-12,2026-08-12,Active
FD001893,C01013,1304640,6.5,12,1389441.6,2023-06-30,2024-06-30,Matured
FD001894,C05330,858812,7.2,60,1215827.69,2024-12-05,2029-12-05,Active
FD001895,C07759,565750,5.5,6,581099.89,2024-06-03,2024-12-03,Matured
FD001896,C05120,1267958,7.3,84,2076361.28,2022-12-21,2029-12-21,Active
FD001897,C03327,51546,7.2,60,72974.12,2025-10-27,2030-10-27,Matured
FD001898,C09987,524978,6.8,24,598802.51,2024-12-30,2026-12-30,Active
FD001899,C01150,2474020,6.8,24,2821926.59,2022-05-09,2024-05-09,Active
FD001900,C07065,713953,6.5,12,760359.94,2025-08-10,2026-08-10,Matured
FD001901,C04247,1475138,6.5,12,1571021.97,2025-08-24,2026-08-24,Closed
FD001902,C01262,961688,7.0,36,1178109.15,2022-01-01,2025-01-01,Closed
FD001903,C02154,798997,6.8,24,911355.15,2026-04-20,2028-04-20,Active
FD001904,C04562,2190872,6.8,24,2498961.18,2025-12-06,2027-12-06,Active
FD001905,C06632,666949,5.5,6,685044.61,2024-06-21,2024-12-21,Closed
FD001906,C03450,161416,5.5,6,165795.53,2025-04-13,2025-10-13,Active
FD001907,C04689,426695,6.5,12,454430.17,2025-06-09,2026-06-09,Active
FD001908,C03350,115399,6.5,12,122899.93,2024-08-11,2025-08-11,Matured
FD001909,C08613,3357362,7.0,36,4112912.82,2026-07-01,2029-07-01,Matured
FD001910,C03128,901512,6.5,12,960110.28,2023-08-23,2024-08-23,Active
FD001911,C06166,413667,6.8,24,471838.51,2025-12-01,2027-12-01,Active
FD001912,C03987,856554,7.2,60,1212631.02,2023-04-13,2028-04-13,Active
FD001913,C02974,3550025,6.5,12,3780776.62,2025-04-15,2026-04-15,Closed
FD001914,C05019,576591,6.5,12,614069.41,2025-07-04,2026-07-04,Active
FD001915,C04640,82941,6.5,12,88332.16,2026-07-07,2027-07-07,Closed
FD001916,C08620,965899,7.4,120,1972307.06,2024-09-23,2034-09-23,Active
FD001917,C01051,337771,7.0,36,413784.0,2022-03-21,2025-03-21,Active
FD001918,C08412,1006361,7.2,60,1424714.11,2024-09-01,2029-09-01,Matured
FD001919,C07626,1835532,7.0,36,2248605.63,2022-05-23,2025-05-23,Active
FD001920,C08467,939453,6.8,24,1071562.64,2025-10-11,2027-10-11,Active
FD001921,C09221,795133,6.5,12,846816.64,2022-12-24,2023-12-24,Active
FD001922,C04633,112327,6.8,24,128122.87,2023-11-27,2025-11-27,Matured
FD001923,C02851,546500,7.0,36,669486.0,2024-08-18,2027-08-18,Active
FD001924,C08197,2340787,6.8,24,2669957.83,2026-03-19,2028-03-19,Active
FD001925,C08452,208817,6.8,24,238181.68,2025-03-19,2027-03-19,Matured
FD001926,C09847,524645,6.8,24,598422.68,2026-03-20,2028-03-20,Closed
FD001927,C09704,385809,6.5,12,410886.58,2024-10-10,2025-10-10,Matured
FD001928,C00652,635986,6.8,24,725420.9,2026-07-30,2028-07-30,Active
FD001929,C04213,1329410,5.5,6,1365479.46,2023-09-25,2024-03-25,Active
FD001930,C04221,377499,7.0,36,462452.51,2026-05-26,2029-05-26,Active
FD001931,C06695,2481137,6.5,12,2642410.9,2026-04-05,2027-04-05,Active
FD001932,C06073,770468,6.8,24,878814.29,2022-04-15,2024-04-15,Active
FD001933,C07343,1954359,6.8,24,2229188.78,2025-03-02,2027-03-02,Active
FD001934,C02174,745235,6.8,24,850032.93,2025-07-22,2027-07-22,Closed
FD001935,C03755,1285717,6.5,12,1369288.6,2021-10-02,2022-10-02,Active
FD001936,C00587,2556669,7.0,36,3132029.46,2022-12-17,2025-12-17,Matured
FD001937,C01953,2414355,6.5,12,2571288.07,2023-02-26,2024-02-26,Active
FD001938,C06457,1262449,6.5,12,1344508.18,2026-05-16,2027-05-16,Active
FD001939,C07216,1273701,7.2,60,1803189.69,2021-05-21,2026-05-21,Active
FD001940,C06041,1252992,6.8,24,1429192.75,2026-07-12,2028-07-12,Active
FD001941,C06599,211191,7.2,60,298984.95,2025-05-19,2030-05-19,Active
FD001942,C05963,327953,7.0,36,401756.53,2026-04-13,2029-04-13,Active
FD001943,C03223,2205500,5.5,6,2265339.47,2024-10-20,2025-04-20,Active
FD001944,C04493,1514767,7.3,84,2480526.6,2024-09-29,2031-09-29,Matured
FD001945,C03839,1923399,6.5,12,2048419.93,2025-05-25,2026-05-25,Active
FD001946,C03256,1040677,6.8,24,1187021.16,2021-01-01,2023-01-01,Matured
FD001947,C02220,327583,6.5,12,348875.89,2023-10-05,2024-10-05,Active
FD001948,C03456,1266937,6.8,24,1445098.75,2026-06-01,2028-06-01,Matured
FD001949,C01167,1090078,7.2,60,1543233.0,2023-05-22,2028-05-22,Active
FD001950,C09577,1657118,6.5,12,1764830.67,2025-05-18,2026-05-18,Active
FD001951,C09651,1453273,6.5,12,1547735.74,2025-03-04,2026-03-04,Matured
FD001952,C06156,773676,5.5,6,794667.32,2021-03-21,2021-09-21,Active
FD001953,C02729,1768681,6.5,12,1883645.26,2025-03-06,2026-03-06,Active
FD001954,C02207,1722456,6.8,24,1964674.65,2024-09-15,2026-09-15,Active
FD001955,C00598,1166777,6.5,12,1242617.5,2024-10-24,2025-10-24,Matured
FD001956,C01215,868037,6.8,24,990103.84,2022-07-10,2024-07-10,Active
FD001957,C04383,961703,5.5,6,987795.86,2024-03-05,2024-09-05,Closed
FD001958,C01677,991245,6.5,12,1055675.93,2023-07-10,2024-07-10,Active
FD001959,C00073,2274044,7.0,36,2785801.68,2021-06-30,2024-06-30,Active
FD001960,C02087,792031,7.4,120,1617279.17,2024-04-10,2034-04-10,Active
FD001961,C09196,3900547,7.0,36,4778337.8,2022-03-01,2025-03-01,Active
FD001962,C09257,616914,6.5,12,657013.41,2022-03-18,2023-03-18,Active
FD001963,C04259,2794514,6.8,24,3187489.74,2019-12-28,2021-12-28,Active
FD001964,C07409,557084,7.0,36,682451.85,2024-04-10,2027-04-10,Active
FD001965,C04810,867577,6.8,24,989579.15,2025-05-06,2027-05-06,Matured
FD001966,C08260,427312,6.5,12,455087.28,2024-12-27,2025-12-27,Active
FD001967,C08350,85551,7.2,60,121115.3,2026-03-24,2031-03-24,Active
FD001968,C07250,254889,6.8,24,290732.51,2024-09-12,2026-09-12,Matured
FD001969,C04755,1524366,6.5,12,1623449.79,2024-03-20,2025-03-20,Active
FD001970,C05694,1669668,5.5,6,1714969.31,2025-03-03,2025-09-03,Active
FD001971,C08603,109645,7.3,84,179550.61,2019-11-29,2026-11-29,Matured
FD001972,C02804,504714,7.4,120,1030595.32,2021-11-05,2031-11-05,Active
FD001973,C05193,553220,5.5,6,568229.93,2020-04-14,2020-10-14,Active
FD001974,C02562,838441,7.0,36,1027126.28,2026-04-02,2029-04-02,Closed
FD001975,C07177,437487,7.2,60,619354.19,2025-04-14,2030-04-14,Matured
FD001976,C01910,315641,6.5,12,336157.66,2025-05-22,2026-05-22,Matured
FD001977,C09798,208784,7.0,36,255769.38,2023-06-08,2026-06-08,Closed
FD001978,C05283,629618,7.2,60,891355.73,2025-06-15,2030-06-15,Matured
FD001979,C04505,750007,7.2,60,1061791.5,2025-07-29,2030-07-29,Active
FD001980,C06837,729334,7.2,60,1032524.55,2026-04-25,2031-04-25,Active
FD001981,C07504,180835,6.5,12,192589.27,2023-09-15,2024-09-15,Active
FD001982,C01698,301904,6.5,12,321527.76,2021-04-17,2022-04-17,Matured
FD001983,C01519,423145,6.8,24,482649.34,2026-01-11,2028-01-11,Active
FD001984,C08889,470833,7.0,36,576790.67,2024-09-15,2027-09-15,Active
FD001985,C03092,1081918,6.5,12,1152242.67,2023-05-20,2024-05-20,Active
FD001986,C03217,1858808,6.5,12,1979630.52,2021-09-21,2022-09-21,Active
FD001987,C01817,1902127,7.0,36,2330187.37,2022-05-21,2025-05-21,Active
FD001988,C08104,126461,5.5,6,129892.13,2019-08-24,2020-02-24,Matured
FD001989,C08237,985082,5.5,6,1011809.18,2024-03-18,2024-09-18,Active
FD001990,C03199,1419157,7.0,36,1738528.35,2025-08-22,2028-08-22,Closed
FD001991,C03015,868903,6.5,12,925381.69,2026-08-03,2027-08-03,Matured
FD001992,C09747,3332717,6.8,24,3801377.0,2025-07-14,2027-07-14,Active
FD001993,C00800,2108058,6.8,24,2404501.55,2026-06-21,2028-06-21,Active
FD001994,C03732,197009,6.8,24,224713.19,2022-03-30,2024-03-30,Active
FD001995,C03339,4093865,6.5,12,4359966.22,2020-11-22,2021-11-22,Active
FD001996,C05509,802706,6.5,12,854881.89,2023-10-09,2024-10-09,Active
FD001997,C07993,165751,7.0,36,203052.1,2025-12-28,2028-12-28,Closed
FD001998,C07270,145071,6.5,12,154500.61,2025-12-31,2026-12-31,Closed
FD001999,C08878,1476326,5.5,6,1516381.57,2023-06-21,2023-12-21,Active
FD002000,C07367,658087,7.0,36,806184.87,2026-04-14,2029-04-14,Active
