Policy_ID,Customer_ID,Policy_Type,Premium,Coverage,Start_Date,End_Date,Policy_Status
P000001,C06253,Life,35250.35,1419610,2024-03-03,2025-03-03,Active
P000002,C04685,Life,64002.64,2719583,2026-05-20,2027-05-20,Expired
P000003,C01732,Health,14728.61,1384834,2022-03-10,2023-03-10,Active
P000004,C04743,Life,30674.21,1445199,2023-05-05,2024-05-05,Active
P000005,C04522,Health,19881.22,1379796,2025-09-10,2026-09-10,Active
P000006,C06341,Vehicle,7724.39,306814,2026-07-19,2027-07-19,Active
P000007,C00577,Life,74225.28,5661907,2023-06-05,2024-06-05,Expired
P000008,C05203,Life,44982.18,2556017,2022-04-12,2023-04-12,Active
P000009,C06364,Vehicle,15093.93,577370,2026-05-04,2027-05-04,Active
P000010,C00440,Vehicle,8067.57,696922,2022-09-20,2023-09-20,Active
P000011,C02751,Life,152277.86,7067228,2025-10-16,2026-10-16,Active
P000012,C07488,Life,122812.85,4823498,2023-10-26,2024-10-26,Expired
P000013,C05273,Vehicle,7144.99,405907,2020-06-10,2021-06-10,Active
P000014,C05654,Health,14638.36,841110,2023-06-01,2024-06-01,Active
P000015,C04000,Health,44394.6,1933503,2025-11-30,2026-11-30,Active
P000016,C06034,Life,67763.18,5107245,2026-02-19,2027-02-19,Active
P000017,C00583,Vehicle,23076.2,971088,2026-07-22,2027-07-22,Active
P000018,C09931,Life,28264.95,1938483,2026-02-04,2027-02-04,Active
P000019,C07052,Life,62189.54,5491946,2023-07-24,2024-07-24,Expired
P000020,C08159,Vehicle,8978.57,629963,2025-07-23,2026-07-23,Active
P000021,C09897,Vehicle,18679.95,974079,2022-04-25,2023-04-25,Active
P000022,C02250,Health,34852.99,1677274,2026-06-30,2027-06-30,Active
P000023,C04641,Vehicle,16402.87,911878,2026-01-12,2027-01-12,Active
P000024,C09486,Health,31167.66,1568554,2024-02-28,2025-02-28,Active
P000025,C04948,Vehicle,10378.48,460265,2026-01-22,2027-01-22,Active
P000026,C09921,Life,36555.36,2065818,2024-12-14,2025-12-14,Active
P000027,C01964,Vehicle,16582.76,563626,2023-08-28,2024-08-28,Expired
P000028,C08244,Vehicle,9929.11,420116,2026-07-21,2027-07-21,Active
P000029,C06591,Life,82036.02,6707197,2019-07-23,2020-07-23,Active
P000030,C08848,Life,159521.29,5418934,2022-08-20,2023-08-20,Active
P000031,C00322,Life,76345.48,2785277,2024-04-04,2025-04-04,Active
P000032,C02679,Life,56629.55,4337174,2022-02-07,2023-02-07,Active
P000033,C04626,Life,280800.94,9897858,2022-09-19,2023-09-19,Active
P000034,C04950,Life,82225.42,2876828,2026-03-14,2027-03-14,Expired
P000035,C08329,Health,16932.02,1144903,2022-04-23,2023-04-23,Active
P000036,C03338,Life,27189.83,2321324,2025-12-24,2026-12-24,Active
P000037,C05590,Life,251580.19,9937326,2023-11-20,2024-11-20,Active
P000038,C00252,Life,57690.93,3770370,2020-06-25,2021-06-25,Expired
P000039,C03974,Life,130127.84,4553384,2023-01-06,2024-01-06,Active
P000040,C06631,Health,32390.11,1995162,2026-01-12,2027-01-12,Expired
P000041,C05548,Health,39714.39,1418762,2022-11-13,2023-11-13,Active
P000042,C00036,Life,34766.74,2074176,2026-06-01,2027-06-01,Active
P000043,C08363,Health,9756.62,961829,2026-07-01,2027-07-01,Active
P000044,C01514,Life,59893.07,2130789,2025-07-08,2026-07-08,Expired
P000045,C09318,Life,77739.6,4993055,2024-06-17,2025-06-17,Active
P000046,C00040,Life,132700.84,8930103,2025-11-17,2026-11-17,Active
P000047,C04820,Life,30831.76,2582524,2023-03-23,2024-03-23,Active
P000048,C03466,Life,241000.13,8835373,2021-01-19,2022-01-19,Active
P000049,C01761,Vehicle,11699.88,977568,2025-10-08,2026-10-08,Active
P000050,C02305,Health,10917.7,729153,2022-11-15,2023-11-15,Active
P000051,C03724,Life,110424.31,8077999,2025-11-03,2026-11-03,Active
P000052,C08285,Vehicle,7149.8,379046,2026-02-01,2027-02-01,Expired
P000053,C04994,Health,13966.09,606091,2024-07-13,2025-07-13,Active
P000054,C08128,Life,73163.75,2564689,2023-07-09,2024-07-09,Expired
P000055,C03033,Health,29803.13,1518463,2024-05-15,2025-05-15,Expired
P000056,C07939,Vehicle,8308.65,472634,2022-08-30,2023-08-30,Expired
P000057,C03040,Vehicle,12204.5,777110,2021-11-19,2022-11-19,Active
P000058,C09656,Life,120024.14,9164991,2024-10-14,2025-10-14,Active
P000059,C02546,Vehicle,22424.03,907314,2024-03-11,2025-03-11,Active
P000060,C02593,Life,39924.8,1841248,2026-06-11,2027-06-11,Active
P000061,C01189,Vehicle,5179.87,465080,2026-07-25,2027-07-25,Active
P000062,C07967,Health,14097.46,643699,2020-06-21,2021-06-21,Active
P000063,C06078,Vehicle,12274.04,425710,2025-10-09,2026-10-09,Active
P000064,C00108,Life,37314.67,1666754,2021-09-13,2022-09-13,Active
P000065,C01316,Health,26064.31,1596354,2021-11-19,2022-11-19,Active
P000066,C08188,Life,92647.91,6271130,2022-05-02,2023-05-02,Active
P000067,C02754,Vehicle,11765.61,614569,2022-08-01,2023-08-01,Expired
P000068,C09754,Vehicle,5936.9,309767,2026-07-04,2027-07-04,Expired
P000069,C06232,Vehicle,7820.01,376819,2025-01-30,2026-01-30,Active
P000070,C02877,Vehicle,18392.06,665962,2021-10-19,2022-10-19,Expired
P000071,C05324,Life,68422.78,3646552,2024-07-06,2025-07-06,Active
P000072,C00800,Life,100286.45,9874152,2026-05-12,2027-05-12,Expired
P000073,C03571,Health,22830.37,1891226,2024-08-23,2025-08-23,Expired
P000074,C02895,Health,18001.87,724470,2025-10-28,2026-10-28,Active
P000075,C02928,Health,22933.04,941722,2021-10-21,2022-10-21,Active
P000076,C08179,Vehicle,11598.54,576807,2024-12-26,2025-12-26,Active
P000077,C00972,Health,7184.97,606533,2024-03-27,2025-03-27,Active
P000078,C06688,Health,8459.52,507435,2025-11-15,2026-11-15,Active
P000079,C08576,Health,20824.4,838861,2025-09-14,2026-09-14,Active
P000080,C02021,Health,6366.89,520278,2025-07-19,2026-07-19,Expired
P000081,C09055,Life,73206.27,3500715,2025-03-21,2026-03-21,Expired
P000082,C00953,Vehicle,8466.4,455287,2025-04-15,2026-04-15,Active
P000083,C05360,Life,46705.17,1669324,2026-02-26,2027-02-26,Active
P000084,C03858,Life,46518.49,2724590,2024-07-24,2025-07-24,Active
P000085,C05862,Health,45021.7,1801621,2022-04-01,2023-04-01,Expired
P000086,C03146,Life,110016.53,3726327,2026-07-28,2027-07-28,Expired
P000087,C03306,Health,7499.87,551980,2020-12-22,2021-12-22,Expired
P000088,C03007,Health,35510.0,1363425,2026-04-21,2027-04-21,Expired
P000089,C09002,Health,13968.82,1059532,2022-12-30,2023-12-30,Active
P000090,C07771,Health,15792.59,581211,2026-07-15,2027-07-15,Active
P000091,C07439,Health,24900.51,1465325,2025-02-11,2026-02-11,Expired
P000092,C07943,Vehicle,5590.14,533752,2022-08-10,2023-08-10,Active
P000093,C09239,Life,63507.09,2164686,2020-10-21,2021-10-21,Active
P000094,C01057,Life,181775.3,7705490,2024-07-12,2025-07-12,Expired
P000095,C03155,Vehicle,4048.22,328941,2024-03-25,2025-03-25,Expired
P000096,C03788,Life,58710.79,5453786,2026-07-03,2027-07-03,Active
P000097,C09190,Life,117285.81,6262632,2022-10-02,2023-10-02,Expired
P000098,C07826,Life,63230.53,4188992,2021-07-11,2022-07-11,Active
P000099,C07540,Health,38672.91,1629215,2024-01-08,2025-01-08,Expired
P000100,C07232,Vehicle,8756.4,506606,2026-03-13,2027-03-13,Active
P000101,C00765,Health,26786.78,1192479,2021-08-04,2022-08-04,Active
P000102,C05020,Life,121631.61,6038571,2026-08-05,2027-08-05,Active
P000103,C04904,Life,125691.68,5960271,2026-07-31,2027-07-31,Active
P000104,C08094,Life,173324.79,7361002,2023-12-14,2024-12-14,Expired
P000105,C06844,Vehicle,11155.02,615568,2026-06-19,2027-06-19,Expired
P000106,C02166,Life,84178.68,4526280,2026-05-07,2027-05-07,Active
P000107,C01863,Life,165777.07,8801207,2023-05-09,2024-05-09,Active
P000108,C07851,Vehicle,11077.08,477934,2021-11-23,2022-11-23,Active
P000109,C09124,Life,78606.3,6623525,2026-02-08,2027-02-08,Expired
P000110,C02341,Life,89971.01,6207974,2026-05-25,2027-05-25,Active
P000111,C05528,Life,151592.26,5107776,2023-06-07,2024-06-07,Active
P000112,C06744,Life,158026.65,8640615,2025-06-04,2026-06-04,Active
P000113,C04004,Vehicle,13973.58,702630,2025-07-01,2026-07-01,Active
P000114,C01124,Life,30444.27,1093026,2025-09-17,2026-09-17,Expired
P000115,C08710,Health,20006.73,1391596,2025-03-26,2026-03-26,Expired
P000116,C04050,Life,96770.79,8793853,2025-10-02,2026-10-02,Active
P000117,C07641,Health,18458.91,1457269,2026-03-12,2027-03-12,Active
P000118,C00766,Health,36635.23,1672151,2026-07-29,2027-07-29,Expired
P000119,C02345,Health,46941.13,1784825,2026-03-31,2027-03-31,Expired
P000120,C04072,Vehicle,16543.75,874485,2025-01-03,2026-01-03,Active
P000121,C07217,Vehicle,11720.89,771932,2026-07-18,2027-07-18,Active
P000122,C04217,Health,31374.07,1593244,2025-11-24,2026-11-24,Active
P000123,C07953,Life,85109.03,5793722,2024-11-25,2025-11-25,Active
P000124,C05971,Vehicle,4908.98,384491,2021-07-01,2022-07-01,Active
P000125,C03351,Vehicle,5917.01,524345,2023-08-30,2024-08-30,Active
P000126,C04696,Life,89687.39,7975534,2026-06-28,2027-06-28,Expired
P000127,C03400,Vehicle,26389.21,912451,2024-09-21,2025-09-21,Active
P000128,C04082,Vehicle,15911.21,903655,2020-06-19,2021-06-19,Active
P000129,C09150,Vehicle,19190.0,708930,2025-11-08,2026-11-08,Expired
P000130,C01225,Life,92894.07,4700025,2025-10-23,2026-10-23,Active
P000131,C06293,Life,125819.79,7523941,2025-06-11,2026-06-11,Active
P000132,C03123,Life,101047.08,3768991,2026-05-18,2027-05-18,Expired
P000133,C00511,Vehicle,9064.55,860069,2024-04-24,2025-04-24,Active
P000134,C05795,Vehicle,3835.58,328418,2026-03-29,2027-03-29,Active
P000135,C08182,Health,9697.26,881113,2025-12-15,2026-12-15,Active
P000136,C09418,Health,19856.22,1185445,2025-03-05,2026-03-05,Expired
P000137,C00097,Health,20824.15,1384085,2025-06-10,2026-06-10,Active
P000138,C06682,Health,18011.72,1631243,2024-01-29,2025-01-29,Expired
P000139,C01513,Life,55124.41,2151225,2025-02-17,2026-02-17,Active
P000140,C08792,Vehicle,7822.98,559295,2023-10-26,2024-10-26,Active
P000141,C00120,Vehicle,8418.42,432352,2023-09-01,2024-09-01,Active
P000142,C07792,Vehicle,18894.52,787623,2019-10-05,2020-10-05,Active
P000143,C06518,Life,74662.45,2921542,2026-01-06,2027-01-06,Active
P000144,C00034,Health,18015.94,1713589,2021-10-24,2022-10-24,Active
P000145,C07888,Life,130850.67,7296605,2026-06-10,2027-06-10,Active
P000146,C06831,Life,61084.99,5074336,2023-02-15,2024-02-15,Active
P000147,C05422,Health,45932.49,1759154,2026-06-03,2027-06-03,Active
P000148,C01069,Life,28618.97,1689025,2024-06-09,2025-06-09,Active
P000149,C01348,Health,35828.04,1561076,2022-03-24,2023-03-24,Active
P000150,C04748,Life,111712.46,9224219,2021-02-20,2022-02-20,Expired
P000151,C06006,Life,210389.13,8713146,2023-06-01,2024-06-01,Active
P000152,C06040,Health,28710.34,1864108,2021-02-14,2022-02-14,Expired
P000153,C03818,Life,175833.62,9111742,2023-04-18,2024-04-18,Expired
P000154,C08447,Life,173218.61,6407373,2020-04-08,2021-04-08,Expired
P000155,C05270,Health,21503.6,1445400,2025-05-29,2026-05-29,Active
P000156,C06898,Life,123090.57,7358385,2026-01-19,2027-01-19,Active
P000157,C05310,Life,130741.36,9179730,2025-10-17,2026-10-17,Active
P000158,C00032,Life,118988.01,5635017,2025-04-14,2026-04-14,Active
P000159,C05675,Life,123210.02,5049282,2026-01-21,2027-01-21,Active
P000160,C04387,Life,205976.41,8987516,2025-10-13,2026-10-13,Active
P000161,C00030,Health,11042.21,695147,2023-07-10,2024-07-10,Active
P000162,C04203,Health,40935.26,1892425,2023-05-29,2024-05-29,Active
P000163,C07508,Vehicle,22334.92,746173,2021-05-14,2022-05-14,Active
P000164,C00736,Health,22380.81,1451572,2026-04-10,2027-04-10,Active
P000165,C02068,Life,69012.12,4231028,2024-04-26,2025-04-26,Active
P000166,C00107,Health,26684.9,1947377,2025-11-17,2026-11-17,Active
P000167,C09645,Vehicle,27117.18,918226,2026-04-10,2027-04-10,Active
P000168,C08895,Health,18945.12,710818,2025-01-17,2026-01-17,Active
P000169,C08021,Health,11659.87,1133901,2024-01-25,2025-01-25,Active
P000170,C02233,Health,12942.6,614349,2023-12-19,2024-12-19,Active
P000171,C00994,Vehicle,9818.84,814723,2025-02-26,2026-02-26,Active
P000172,C09413,Health,28288.1,1503936,2022-10-30,2023-10-30,Active
P000173,C07059,Life,110719.48,9014965,2025-10-28,2026-10-28,Active
P000174,C06790,Health,38629.32,1710101,2025-05-04,2026-05-04,Active
P000175,C00361,Health,48701.06,1680360,2026-07-14,2027-07-14,Active
P000176,C00305,Health,42241.59,1670363,2026-05-13,2027-05-13,Active
P000177,C02628,Life,122119.62,4786401,2023-04-17,2024-04-17,Active
P000178,C08966,Vehicle,16642.92,611797,2023-11-22,2024-11-22,Expired
P000179,C04514,Life,44618.17,2010496,2025-09-03,2026-09-03,Active
P000180,C05911,Vehicle,11657.66,517881,2026-03-08,2027-03-08,Active
P000181,C08314,Health,13517.14,1003033,2020-04-28,2021-04-28,Active
P000182,C03101,Life,203577.45,8558197,2025-11-15,2026-11-15,Active
P000183,C05704,Life,140817.88,5833597,2024-09-03,2025-09-03,Active
P000184,C03899,Health,28479.58,1941550,2026-05-04,2027-05-04,Active
P000185,C05441,Health,40336.67,1736878,2025-06-05,2026-06-05,Expired
P000186,C07931,Life,109522.82,4771676,2025-06-15,2026-06-15,Expired
P000187,C00622,Vehicle,4195.92,374878,2023-09-19,2024-09-19,Active
P000188,C07236,Life,109732.23,5842082,2022-04-15,2023-04-15,Active
P000189,C02499,Health,38782.63,1344121,2026-06-07,2027-06-07,Active
P000190,C00714,Life,51598.72,2349590,2026-08-01,2027-08-01,Expired
P000191,C08404,Vehicle,14002.45,933039,2022-06-11,2023-06-11,Active
P000192,C02856,Vehicle,19636.46,903139,2020-02-09,2021-02-09,Active
P000193,C04270,Life,118853.05,5521644,2026-08-03,2027-08-03,Active
P000194,C02909,Health,36579.91,1588346,2025-11-18,2026-11-18,Expired
P000195,C08081,Health,32335.29,1727525,2026-08-02,2027-08-02,Expired
P000196,C04517,Vehicle,13445.97,792841,2025-10-03,2026-10-03,Active
P000197,C01262,Life,61375.48,3698193,2026-06-25,2027-06-25,Active
P000198,C03161,Health,35198.55,1339809,2025-08-30,2026-08-30,Active
P000199,C00971,Vehicle,9477.14,629795,2021-03-30,2022-03-30,Active
P000200,C03913,Health,41846.13,1579186,2021-12-22,2022-12-22,Active
P000201,C05199,Health,26828.18,1468834,2026-04-16,2027-04-16,Active
P000202,C08847,Life,210751.38,9363326,2026-03-25,2027-03-25,Active
P000203,C00260,Health,20846.12,1651797,2023-09-24,2024-09-24,Active
P000204,C03791,Vehicle,10045.44,808257,2023-03-29,2024-03-29,Expired
P000205,C09203,Health,24240.25,1001843,2021-10-11,2022-10-11,Active
P000206,C00488,Life,93073.89,7844947,2023-04-03,2024-04-03,Expired
P000207,C07908,Vehicle,22685.95,783863,2026-01-14,2027-01-14,Active
P000208,C00519,Life,118978.78,5896624,2024-11-05,2025-11-05,Active
P000209,C08343,Health,22167.88,1490316,2025-02-23,2026-02-23,Active
P000210,C00312,Health,35429.28,1756985,2024-11-27,2025-11-27,Expired
P000211,C03232,Health,27472.78,1079332,2026-07-27,2027-07-27,Expired
P000212,C07933,Vehicle,12771.91,832401,2025-09-22,2026-09-22,Active
P000213,C07458,Health,37384.72,1730897,2023-06-06,2024-06-06,Active
P000214,C09784,Vehicle,15957.54,768238,2025-08-20,2026-08-20,Active
P000215,C05184,Life,140025.51,7328534,2026-05-09,2027-05-09,Active
P000216,C08077,Life,107318.93,5006492,2025-08-03,2026-08-03,Active
P000217,C06502,Health,9679.6,591535,2025-11-09,2026-11-09,Active
P000218,C06791,Health,23029.17,1299499,2026-05-12,2027-05-12,Active
P000219,C07773,Vehicle,9146.93,459493,2024-05-28,2025-05-28,Active
P000220,C02738,Health,28915.11,1737698,2025-09-03,2026-09-03,Active
P000221,C07842,Health,14550.24,709110,2026-02-13,2027-02-13,Active
P000222,C06262,Health,37283.54,1359787,2025-04-26,2026-04-26,Expired
P000223,C08206,Life,91341.86,5446344,2020-03-05,2021-03-05,Active
P000224,C01248,Vehicle,17432.36,644525,2023-11-08,2024-11-08,Expired
P000225,C09336,Life,142262.72,6312692,2022-12-05,2023-12-05,Expired
P000226,C04195,Life,35809.79,1602286,2024-02-05,2025-02-05,Active
P000227,C08001,Health,33023.54,1102677,2025-03-07,2026-03-07,Active
P000228,C07378,Life,66839.95,2651601,2021-04-26,2022-04-26,Active
P000229,C03435,Life,90532.44,3791137,2026-03-15,2027-03-15,Expired
P000230,C05382,Life,30806.85,1941524,2026-01-06,2027-01-06,Active
P000231,C00959,Vehicle,15631.98,856968,2025-11-26,2026-11-26,Active
P000232,C00417,Health,10041.01,867147,2025-09-08,2026-09-08,Expired
P000233,C05742,Life,100573.9,5040453,2024-07-23,2025-07-23,Active
P000234,C06728,Vehicle,14610.44,968891,2023-06-30,2024-06-30,Active
P000235,C04382,Vehicle,22078.94,787853,2022-05-03,2023-05-03,Active
P000236,C05197,Life,243117.39,8410995,2026-06-28,2027-06-28,Expired
P000237,C01113,Life,193276.49,8118722,2025-11-12,2026-11-12,Active
P000238,C02689,Health,35369.69,1306760,2024-10-02,2025-10-02,Active
P000239,C06473,Life,150953.79,7022335,2026-03-17,2027-03-17,Expired
P000240,C08820,Life,118348.63,7640518,2025-08-19,2026-08-19,Active
P000241,C07808,Vehicle,9914.55,351426,2019-10-29,2020-10-29,Active
P000242,C03411,Vehicle,15311.34,600096,2024-11-19,2025-11-19,Active
P000243,C00081,Vehicle,12040.01,529642,2022-09-15,2023-09-15,Active
P000244,C04614,Life,74346.45,3294774,2023-02-12,2024-02-12,Expired
P000245,C01374,Life,159350.42,6183033,2025-02-21,2026-02-21,Active
P000246,C01510,Health,9154.03,775590,2024-01-10,2025-01-10,Active
P000247,C06443,Life,55317.25,3946751,2026-01-21,2027-01-21,Active
P000248,C03071,Vehicle,14094.41,683629,2026-07-21,2027-07-21,Expired
P000249,C03016,Health,29381.25,1038905,2021-04-11,2022-04-11,Expired
P000250,C04823,Health,27896.9,1118956,2025-05-29,2026-05-29,Active
P000251,C07822,Life,29004.67,2263313,2019-11-20,2020-11-20,Expired
P000252,C00093,Vehicle,21032.31,716716,2026-08-05,2027-08-05,Expired
P000253,C09421,Vehicle,7336.1,713741,2025-11-13,2026-11-13,Active
P000254,C06600,Life,117096.44,5398338,2026-01-16,2027-01-16,Expired
P000255,C04443,Vehicle,9718.46,413609,2025-04-21,2026-04-21,Active
P000256,C07602,Life,184069.09,6503032,2025-03-27,2026-03-27,Active
P000257,C03835,Life,247745.43,8789116,2025-12-02,2026-12-02,Active
P000258,C09702,Life,36484.45,3345069,2023-07-28,2024-07-28,Active
P000259,C04322,Vehicle,5037.45,421761,2026-07-15,2027-07-15,Expired
P000260,C03394,Health,25283.01,1451359,2026-05-19,2027-05-19,Expired
P000261,C04752,Life,174665.57,8031780,2026-07-05,2027-07-05,Active
P000262,C07229,Vehicle,11821.51,986735,2022-07-11,2023-07-11,Active
P000263,C09191,Life,60657.85,5693260,2023-02-25,2024-02-25,Active
P000264,C02361,Health,26977.9,995164,2026-07-03,2027-07-03,Active
P000265,C01148,Vehicle,24415.11,870913,2024-04-07,2025-04-07,Active
P000266,C05666,Life,77652.05,5628522,2026-03-29,2027-03-29,Active
P000267,C08075,Vehicle,9192.3,776805,2024-10-31,2025-10-31,Active
P000268,C04943,Life,14957.21,1358318,2024-02-09,2025-02-09,Active
P000269,C03663,Vehicle,12580.9,892002,2025-07-01,2026-07-01,Expired
P000270,C01563,Life,121406.51,4623062,2021-09-18,2022-09-18,Active
P000271,C04113,Health,17597.88,1749864,2026-04-18,2027-04-18,Expired
P000272,C09050,Life,66176.55,3180906,2025-04-10,2026-04-10,Active
P000273,C09276,Life,18101.4,1432519,2026-01-08,2027-01-08,Active
P000274,C08538,Health,28583.45,1734914,2022-10-18,2023-10-18,Active
P000275,C00795,Vehicle,15214.98,741409,2024-09-04,2025-09-04,Active
P000276,C05854,Vehicle,13772.44,679625,2025-12-16,2026-12-16,Active
P000277,C07619,Life,42402.33,1727544,2024-06-12,2025-06-12,Expired
P000278,C01594,Life,116124.66,6060517,2023-12-22,2024-12-22,Expired
P000279,C07418,Life,243483.31,9035982,2020-09-21,2021-09-21,Active
P000280,C05267,Life,96825.2,8441741,2024-07-21,2025-07-21,Active
P000281,C07147,Life,26324.66,2101965,2022-09-29,2023-09-29,Active
P000282,C00089,Life,113737.2,6455706,2024-07-20,2025-07-20,Active
P000283,C08695,Health,34494.11,1560217,2026-06-29,2027-06-29,Active
P000284,C09732,Health,43114.07,1873032,2025-09-21,2026-09-21,Active
P000285,C09446,Health,17688.74,950936,2023-03-19,2024-03-19,Expired
P000286,C06754,Life,154733.46,8608449,2023-07-02,2024-07-02,Active
P000287,C03502,Life,145481.78,6243275,2024-09-08,2025-09-08,Active
P000288,C02234,Life,101595.06,8956894,2026-04-09,2027-04-09,Expired
P000289,C02803,Life,65218.5,2620082,2025-11-14,2026-11-14,Active
P000290,C04424,Health,13597.96,625789,2023-11-18,2024-11-18,Active
P000291,C05663,Health,13777.57,756337,2025-09-06,2026-09-06,Expired
P000292,C07170,Vehicle,20343.01,743481,2026-05-17,2027-05-17,Active
P000293,C08337,Vehicle,15104.64,929575,2022-11-09,2023-11-09,Active
P000294,C02148,Life,83191.11,3595941,2021-01-07,2022-01-07,Active
P000295,C07969,Life,88133.37,7166651,2026-06-13,2027-06-13,Active
P000296,C06551,Vehicle,20176.14,749956,2026-05-05,2027-05-05,Expired
P000297,C07643,Health,41987.93,1786756,2024-11-24,2025-11-24,Active
P000298,C06164,Life,58047.62,5487028,2023-01-10,2024-01-10,Active
P000299,C01495,Vehicle,11171.06,656331,2026-08-03,2027-08-03,Active
P000300,C07696,Health,33843.39,1878551,2024-09-16,2025-09-16,Active
P000301,C07094,Life,17922.45,1514340,2026-05-24,2027-05-24,Active
P000302,C01409,Health,24408.92,1451364,2023-01-05,2024-01-05,Active
P000303,C06691,Health,37059.58,1690329,2024-12-23,2025-12-23,Expired
P000304,C03401,Health,19744.17,1795700,2025-12-12,2026-12-12,Active
P000305,C00109,Life,159948.98,8113787,2026-03-12,2027-03-12,Active
P000306,C05636,Vehicle,10278.18,837234,2025-02-26,2026-02-26,Active
P000307,C08482,Life,188223.51,9164342,2024-02-22,2025-02-22,Active
P000308,C06604,Life,19485.92,1919088,2026-01-27,2027-01-27,Active
P000309,C01091,Health,19918.17,787802,2022-04-21,2023-04-21,Active
P000310,C05560,Vehicle,20489.59,821546,2020-12-18,2021-12-18,Active
P000311,C09412,Life,97237.84,4860617,2024-11-28,2025-11-28,Expired
P000312,C08143,Vehicle,6738.37,375576,2023-06-28,2024-06-28,Active
P000313,C08664,Health,41616.58,1464174,2026-06-06,2027-06-06,Expired
P000314,C06596,Vehicle,16302.28,901253,2021-11-17,2022-11-17,Active
P000315,C00624,Health,14057.02,1349414,2025-11-30,2026-11-30,Active
P000316,C06871,Vehicle,18206.34,948151,2025-01-18,2026-01-18,Active
P000317,C04814,Vehicle,20380.37,757925,2026-07-24,2027-07-24,Active
P000318,C06553,Life,113306.41,9790632,2025-08-28,2026-08-28,Expired
P000319,C07530,Life,78597.73,4717362,2026-03-15,2027-03-15,Active
P000320,C05796,Life,60044.05,2913049,2025-10-29,2026-10-29,Active
P000321,C07437,Life,169144.53,6890476,2023-12-11,2024-12-11,Expired
P000322,C04218,Health,12001.73,995491,2023-09-16,2024-09-16,Active
P000323,C05941,Vehicle,11601.42,460295,2024-01-04,2025-01-04,Active
P000324,C08501,Health,36124.3,1816904,2025-05-15,2026-05-15,Active
P000325,C06429,Health,34050.24,1441422,2020-11-09,2021-11-09,Expired
P000326,C06827,Health,29795.48,1809717,2025-08-13,2026-08-13,Expired
P000327,C04131,Vehicle,8650.73,761124,2026-02-21,2027-02-21,Active
P000328,C07802,Life,122419.29,5608259,2025-06-24,2026-06-24,Active
P000329,C07754,Vehicle,14929.28,784172,2026-07-29,2027-07-29,Active
P000330,C04722,Health,15130.57,660916,2022-08-18,2023-08-18,Expired
P000331,C01651,Life,168178.79,9507186,2025-01-20,2026-01-20,Active
P000332,C04141,Vehicle,6515.46,343015,2025-10-09,2026-10-09,Expired
P000333,C01618,Life,141315.28,6394323,2024-07-05,2025-07-05,Active
P000334,C02030,Vehicle,9322.98,772407,2024-08-07,2025-08-07,Expired
P000335,C08518,Life,48515.86,2414808,2026-06-23,2027-06-23,Active
P000336,C04576,Health,42285.71,1418045,2020-05-04,2021-05-04,Active
P000337,C03993,Vehicle,11898.26,681574,2026-06-08,2027-06-08,Active
P000338,C07377,Life,157426.65,6676858,2026-06-04,2027-06-04,Active
P000339,C06150,Health,13602.37,1201810,2023-07-08,2024-07-08,Active
P000340,C04909,Life,86738.13,5767195,2026-05-15,2027-05-15,Expired
P000341,C05027,Vehicle,25597.3,931977,2025-11-07,2026-11-07,Active
P000342,C08261,Life,95567.31,3372774,2022-12-12,2023-12-12,Active
P000343,C04732,Vehicle,17737.46,994299,2026-07-29,2027-07-29,Active
P000344,C07549,Vehicle,13228.48,624620,2024-03-07,2025-03-07,Active
P000345,C08135,Health,17973.03,768002,2024-01-13,2025-01-13,Expired
P000346,C01607,Health,54730.04,1937418,2024-05-27,2025-05-27,Active
P000347,C04774,Health,26998.95,1566377,2024-09-23,2025-09-23,Active
P000348,C08110,Health,15979.35,949194,2026-04-16,2027-04-16,Active
P000349,C06952,Health,10328.42,788495,2024-10-19,2025-10-19,Active
P000350,C06005,Life,241914.03,9517619,2022-05-07,2023-05-07,Expired
P000351,C07729,Vehicle,7891.38,339581,2025-01-19,2026-01-19,Expired
P000352,C03542,Life,95786.66,7320310,2026-01-27,2027-01-27,Active
P000353,C00389,Health,47391.96,1810175,2021-03-05,2022-03-05,Active
P000354,C01795,Life,136439.39,7893063,2024-12-02,2025-12-02,Active
P000355,C08732,Health,27951.46,1780511,2021-07-25,2022-07-25,Active
P000356,C04920,Vehicle,12712.97,859951,2025-06-26,2026-06-26,Expired
P000357,C05538,Health,15740.57,906881,2026-04-09,2027-04-09,Expired
P000358,C03873,Health,37276.12,1468213,2026-07-09,2027-07-09,Active
P000359,C08869,Life,235305.63,8023963,2026-04-08,2027-04-08,Expired
P000360,C02255,Vehicle,12223.04,445121,2026-01-29,2027-01-29,Active
P000361,C03413,Life,152442.41,7227905,2021-07-11,2022-07-11,Active
P000362,C05460,Health,11956.01,761468,2021-01-07,2022-01-07,Active
P000363,C04956,Vehicle,10853.31,838289,2026-03-28,2027-03-28,Active
P000364,C07397,Health,25429.41,965647,2023-05-20,2024-05-20,Expired
P000365,C05415,Vehicle,8133.43,735050,2026-02-04,2027-02-04,Active
P000366,C07400,Vehicle,6746.78,385569,2026-03-11,2027-03-11,Active
P000367,C07415,Health,45971.82,1998843,2026-04-24,2027-04-24,Active
P000368,C09101,Vehicle,17031.83,600814,2024-10-08,2025-10-08,Active
P000369,C04852,Health,38369.32,1979616,2025-12-24,2026-12-24,Active
P000370,C02026,Vehicle,4836.81,319927,2025-04-25,2026-04-25,Expired
P000371,C02616,Health,36525.23,1776914,2023-12-11,2024-12-11,Active
P000372,C07389,Life,75274.47,6052478,2025-06-14,2026-06-14,Active
P000373,C02927,Life,97580.55,8669093,2025-10-18,2026-10-18,Expired
P000374,C01122,Life,103219.83,9993490,2022-05-06,2023-05-06,Active
P000375,C02911,Health,12677.79,801102,2023-06-30,2024-06-30,Active
P000376,C08147,Life,109816.87,7988844,2024-03-17,2025-03-17,Active
P000377,C07384,Health,14262.83,1256240,2026-02-18,2027-02-18,Active
P000378,C03483,Life,200636.59,9516493,2021-10-03,2022-10-03,Active
P000379,C00796,Life,221883.14,7490791,2026-07-29,2027-07-29,Active
P000380,C01576,Vehicle,6265.75,370841,2026-05-30,2027-05-30,Active
P000381,C06177,Health,42498.81,1720339,2025-06-02,2026-06-02,Active
P000382,C06267,Life,175481.63,6679880,2026-07-30,2027-07-30,Active
P000383,C02459,Life,260478.4,8795078,2021-05-13,2022-05-13,Active
P000384,C03313,Health,8815.97,782806,2024-03-28,2025-03-28,Active
P000385,C01254,Vehicle,8527.08,607696,2024-07-24,2025-07-24,Active
P000386,C06835,Health,33307.3,1161852,2024-05-30,2025-05-30,Active
P000387,C08795,Vehicle,16925.63,869408,2022-11-02,2023-11-02,Active
P000388,C03838,Vehicle,10283.84,600009,2024-07-13,2025-07-13,Active
P000389,C04399,Health,18496.83,1196096,2023-07-21,2024-07-21,Active
P000390,C03596,Health,33293.44,1338906,2024-03-30,2025-03-30,Expired
P000391,C06622,Vehicle,9880.18,495892,2025-07-10,2026-07-10,Active
P000392,C08383,Health,24366.38,1589000,2026-03-25,2027-03-25,Active
P000393,C02125,Life,181340.1,8224389,2023-12-23,2024-12-23,Expired
P000394,C03239,Health,14144.53,1173629,2025-06-05,2026-06-05,Active
P000395,C05404,Health,31648.61,1435153,2026-07-23,2027-07-23,Active
P000396,C05999,Vehicle,12665.45,668623,2022-04-15,2023-04-15,Active
P000397,C05939,Health,53616.92,1789437,2026-01-10,2027-01-10,Active
P000398,C02046,Vehicle,4141.95,360144,2025-07-20,2026-07-20,Active
P000399,C01579,Life,107045.33,3684131,2026-06-19,2027-06-19,Active
P000400,C00015,Health,15176.69,1418915,2024-06-04,2025-06-04,Active
P000401,C02674,Vehicle,11796.34,684123,2022-08-12,2023-08-12,Expired
P000402,C07017,Health,19378.66,821783,2022-05-31,2023-05-31,Expired
P000403,C08721,Life,49183.96,2289923,2024-05-22,2025-05-22,Active
P000404,C08850,Health,29001.94,1862227,2022-09-30,2023-09-30,Expired
P000405,C04813,Life,82348.56,4121368,2025-03-19,2026-03-19,Active
P000406,C01085,Life,137489.19,5391883,2026-05-23,2027-05-23,Active
P000407,C04984,Health,28016.8,1783199,2021-09-09,2022-09-09,Expired
P000408,C07156,Life,38874.97,3057514,2024-05-10,2025-05-10,Active
P000409,C02885,Life,253568.16,8467726,2025-03-06,2026-03-06,Expired
P000410,C00334,Vehicle,14834.18,635112,2025-09-20,2026-09-20,Active
P000411,C07205,Life,163383.24,5871470,2022-10-23,2023-10-23,Expired
P000412,C04368,Vehicle,13059.52,968676,2026-05-17,2027-05-17,Active
P000413,C03080,Health,23812.41,921486,2023-12-30,2024-12-30,Active
P000414,C07204,Vehicle,14301.53,678427,2020-12-28,2021-12-28,Active
P000415,C09910,Health,20869.2,1656887,2025-05-18,2026-05-18,Expired
P000416,C08865,Vehicle,21519.19,717500,2026-05-09,2027-05-09,Active
P000417,C00264,Life,208271.23,7869154,2025-08-22,2026-08-22,Active
P000418,C04338,Health,21210.59,1847081,2021-03-29,2022-03-29,Active
P000419,C08896,Vehicle,11976.35,434568,2020-04-16,2021-04-16,Active
P000420,C08448,Life,102762.17,4052834,2023-01-15,2024-01-15,Active
P000421,C05904,Vehicle,9535.53,358104,2026-03-29,2027-03-29,Active
P000422,C01499,Vehicle,7730.28,469834,2022-03-29,2023-03-29,Active
P000423,C04191,Life,270773.53,9705660,2026-06-16,2027-06-16,Expired
P000424,C07486,Life,70075.64,5604524,2021-11-06,2022-11-06,Active
P000425,C09644,Vehicle,18871.61,826986,2018-10-29,2019-10-29,Active
P000426,C08311,Vehicle,11112.62,479516,2026-04-24,2027-04-24,Active
P000427,C07591,Health,18205.69,1681992,2023-03-10,2024-03-10,Expired
P000428,C00501,Health,46906.45,1845225,2026-05-29,2027-05-29,Active
P000429,C09156,Vehicle,16497.26,899929,2023-04-19,2024-04-19,Active
P000430,C09415,Health,37959.86,1815258,2026-04-10,2027-04-10,Active
P000431,C03096,Health,26447.23,1013546,2025-10-28,2026-10-28,Active
P000432,C04632,Vehicle,8950.66,376517,2025-09-01,2026-09-01,Active
P000433,C00368,Life,123796.05,8792046,2026-06-24,2027-06-24,Active
P000434,C04059,Health,28871.76,1169655,2023-10-16,2024-10-16,Expired
P000435,C08175,Health,19521.04,774236,2025-06-30,2026-06-30,Active
P000436,C04631,Vehicle,10698.46,553480,2025-02-11,2026-02-11,Active
P000437,C06071,Health,7741.82,703028,2023-06-01,2024-06-01,Expired
P000438,C02665,Vehicle,11051.14,738446,2021-02-19,2022-02-19,Expired
P000439,C01027,Life,186200.19,6493461,2023-04-14,2024-04-14,Active
P000440,C05909,Health,16654.36,834165,2024-07-31,2025-07-31,Active
P000441,C05051,Vehicle,12437.77,623528,2022-02-19,2023-02-19,Active
P000442,C06329,Health,42794.45,1458882,2025-04-22,2026-04-22,Active
P000443,C09734,Life,28877.79,1847927,2026-07-15,2027-07-15,Active
P000444,C01692,Health,37083.74,1910377,2025-08-27,2026-08-27,Active
P000445,C00674,Health,17797.36,1403721,2021-01-17,2022-01-17,Active
P000446,C05573,Life,134488.38,7765480,2026-01-25,2027-01-25,Active
P000447,C05767,Life,73586.63,4265774,2022-02-24,2023-02-24,Active
P000448,C05157,Vehicle,19528.22,772230,2024-11-01,2025-11-01,Active
P000449,C00734,Vehicle,11642.62,940725,2025-04-26,2026-04-26,Expired
P000450,C03527,Life,141514.78,6688907,2023-04-18,2024-04-18,Active
P000451,C00569,Vehicle,18804.55,931728,2026-07-16,2027-07-16,Active
P000452,C09188,Health,19111.3,787386,2023-12-23,2024-12-23,Expired
P000453,C02923,Health,17973.44,812351,2026-06-09,2027-06-09,Active
P000454,C07912,Vehicle,15434.99,942848,2025-12-22,2026-12-22,Active
P000455,C01559,Health,24664.34,1127539,2023-01-29,2024-01-29,Active
P000456,C00102,Life,222849.63,9218263,2026-02-16,2027-02-16,Active
P000457,C03008,Health,21155.08,1272502,2025-11-15,2026-11-15,Active
P000458,C07202,Life,159811.47,6161977,2025-09-01,2026-09-01,Active
P000459,C00304,Life,31745.99,1447065,2024-01-18,2025-01-18,Active
P000460,C00077,Life,117682.9,4817541,2026-07-13,2027-07-13,Active
P000461,C06755,Health,44430.56,1819161,2026-04-26,2027-04-26,Active
P000462,C08630,Life,53830.91,5063384,2023-12-10,2024-12-10,Expired
P000463,C01209,Life,24800.43,1317716,2026-06-24,2027-06-24,Active
P000464,C07743,Life,80490.73,4420734,2023-08-19,2024-08-19,Active
P000465,C08215,Vehicle,8809.54,365306,2025-02-25,2026-02-25,Active
P000466,C08945,Life,185113.66,9025733,2026-07-16,2027-07-16,Active
P000467,C08414,Health,27258.51,1618048,2024-04-15,2025-04-15,Active
P000468,C01776,Vehicle,25409.7,974558,2022-07-14,2023-07-14,Active
P000469,C03474,Health,15844.8,1016988,2025-11-04,2026-11-04,Active
P000470,C00484,Vehicle,15560.98,612071,2018-12-17,2019-12-17,Active
P000471,C02190,Life,150402.66,9204110,2026-05-18,2027-05-18,Active
P000472,C00347,Health,16913.55,1073482,2026-05-13,2027-05-13,Active
P000473,C05482,Vehicle,18818.44,713697,2025-09-05,2026-09-05,Expired
P000474,C08362,Vehicle,6554.25,604561,2026-07-13,2027-07-13,Expired
P000475,C01473,Life,194708.21,8421839,2026-04-30,2027-04-30,Active
P000476,C05101,Vehicle,13336.57,864739,2023-09-10,2024-09-10,Active
P000477,C06766,Life,63203.48,2832517,2025-10-24,2026-10-24,Active
P000478,C08707,Vehicle,12435.65,856837,2024-11-19,2025-11-19,Active
P000479,C04930,Health,29038.25,1192675,2022-03-31,2023-03-31,Active
P000480,C06330,Life,31836.59,1086930,2025-07-09,2026-07-09,Expired
P000481,C02610,Vehicle,28258.85,984607,2024-06-19,2025-06-19,Expired
P000482,C00004,Life,109171.7,4346315,2026-02-28,2027-02-28,Active
P000483,C02214,Vehicle,10194.48,362036,2025-01-05,2026-01-05,Active
P000484,C04828,Life,247201.32,9978365,2024-02-16,2025-02-16,Expired
P000485,C00857,Vehicle,8877.2,483568,2024-02-14,2025-02-14,Expired
P000486,C06978,Vehicle,10124.03,338105,2024-03-23,2025-03-23,Active
P000487,C05886,Life,161256.52,5856449,2022-11-12,2023-11-12,Active
P000488,C00625,Life,79999.36,2800206,2022-02-24,2023-02-24,Active
P000489,C00291,Life,194739.35,9796605,2026-04-12,2027-04-12,Expired
P000490,C02019,Vehicle,12222.5,790755,2026-08-05,2027-08-05,Expired
P000491,C00669,Life,199785.73,8699307,2026-02-27,2027-02-27,Active
P000492,C08922,Vehicle,16870.0,653487,2020-08-22,2021-08-22,Active
P000493,C08265,Health,19287.04,868039,2026-03-13,2027-03-13,Active
P000494,C09697,Life,166011.97,8175669,2023-09-04,2024-09-04,Active
P000495,C01632,Life,121501.56,4100114,2025-08-16,2026-08-16,Active
P000496,C05171,Health,7825.79,514323,2022-08-10,2023-08-10,Active
P000497,C07206,Life,104737.24,6530194,2024-04-29,2025-04-29,Active
P000498,C02523,Life,167757.73,7032283,2020-03-22,2021-03-22,Active
P000499,C02216,Vehicle,8203.04,621709,2026-06-26,2027-06-26,Active
P000500,C06969,Vehicle,14904.44,626084,2026-05-07,2027-05-07,Active
P000501,C06497,Health,28329.21,1270795,2026-03-30,2027-03-30,Active
P000502,C06214,Life,68185.99,3570027,2026-06-24,2027-06-24,Expired
P000503,C07033,Health,41383.4,1972076,2025-09-11,2026-09-11,Active
P000504,C07421,Life,117714.8,4664338,2023-08-06,2024-08-06,Active
P000505,C01108,Life,48681.93,2373555,2026-04-24,2027-04-24,Active
P000506,C00451,Health,20608.75,1683147,2024-01-11,2025-01-11,Expired
P000507,C06290,Vehicle,10983.95,511976,2022-04-29,2023-04-29,Active
P000508,C09967,Life,183279.95,9729882,2019-12-23,2020-12-23,Active
P000509,C00136,Health,18025.45,1525146,2022-10-28,2023-10-28,Active
P000510,C01786,Health,18337.96,1450916,2025-08-24,2026-08-24,Active
P000511,C03405,Life,205408.39,8757420,2023-06-16,2024-06-16,Active
P000512,C02907,Health,27214.64,1033635,2025-07-04,2026-07-04,Active
P000513,C08305,Life,32511.12,1759836,2025-06-28,2026-06-28,Active
P000514,C07493,Life,57696.65,2010921,2022-08-04,2023-08-04,Active
P000515,C06101,Vehicle,5246.37,333276,2022-07-11,2023-07-11,Active
P000516,C04505,Health,54561.59,1845375,2025-07-10,2026-07-10,Active
P000517,C05054,Life,140704.92,7416943,2023-10-18,2024-10-18,Expired
P000518,C05206,Vehicle,9086.87,384148,2024-02-23,2025-02-23,Active
P000519,C04081,Vehicle,26805.26,985280,2025-12-06,2026-12-06,Active
P000520,C06919,Health,27249.99,1324303,2025-02-24,2026-02-24,Active
P000521,C06803,Life,26587.59,1058272,2025-11-17,2026-11-17,Expired
P000522,C05207,Vehicle,16096.31,870892,2024-05-19,2025-05-19,Active
P000523,C00533,Life,147705.8,8728009,2024-06-28,2025-06-28,Active
P000524,C04831,Vehicle,4452.81,418326,2026-01-26,2027-01-26,Active
P000525,C04039,Vehicle,4687.01,316405,2023-08-19,2024-08-19,Active
P000526,C04085,Life,186404.71,8490038,2025-01-23,2026-01-23,Active
P000527,C03205,Vehicle,6250.62,346385,2019-11-12,2020-11-12,Active
P000528,C07111,Health,7916.83,618371,2026-02-26,2027-02-26,Expired
P000529,C00331,Life,136846.11,6350316,2025-02-14,2026-02-14,Active
P000530,C04958,Health,15984.34,996823,2022-03-11,2023-03-11,Active
P000531,C03034,Life,86029.62,4708481,2024-10-16,2025-10-16,Active
P000532,C07685,Health,48036.53,1740815,2026-04-05,2027-04-05,Expired
P000533,C01598,Life,172467.63,8167236,2025-11-25,2026-11-25,Active
P000534,C09920,Vehicle,22830.99,974565,2026-05-11,2027-05-11,Active
P000535,C03598,Life,145044.78,7984768,2022-06-26,2023-06-26,Active
P000536,C09039,Health,31700.05,1628117,2024-10-15,2025-10-15,Expired
P000537,C08002,Life,89362.62,3421820,2019-07-08,2020-07-08,Expired
P000538,C00591,Life,168908.79,7987842,2025-05-13,2026-05-13,Active
P000539,C00648,Health,15383.58,926428,2026-06-12,2027-06-12,Active
P000540,C09103,Life,85618.71,7225647,2025-04-29,2026-04-29,Active
P000541,C08016,Vehicle,10201.5,581502,2024-04-28,2025-04-28,Active
P000542,C03772,Vehicle,5179.38,376319,2025-11-24,2026-11-24,Active
P000543,C09040,Health,23976.95,1671994,2026-06-25,2027-06-25,Active
P000544,C05083,Health,33098.56,1135831,2026-06-03,2027-06-03,Active
P000545,C07883,Health,18604.16,746029,2026-03-13,2027-03-13,Active
P000546,C09363,Health,43266.79,1958834,2025-12-17,2026-12-17,Active
P000547,C04211,Health,27241.37,1657794,2026-02-23,2027-02-23,Active
P000548,C08835,Life,113621.73,7027375,2026-03-09,2027-03-09,Active
P000549,C08700,Health,17686.25,1477281,2022-11-13,2023-11-13,Expired
P000550,C01796,Life,180259.87,6372622,2026-07-02,2027-07-02,Active
P000551,C02587,Life,116984.64,4712363,2025-03-09,2026-03-09,Active
P000552,C08356,Health,37226.18,1724803,2026-03-16,2027-03-16,Active
P000553,C02317,Life,95402.06,6534221,2024-03-03,2025-03-03,Active
P000554,C04186,Health,38212.47,1654781,2024-02-11,2025-02-11,Active
P000555,C08828,Life,269770.09,9197701,2023-12-18,2024-12-18,Active
P000556,C07073,Health,21026.43,852811,2024-08-17,2025-08-17,Active
P000557,C05235,Life,125763.39,9192588,2026-08-03,2027-08-03,Expired
P000558,C08744,Health,12761.83,623170,2026-07-31,2027-07-31,Expired
P000559,C08671,Life,45868.59,1813936,2020-11-18,2021-11-18,Active
P000560,C04769,Health,11192.96,985351,2025-12-31,2026-12-31,Active
P000561,C09973,Health,25433.21,1456321,2024-05-02,2025-05-02,Active
P000562,C07145,Health,50659.4,1792934,2025-05-27,2026-05-27,Active
P000563,C02914,Life,208836.28,9929043,2024-11-10,2025-11-10,Active
P000564,C09872,Life,116197.05,5609384,2023-01-22,2024-01-22,Active
P000565,C09894,Vehicle,19631.39,751488,2025-12-01,2026-12-01,Expired
P000566,C02076,Life,53593.34,2615878,2025-10-24,2026-10-24,Active
P000567,C04303,Health,27076.56,1029359,2025-03-22,2026-03-22,Active
P000568,C05823,Life,211854.02,7258766,2025-09-16,2026-09-16,Active
P000569,C02150,Life,76625.65,4789255,2024-10-13,2025-10-13,Expired
P000570,C00145,Life,18179.83,1531577,2025-07-03,2026-07-03,Active
P000571,C04964,Health,14042.95,617681,2025-06-13,2026-06-13,Active
P000572,C08160,Health,32285.79,1409974,2026-04-01,2027-04-01,Active
P000573,C09031,Vehicle,11158.16,399994,2025-11-21,2026-11-21,Expired
P000574,C04776,Vehicle,17448.11,894316,2023-02-21,2024-02-21,Active
P000575,C08934,Health,30448.57,1087984,2025-08-13,2026-08-13,Active
P000576,C07750,Life,64727.23,6276177,2024-04-10,2025-04-10,Active
P000577,C09829,Life,219540.86,7682298,2025-12-19,2026-12-19,Active
P000578,C09215,Health,45069.73,1688447,2026-03-18,2027-03-18,Active
P000579,C06061,Vehicle,11451.87,647843,2024-03-27,2025-03-27,Active
P000580,C09476,Vehicle,7650.8,382237,2025-07-12,2026-07-12,Expired
P000581,C06410,Vehicle,11103.99,758320,2025-07-09,2026-07-09,Active
P000582,C03318,Life,224908.54,7655572,2026-03-03,2027-03-03,Active
P000583,C07465,Vehicle,15303.56,772436,2026-07-26,2027-07-26,Active
P000584,C03062,Health,19278.15,1405650,2025-08-01,2026-08-01,Active
P000585,C01356,Health,28591.2,1797331,2022-08-23,2023-08-23,Active
P000586,C04515,Life,71909.67,5495824,2025-12-21,2026-12-21,Active
P000587,C05506,Life,123102.35,7536772,2025-08-17,2026-08-17,Active
P000588,C05251,Vehicle,11775.96,623241,2026-02-22,2027-02-22,Active
P000589,C04512,Vehicle,5382.79,391537,2026-06-01,2027-06-01,Active
P000590,C01731,Life,94666.86,7845845,2022-11-01,2023-11-01,Active
P000591,C01759,Health,38471.96,1751841,2025-05-29,2026-05-29,Active
P000592,C06651,Life,107763.54,5896386,2021-12-08,2022-12-08,Active
P000593,C06647,Vehicle,24920.4,886716,2019-09-27,2020-09-27,Expired
P000594,C09861,Life,91153.86,3845129,2024-04-19,2025-04-19,Active
P000595,C04140,Health,21111.61,1062889,2025-10-13,2026-10-13,Active
P000596,C09394,Life,128998.82,8064924,2026-05-21,2027-05-21,Active
P000597,C05124,Health,24836.42,1017136,2024-04-27,2025-04-27,Active
P000598,C00001,Life,105390.35,8681643,2025-11-11,2026-11-11,Active
P000599,C01865,Health,32110.42,1196709,2024-10-28,2025-10-28,Active
P000600,C00544,Health,23760.17,1423214,2025-12-08,2026-12-08,Expired
P000601,C00350,Vehicle,11746.24,923266,2024-04-27,2025-04-27,Active
P000602,C06907,Health,18037.59,921216,2023-11-28,2024-11-28,Active
P000603,C09766,Health,18508.49,1169280,2025-07-11,2026-07-11,Active
P000604,C02524,Health,43784.71,1707706,2025-10-22,2026-10-22,Active
P000605,C03465,Life,131350.14,7592357,2025-08-24,2026-08-24,Expired
P000606,C00458,Life,94978.43,4018677,2022-03-14,2023-03-14,Active
P000607,C03024,Vehicle,22627.15,784045,2020-10-05,2021-10-05,Active
P000608,C07262,Vehicle,9826.77,372518,2026-07-31,2027-07-31,Active
P000609,C09516,Vehicle,10528.01,823557,2026-07-15,2027-07-15,Active
P000610,C07873,Life,87159.04,3586094,2022-06-20,2023-06-20,Active
P000611,C06626,Life,195674.57,9040224,2021-09-01,2022-09-01,Active
P000612,C02535,Vehicle,15417.14,738620,2024-10-11,2025-10-11,Active
P000613,C00132,Health,35570.43,1625973,2025-11-09,2026-11-09,Expired
P000614,C03705,Life,119571.54,5164624,2023-07-20,2024-07-20,Active
P000615,C01373,Life,37067.58,1743175,2025-12-12,2026-12-12,Active
P000616,C06201,Life,192397.87,6563269,2025-10-21,2026-10-21,Active
P000617,C04857,Life,77122.84,5340909,2024-12-22,2025-12-22,Active
P000618,C04713,Life,89060.13,4708297,2020-12-03,2021-12-03,Active
P000619,C05545,Vehicle,21836.93,917181,2025-04-29,2026-04-29,Active
P000620,C01414,Vehicle,9748.02,806222,2021-08-04,2022-08-04,Active
P000621,C04114,Health,19794.43,743415,2025-07-02,2026-07-02,Active
P000622,C00656,Health,23299.84,1219462,2023-04-08,2024-04-08,Active
P000623,C08138,Vehicle,9553.51,799292,2021-02-03,2022-02-03,Active
P000624,C04099,Life,34043.2,2126998,2024-09-08,2025-09-08,Expired
P000625,C00593,Life,155111.22,6755892,2025-08-08,2026-08-08,Active
P000626,C08709,Health,20554.0,1011522,2025-03-09,2026-03-09,Active
P000627,C03124,Life,237825.4,8153291,2025-07-28,2026-07-28,Active
P000628,C03048,Life,56209.42,4094587,2024-01-10,2025-01-10,Active
P000629,C03888,Health,49456.1,1787875,2025-12-08,2026-12-08,Active
P000630,C05736,Life,25893.6,1074659,2025-09-03,2026-09-03,Active
P000631,C02185,Health,13600.55,631205,2026-03-07,2027-03-07,Active
P000632,C02146,Life,117900.89,7136988,2024-09-17,2025-09-17,Active
P000633,C07048,Health,31376.59,1526522,2026-07-25,2027-07-25,Active
P000634,C03106,Vehicle,16797.73,941003,2024-07-21,2025-07-21,Active
P000635,C09234,Health,32631.53,1460203,2022-08-28,2023-08-28,Expired
P000636,C09097,Health,31885.94,1123787,2025-02-11,2026-02-11,Active
P000637,C02770,Vehicle,7765.27,628399,2024-01-02,2025-01-02,Active
P000638,C05222,Life,68161.98,3371602,2024-12-24,2025-12-24,Active
P000639,C05834,Health,24085.74,1304698,2026-04-21,2027-04-21,Active
P000640,C01733,Health,53027.51,1853208,2026-06-05,2027-06-05,Active
P000641,C00266,Life,74861.46,5845843,2026-02-01,2027-02-01,Active
P000642,C05145,Life,51874.74,1899447,2025-05-24,2026-05-24,Expired
P000643,C08268,Life,112417.08,4273712,2024-02-02,2025-02-02,Expired
P000644,C03938,Life,169175.65,9304216,2026-03-27,2027-03-27,Active
P000645,C00762,Health,28293.1,1430824,2024-11-02,2025-11-02,Active
P000646,C07221,Health,15247.46,962483,2026-07-21,2027-07-21,Active
P000647,C08440,Health,21843.25,852759,2023-05-24,2024-05-24,Active
P000648,C03258,Health,32305.26,1538747,2026-03-19,2027-03-19,Active
P000649,C04339,Health,43376.58,1638976,2026-05-23,2027-05-23,Active
P000650,C04363,Health,14799.08,587263,2026-01-04,2027-01-04,Active
P000651,C00317,Health,16766.62,1391614,2021-09-19,2022-09-19,Expired
P000652,C08070,Health,30915.07,1124340,2026-05-03,2027-05-03,Active
P000653,C01852,Life,46189.69,2459332,2024-07-07,2025-07-07,Expired
P000654,C02485,Life,70637.07,4975295,2025-08-12,2026-08-12,Active
P000655,C09874,Life,109000.56,8183451,2021-01-20,2022-01-20,Active
P000656,C09575,Vehicle,13498.12,516995,2025-10-03,2026-10-03,Active
P000657,C01079,Life,63007.9,3824903,2024-09-27,2025-09-27,Active
P000658,C08359,Vehicle,16857.37,580329,2026-03-21,2027-03-21,Active
P000659,C07334,Health,8894.44,699701,2024-06-21,2025-06-21,Active
P000660,C01072,Life,59539.81,1994652,2025-02-04,2026-02-04,Expired
P000661,C00104,Life,48371.92,3226183,2024-08-23,2025-08-23,Active
P000662,C05749,Health,34246.96,1918166,2020-06-15,2021-06-15,Active
P000663,C01419,Vehicle,17522.2,958309,2026-03-21,2027-03-21,Active
P000664,C01659,Life,46259.74,2561871,2023-09-17,2024-09-17,Active
P000665,C05285,Health,24325.61,1273998,2025-03-22,2026-03-22,Active
P000666,C01150,Health,17118.13,695332,2025-10-31,2026-10-31,Active
P000667,C07151,Life,189284.35,7009980,2020-06-15,2021-06-15,Active
P000668,C01569,Life,217492.69,8208215,2026-04-14,2027-04-14,Active
P000669,C01088,Health,18342.43,1094737,2024-01-23,2025-01-23,Active
P000670,C06086,Life,235569.36,9142618,2026-02-10,2027-02-10,Expired
P000671,C08675,Health,7151.12,596349,2026-06-09,2027-06-09,Active
P000672,C08342,Life,88177.51,3084353,2023-07-02,2024-07-02,Active
P000673,C07812,Vehicle,10514.83,748580,2025-07-27,2026-07-27,Active
P000674,C06085,Life,79926.88,6064462,2025-07-20,2026-07-20,Expired
P000675,C08774,Vehicle,16974.41,986385,2023-12-09,2024-12-09,Active
P000676,C08758,Life,41682.56,3777050,2026-05-28,2027-05-28,Active
P000677,C01693,Life,91590.22,4928281,2021-10-15,2022-10-15,Active
P000678,C04735,Vehicle,10232.79,523788,2021-03-13,2022-03-13,Active
P000679,C03388,Life,86242.48,8466983,2025-11-26,2026-11-26,Active
P000680,C03647,Vehicle,17739.19,742828,2025-05-13,2026-05-13,Active
P000681,C01684,Health,16919.06,687340,2024-06-20,2025-06-20,Active
P000682,C00009,Health,14368.32,1127583,2026-04-08,2027-04-08,Active
P000683,C06063,Life,73833.1,3233823,2024-07-08,2025-07-08,Active
P000684,C06517,Health,17098.04,1681307,2024-09-05,2025-09-05,Active
P000685,C04124,Vehicle,11808.83,523404,2023-07-28,2024-07-28,Active
P000686,C08730,Life,229071.24,8421969,2025-09-04,2026-09-04,Active
P000687,C06046,Health,16524.02,758279,2025-11-09,2026-11-09,Active
P000688,C00568,Vehicle,16261.89,629780,2025-02-27,2026-02-27,Active
P000689,C09162,Health,21498.62,1020443,2022-06-12,2023-06-12,Active
P000690,C01804,Life,39089.9,1450038,2023-10-15,2024-10-15,Active
P000691,C08502,Vehicle,18660.55,842899,2024-11-06,2025-11-06,Active
P000692,C04901,Life,49182.9,1915518,2025-01-22,2026-01-22,Active
P000693,C01600,Life,91593.96,7474085,2025-10-19,2026-10-19,Active
P000694,C07932,Life,273944.69,9863176,2023-03-03,2024-03-03,Active
P000695,C09548,Health,14708.66,1163691,2021-05-11,2022-05-11,Expired
P000696,C02824,Health,26500.54,1266325,2025-05-25,2026-05-25,Active
P000697,C05468,Life,22988.53,2224599,2025-05-08,2026-05-08,Active
P000698,C03530,Life,47462.45,1668183,2026-07-22,2027-07-22,Expired
P000699,C08684,Vehicle,13551.97,600404,2020-02-18,2021-02-18,Active
P000700,C01156,Vehicle,8408.14,721818,2025-05-03,2026-05-03,Active
P000701,C06548,Vehicle,6897.49,590946,2026-03-14,2027-03-14,Active
P000702,C09089,Health,17118.04,825849,2025-09-07,2026-09-07,Active
P000703,C07621,Vehicle,23181.9,981406,2025-09-21,2026-09-21,Active
P000704,C08297,Health,11163.23,1000458,2022-06-13,2023-06-13,Active
P000705,C04541,Life,191455.58,8606317,2025-11-11,2026-11-11,Active
P000706,C09135,Life,48896.96,3946849,2026-05-28,2027-05-28,Active
P000707,C06483,Health,16811.1,843581,2025-09-28,2026-09-28,Active
P000708,C05827,Health,13921.92,1043680,2025-05-20,2026-05-20,Active
P000709,C01191,Health,26227.97,1063639,2026-05-15,2027-05-15,Active
P000710,C07445,Health,31437.75,1202569,2023-04-06,2024-04-06,Active
P000711,C08521,Health,58820.59,1993850,2026-07-11,2027-07-11,Active
P000712,C00961,Life,164619.06,9569497,2026-06-17,2027-06-17,Active
P000713,C07455,Vehicle,9012.35,685548,2026-01-22,2027-01-22,Active
P000714,C00037,Vehicle,6132.23,420936,2020-09-07,2021-09-07,Active
P000715,C07517,Health,7829.24,525769,2021-10-07,2022-10-07,Active
P000716,C07645,Life,47771.72,3518002,2026-05-03,2027-05-03,Expired
P000717,C04439,Life,116441.91,8035849,2024-10-22,2025-10-22,Active
P000718,C06162,Health,18062.12,1170952,2024-07-11,2025-07-11,Active
P000719,C07745,Vehicle,19393.38,826428,2025-07-19,2026-07-19,Active
P000720,C09588,Life,286009.26,9653253,2025-09-29,2026-09-29,Expired
P000721,C08120,Life,240503.22,8802985,2023-12-12,2024-12-12,Active
P000722,C06968,Health,14346.54,681163,2023-10-24,2024-10-24,Active
P000723,C05719,Health,43220.79,1682388,2025-10-26,2026-10-26,Active
P000724,C00578,Life,156736.38,7178606,2023-06-03,2024-06-03,Active
P000725,C09834,Health,22426.64,909830,2021-07-29,2022-07-29,Active
P000726,C04103,Health,8261.66,815760,2025-06-22,2026-06-22,Active
P000727,C07647,Vehicle,15068.29,663251,2024-12-30,2025-12-30,Active
P000728,C04152,Life,66400.17,6620658,2022-02-10,2023-02-10,Active
P000729,C03131,Health,13829.18,1144896,2025-11-12,2026-11-12,Active
P000730,C04891,Health,44766.59,1531859,2024-08-07,2025-08-07,Expired
P000731,C09976,Vehicle,7038.25,593418,2025-08-03,2026-08-03,Expired
P000732,C07472,Health,29035.46,1590014,2026-01-24,2027-01-24,Expired
P000733,C01834,Vehicle,8408.96,389026,2025-03-14,2026-03-14,Active
P000734,C09149,Health,15256.16,1327014,2025-02-15,2026-02-15,Active
P000735,C04892,Life,47049.08,3192921,2024-07-24,2025-07-24,Active
P000736,C02288,Vehicle,17099.29,712040,2025-07-06,2026-07-06,Active
P000737,C01331,Health,15704.15,1070332,2022-12-27,2023-12-27,Expired
P000738,C02772,Health,21024.43,1726221,2024-12-15,2025-12-15,Active
P000739,C03687,Vehicle,11409.13,629287,2025-08-03,2026-08-03,Active
P000740,C08284,Vehicle,9856.57,517722,2023-08-14,2024-08-14,Active
P000741,C05929,Vehicle,5192.7,394813,2025-05-12,2026-05-12,Active
P000742,C00638,Vehicle,10078.32,932608,2025-10-29,2026-10-29,Expired
P000743,C00048,Health,16745.15,691287,2025-03-20,2026-03-20,Expired
P000744,C02603,Life,42879.02,1821255,2026-08-04,2027-08-04,Active
P000745,C01966,Health,16414.01,565183,2022-06-06,2023-06-06,Expired
P000746,C02169,Life,61754.26,5191831,2023-08-28,2024-08-28,Active
P000747,C05050,Health,7727.53,754705,2024-02-15,2025-02-15,Expired
P000748,C03335,Health,10808.9,774129,2026-04-27,2027-04-27,Active
P000749,C03020,Life,52166.86,2409947,2022-01-10,2023-01-10,Active
P000750,C08765,Vehicle,9667.44,322859,2024-03-27,2025-03-27,Active
P000751,C09177,Life,37422.08,3160763,2023-07-01,2024-07-01,Expired
P000752,C01361,Health,8215.98,756959,2024-12-29,2025-12-29,Active
P000753,C05799,Life,218531.64,8267158,2022-12-23,2023-12-23,Active
P000754,C09401,Health,35821.14,1932801,2025-04-25,2026-04-25,Active
P000755,C03252,Health,16793.04,1076678,2026-06-24,2027-06-24,Expired
P000756,C06301,Health,40177.82,1798507,2026-02-24,2027-02-24,Active
P000757,C02252,Vehicle,17180.78,877438,2025-04-25,2026-04-25,Active
P000758,C06028,Life,112383.19,8033593,2026-07-01,2027-07-01,Expired
P000759,C01176,Health,54468.06,1822787,2024-01-10,2025-01-10,Active
P000760,C08800,Life,190165.85,7417252,2023-09-27,2024-09-27,Active
P000761,C03280,Life,154147.17,9131572,2024-12-13,2025-12-13,Active
P000762,C02974,Health,14509.23,1067144,2023-10-28,2024-10-28,Active
P000763,C03397,Health,12167.88,1089158,2024-06-15,2025-06-15,Expired
P000764,C06940,Life,144600.37,4905100,2026-01-09,2027-01-09,Active
P000765,C00966,Life,113118.32,5471581,2026-07-29,2027-07-29,Active
P000766,C08575,Health,20656.28,960139,2024-10-23,2025-10-23,Expired
P000767,C00743,Life,52930.6,3914404,2025-01-29,2026-01-29,Active
P000768,C07515,Vehicle,19122.98,676211,2025-07-18,2026-07-18,Active
P000769,C03315,Vehicle,19043.34,895225,2024-03-29,2025-03-29,Active
P000770,C04899,Life,192963.83,9258194,2026-07-01,2027-07-01,Active
P000771,C09341,Life,28460.1,1942342,2025-10-12,2026-10-12,Active
P000772,C04673,Vehicle,5002.31,300716,2026-04-03,2027-04-03,Active
P000773,C08619,Health,29562.41,1214623,2023-12-20,2024-12-20,Expired
P000774,C01218,Health,13190.01,1178614,2026-02-18,2027-02-18,Active
P000775,C04398,Vehicle,11431.91,448533,2024-11-26,2025-11-26,Expired
P000776,C06081,Health,11393.53,652109,2026-07-15,2027-07-15,Expired
P000777,C02615,Life,45091.28,2695038,2024-07-14,2025-07-14,Active
P000778,C02621,Vehicle,19586.63,758089,2023-01-31,2024-01-31,Expired
P000779,C08715,Life,94706.76,3922635,2026-02-17,2027-02-17,Active
P000780,C07283,Vehicle,24286.05,943520,2025-09-14,2026-09-14,Active
P000781,C03380,Health,15244.16,867739,2025-11-17,2026-11-17,Active
P000782,C07302,Vehicle,11952.59,486340,2024-06-28,2025-06-28,Expired
P000783,C09858,Vehicle,19197.58,710623,2023-09-16,2024-09-16,Active
P000784,C05606,Life,89399.84,4054824,2025-11-06,2026-11-06,Expired
P000785,C09814,Vehicle,12117.29,531625,2026-01-13,2027-01-13,Active
P000786,C05787,Life,163291.51,6556084,2026-03-19,2027-03-19,Active
P000787,C08519,Health,19362.55,852085,2024-06-25,2025-06-25,Expired
P000788,C06851,Vehicle,23851.76,970147,2026-07-26,2027-07-26,Active
P000789,C01517,Health,14087.46,939739,2026-07-10,2027-07-10,Active
P000790,C05099,Life,68648.73,2812519,2025-09-07,2026-09-07,Active
P000791,C07637,Life,236249.56,8040612,2023-12-29,2024-12-29,Expired
P000792,C09086,Vehicle,11868.0,697108,2026-01-13,2027-01-13,Active
P000793,C08024,Health,39415.41,1712270,2026-05-15,2027-05-15,Active
P000794,C02393,Health,17008.51,654579,2026-01-13,2027-01-13,Active
P000795,C00587,Life,156227.73,5380995,2020-12-27,2021-12-27,Active
P000796,C03520,Life,96480.66,7299138,2024-03-13,2025-03-13,Active
P000797,C07654,Health,11651.77,695254,2025-03-08,2026-03-08,Expired
P000798,C08947,Health,21000.28,1977453,2024-03-03,2025-03-03,Expired
P000799,C00851,Health,18538.0,1410584,2024-05-27,2025-05-27,Active
P000800,C00336,Health,16338.4,898425,2022-06-17,2023-06-17,Active
P000801,C06635,Vehicle,13259.93,866362,2025-04-30,2026-04-30,Active
P000802,C08973,Vehicle,6286.85,352046,2025-01-15,2026-01-15,Active
P000803,C07494,Life,32960.09,1914439,2019-07-18,2020-07-18,Active
P000804,C02869,Vehicle,22370.81,994178,2026-06-21,2027-06-21,Active
P000805,C04873,Vehicle,6936.47,517005,2022-04-16,2023-04-16,Active
P000806,C03551,Life,47497.52,2937918,2025-08-23,2026-08-23,Active
P000807,C03843,Vehicle,15195.28,993150,2022-01-10,2023-01-10,Active
P000808,C07263,Vehicle,19093.28,689043,2026-07-13,2027-07-13,Active
P000809,C05825,Life,101818.49,5417373,2026-06-18,2027-06-18,Active
P000810,C00024,Vehicle,10015.77,891655,2026-06-22,2027-06-22,Active
P000811,C01454,Life,56956.93,2437930,2026-04-08,2027-04-08,Expired
P000812,C01685,Life,101504.64,4817030,2026-03-19,2027-03-19,Expired
P000813,C02311,Vehicle,21661.01,738967,2024-04-13,2025-04-13,Active
P000814,C09064,Health,47005.74,1701068,2026-06-23,2027-06-23,Active
P000815,C09407,Health,21367.83,1998007,2020-07-15,2021-07-15,Active
P000816,C00382,Health,40000.65,1698491,2024-09-16,2025-09-16,Active
P000817,C05815,Health,19401.85,1441704,2021-11-18,2022-11-18,Expired
P000818,C05551,Vehicle,6288.0,502087,2026-05-09,2027-05-09,Active
P000819,C09309,Health,19837.43,1413085,2026-05-04,2027-05-04,Expired
P000820,C01619,Life,87329.8,5326615,2026-06-29,2027-06-29,Active
P000821,C00790,Vehicle,6949.45,391254,2025-10-08,2026-10-08,Active
P000822,C05984,Health,22009.66,1079235,2026-06-09,2027-06-09,Expired
P000823,C08673,Life,250367.94,9767135,2023-11-10,2024-11-10,Active
P000824,C04476,Life,76408.75,2681144,2023-10-06,2024-10-06,Active
P000825,C05607,Health,30083.91,1099980,2025-10-22,2026-10-22,Expired
P000826,C09313,Vehicle,10189.74,576967,2026-07-25,2027-07-25,Active
P000827,C05649,Life,21894.47,1628569,2021-07-18,2022-07-18,Active
P000828,C06217,Life,83400.75,7739741,2025-07-20,2026-07-20,Expired
P000829,C02287,Life,54774.41,4985919,2021-11-16,2022-11-16,Active
P000830,C09994,Health,13329.03,1281064,2026-02-20,2027-02-20,Expired
P000831,C07579,Life,153176.79,5703436,2019-06-22,2020-06-22,Expired
P000832,C01184,Life,61211.73,4824490,2026-01-22,2027-01-22,Expired
P000833,C06002,Vehicle,9794.01,636454,2026-03-08,2027-03-08,Active
P000834,C05091,Life,78219.68,4153037,2024-05-12,2025-05-12,Expired
P000835,C02517,Life,229930.45,9127895,2025-11-29,2026-11-29,Expired
P000836,C04123,Health,40826.54,1580598,2025-03-17,2026-03-17,Active
P000837,C05522,Health,17111.17,1345959,2022-01-07,2023-01-07,Expired
P000838,C05628,Vehicle,4451.44,330354,2020-01-23,2021-01-23,Expired
P000839,C08361,Vehicle,5402.72,360426,2024-06-06,2025-06-06,Active
P000840,C05873,Health,27652.92,1977724,2024-10-28,2025-10-28,Active
P000841,C08613,Life,173935.38,7659586,2026-01-31,2027-01-31,Active
P000842,C07728,Vehicle,13656.31,690559,2025-05-17,2026-05-17,Active
P000843,C05969,Health,32503.61,1495271,2023-08-01,2024-08-01,Active
P000844,C01181,Health,26039.57,1042449,2024-11-28,2025-11-28,Active
P000845,C08763,Life,82288.2,7485495,2026-06-13,2027-06-13,Expired
P000846,C08236,Vehicle,14242.31,524729,2025-10-06,2026-10-06,Active
P000847,C02819,Vehicle,13408.02,582154,2024-02-04,2025-02-04,Active
P000848,C09965,Health,19650.34,1930676,2026-04-15,2027-04-15,Expired
P000849,C08704,Life,16530.86,1141997,2023-02-17,2024-02-17,Active
P000850,C06609,Health,58526.21,1994725,2024-08-24,2025-08-24,Active
P000851,C02821,Life,197769.74,7316209,2026-05-04,2027-05-04,Active
P000852,C07536,Life,142891.67,6069153,2025-05-27,2026-05-27,Expired
P000853,C02261,Life,27564.32,2716512,2020-12-07,2021-12-07,Expired
P000854,C02240,Vehicle,14699.23,692408,2019-08-12,2020-08-12,Active
P000855,C06022,Health,23537.51,1935318,2024-04-03,2025-04-03,Active
P000856,C00783,Health,30421.55,1843424,2026-05-27,2027-05-27,Active
P000857,C00933,Life,82780.57,6012883,2024-10-04,2025-10-04,Active
P000858,C06203,Health,16162.92,619065,2025-07-05,2026-07-05,Expired
P000859,C02413,Life,150233.65,6361758,2026-07-16,2027-07-16,Active
P000860,C06998,Life,90514.83,5959422,2025-06-27,2026-06-27,Active
P000861,C09116,Health,12434.61,574069,2023-09-06,2024-09-06,Expired
P000862,C01157,Health,29919.8,1219673,2025-04-08,2026-04-08,Active
P000863,C08108,Vehicle,22471.91,798844,2026-03-31,2027-03-31,Active
P000864,C05806,Life,103280.18,3851902,2026-07-23,2027-07-23,Expired
P000865,C04880,Life,51208.83,2637507,2025-07-05,2026-07-05,Active
P000866,C03310,Health,42241.43,1672374,2026-07-09,2027-07-09,Active
P000867,C08962,Health,27795.83,1203872,2024-09-20,2025-09-20,Active
P000868,C01703,Life,113255.59,6152035,2026-02-11,2027-02-11,Expired
P000869,C02493,Vehicle,14515.49,914015,2021-11-02,2022-11-02,Expired
P000870,C03707,Life,42676.57,2194801,2025-04-21,2026-04-21,Active
P000871,C08277,Life,152485.02,7403346,2023-05-01,2024-05-01,Active
P000872,C00287,Health,10404.41,816205,2025-12-24,2026-12-24,Active
P000873,C01609,Vehicle,24989.37,897062,2024-06-04,2025-06-04,Expired
P000874,C06632,Life,102977.38,4025884,2024-12-23,2025-12-23,Active
P000875,C08279,Life,64530.06,3966618,2025-11-10,2026-11-10,Active
P000876,C07316,Health,23687.88,939106,2023-09-05,2024-09-05,Active
P000877,C02253,Vehicle,20906.73,813358,2023-07-29,2024-07-29,Active
P000878,C07416,Vehicle,17110.65,754779,2024-07-19,2025-07-19,Active
P000879,C08366,Health,13160.48,1303872,2025-11-19,2026-11-19,Active
P000880,C01892,Vehicle,8762.96,314760,2025-11-30,2026-11-30,Active
P000881,C05063,Health,12651.74,537572,2023-05-18,2024-05-18,Active
P000882,C06121,Life,110074.72,6777230,2026-02-22,2027-02-22,Active
P000883,C00564,Life,81853.5,6135759,2026-01-25,2027-01-25,Expired
P000884,C00292,Life,112403.17,5879280,2025-08-09,2026-08-09,Active
P000885,C04717,Health,39125.91,1409461,2026-05-16,2027-05-16,Expired
P000886,C07709,Life,158511.73,9223833,2024-02-20,2025-02-20,Active
P000887,C06350,Health,13974.56,1345973,2023-06-08,2024-06-08,Active
P000888,C00170,Health,23272.17,942898,2024-01-28,2025-01-28,Active
P000889,C00268,Life,173198.02,7150383,2020-11-26,2021-11-26,Active
P000890,C04639,Health,27856.12,1842850,2026-07-07,2027-07-07,Active
P000891,C07078,Life,41938.77,1804641,2022-05-19,2023-05-19,Active
P000892,C03356,Life,53954.63,2942630,2026-01-16,2027-01-16,Active
P000893,C08280,Vehicle,19168.36,797440,2024-02-28,2025-02-28,Active
P000894,C00316,Life,18523.48,1156104,2025-10-15,2026-10-15,Active
P000895,C06729,Health,23942.16,1066183,2026-02-25,2027-02-25,Active
P000896,C09496,Vehicle,8295.2,410010,2023-03-07,2024-03-07,Active
P000897,C04068,Life,55530.34,2782809,2023-12-23,2024-12-23,Active
P000898,C00246,Vehicle,25000.55,848558,2026-01-16,2027-01-16,Active
P000899,C00253,Life,39814.85,3690622,2023-09-22,2024-09-22,Active
P000900,C01112,Life,150575.18,9064202,2026-07-19,2027-07-19,Active
P000901,C04802,Health,19536.85,731590,2025-10-07,2026-10-07,Active
P000902,C01714,Life,64266.41,2511336,2026-01-14,2027-01-14,Active
P000903,C00051,Vehicle,13007.04,568322,2026-05-09,2027-05-09,Active
P000904,C01836,Vehicle,11126.89,576955,2026-07-11,2027-07-11,Active
P000905,C07897,Health,15759.67,582721,2024-12-13,2025-12-13,Active
P000906,C03384,Life,201808.06,8147013,2024-03-13,2025-03-13,Active
P000907,C06411,Health,6077.7,596236,2019-12-10,2020-12-10,Active
P000908,C04314,Life,111718.89,6514013,2022-08-24,2023-08-24,Active
P000909,C00873,Life,44668.9,2559464,2022-01-07,2023-01-07,Active
P000910,C01255,Life,225636.88,7715084,2025-07-04,2026-07-04,Active
P000911,C08882,Life,234595.88,9023619,2026-07-25,2027-07-25,Active
P000912,C05852,Life,36644.86,2896774,2021-08-21,2022-08-21,Active
P000913,C05703,Health,10073.27,834276,2021-07-03,2022-07-03,Expired
P000914,C08104,Health,39904.16,1693160,2019-05-11,2020-05-11,Active
P000915,C02099,Health,27829.21,1252036,2025-03-20,2026-03-20,Expired
P000916,C05129,Health,15218.15,774004,2026-06-07,2027-06-07,Active
P000917,C00249,Health,15551.36,1424189,2025-03-15,2026-03-15,Active
P000918,C06562,Life,248561.95,9804983,2022-11-20,2023-11-20,Active
P000919,C01340,Life,136064.93,6675742,2025-11-16,2026-11-16,Active
P000920,C07018,Life,191961.08,8261982,2024-08-16,2025-08-16,Active
P000921,C02111,Health,43790.99,1918294,2024-12-10,2025-12-10,Active
P000922,C01570,Vehicle,10455.63,942686,2025-04-27,2026-04-27,Active
P000923,C01727,Health,40128.13,1484170,2025-07-30,2026-07-30,Expired
P000924,C08385,Life,151792.37,9248484,2022-05-16,2023-05-16,Active
P000925,C06941,Life,137384.52,9504862,2026-05-01,2027-05-01,Active
P000926,C04396,Life,57219.08,4942645,2026-03-22,2027-03-22,Active
P000927,C02421,Life,67198.05,2476728,2023-05-19,2024-05-19,Active
P000928,C03046,Health,38429.74,1543067,2024-01-28,2025-01-28,Active
P000929,C05504,Life,33852.72,1601160,2026-01-03,2027-01-03,Active
P000930,C03704,Life,169880.03,6110305,2023-09-07,2024-09-07,Active
P000931,C08192,Life,251024.51,8653898,2026-01-18,2027-01-18,Active
P000932,C05332,Life,127439.81,4739945,2025-08-08,2026-08-08,Active
P000933,C09809,Health,34219.04,1758188,2025-06-16,2026-06-16,Active
P000934,C00448,Health,8831.6,739124,2023-08-26,2024-08-26,Active
P000935,C07895,Life,185073.1,6958243,2020-12-01,2021-12-01,Expired
P000936,C08729,Life,170538.93,9757456,2021-07-02,2022-07-02,Active
P000937,C07829,Vehicle,10456.51,816342,2025-06-11,2026-06-11,Active
P000938,C01769,Health,10926.85,724314,2024-06-10,2025-06-10,Active
P000939,C06809,Health,18948.28,1323963,2021-11-26,2022-11-26,Expired
P000940,C04705,Life,81070.89,6669584,2025-06-12,2026-06-12,Active
P000941,C03870,Health,41583.5,1909583,2025-10-25,2026-10-25,Active
P000942,C01656,Vehicle,21578.07,990441,2025-08-03,2026-08-03,Active
P000943,C03188,Vehicle,6275.91,304548,2025-09-28,2026-09-28,Active
P000944,C00684,Vehicle,17959.01,913543,2024-05-16,2025-05-16,Active
P000945,C04171,Vehicle,11579.94,485810,2025-05-25,2026-05-25,Active
P000946,C04478,Health,12728.38,717168,2022-07-11,2023-07-11,Active
P000947,C00462,Vehicle,22892.32,828597,2021-01-31,2022-01-31,Active
P000948,C05765,Life,79908.66,5164755,2020-04-17,2021-04-17,Expired
P000949,C07523,Health,37830.91,1449686,2026-07-03,2027-07-03,Active
P000950,C04503,Vehicle,13376.67,837179,2023-05-15,2024-05-15,Active
P000951,C09710,Vehicle,19944.16,880472,2024-06-04,2025-06-04,Active
P000952,C00319,Health,26328.27,1109389,2023-11-19,2024-11-19,Expired
P000953,C01146,Vehicle,28962.61,981664,2023-01-21,2024-01-21,Active
P000954,C05095,Life,155134.83,6408662,2025-03-12,2026-03-12,Active
P000955,C01394,Life,187975.64,8004117,2025-03-14,2026-03-14,Expired
P000956,C06624,Vehicle,19438.9,742904,2024-04-01,2025-04-01,Active
P000957,C01502,Health,8901.82,804772,2026-06-16,2027-06-16,Active
P000958,C06409,Health,24849.32,837505,2025-01-16,2026-01-16,Active
P000959,C00377,Life,48593.84,2040738,2026-02-23,2027-02-23,Active
P000960,C00411,Health,9750.36,567751,2020-12-09,2021-12-09,Active
P000961,C01661,Life,118358.52,4763253,2026-01-12,2027-01-12,Active
P000962,C03152,Life,138995.54,5825775,2023-12-30,2024-12-30,Active
P000963,C01624,Life,232746.63,7988821,2024-02-21,2025-02-21,Expired
P000964,C05610,Vehicle,9735.22,878944,2023-02-17,2024-02-17,Active
P000965,C08533,Vehicle,20337.74,764586,2024-08-14,2025-08-14,Expired
P000966,C05803,Health,32248.44,1858183,2026-07-14,2027-07-14,Active
P000967,C05307,Health,23277.55,912025,2024-10-26,2025-10-26,Expired
P000968,C07087,Health,25874.07,872089,2023-02-24,2024-02-24,Active
P000969,C08898,Vehicle,10390.37,838807,2026-03-20,2027-03-20,Active
P000970,C07489,Health,13283.69,1054150,2022-05-19,2023-05-19,Active
P000971,C09616,Health,23061.3,1193240,2026-06-12,2027-06-12,Expired
P000972,C09218,Health,25811.88,1176604,2021-12-28,2022-12-28,Active
P000973,C01673,Life,119906.96,6052539,2026-07-04,2027-07-04,Active
P000974,C02359,Vehicle,12987.63,633299,2025-09-24,2026-09-24,Expired
P000975,C08468,Life,124948.7,9474848,2026-07-18,2027-07-18,Active
P000976,C00275,Life,98977.34,6862008,2025-07-10,2026-07-10,Active
P000977,C02474,Health,19944.86,1256647,2025-10-26,2026-10-26,Expired
P000978,C05490,Health,44774.62,1495847,2026-05-25,2027-05-25,Expired
P000979,C04772,Health,6374.2,518462,2022-10-27,2023-10-27,Active
P000980,C02108,Life,148537.29,5090740,2024-02-01,2025-02-01,Active
P000981,C07501,Health,13071.31,737762,2023-02-09,2024-02-09,Active
P000982,C04415,Vehicle,22263.66,841975,2022-10-09,2023-10-09,Active
P000983,C08139,Vehicle,15141.53,767200,2024-12-13,2025-12-13,Active
P000984,C08661,Health,23760.5,1171744,2020-11-01,2021-11-01,Expired
P000985,C08240,Health,33645.6,1628214,2020-02-25,2021-02-25,Active
P000986,C02418,Health,46363.16,1820187,2023-07-25,2024-07-25,Expired
P000987,C08772,Vehicle,5771.29,408975,2024-11-30,2025-11-30,Expired
P000988,C02237,Vehicle,17344.7,756379,2023-08-23,2024-08-23,Expired
P000989,C03768,Health,8615.17,822446,2026-04-16,2027-04-16,Active
P000990,C09792,Life,24708.14,2228898,2026-06-23,2027-06-23,Active
P000991,C09990,Health,45087.92,1705783,2026-03-27,2027-03-27,Expired
P000992,C09966,Life,193688.32,8568632,2025-02-24,2026-02-24,Active
P000993,C07324,Life,61776.32,2984841,2022-07-24,2023-07-24,Active
P000994,C01384,Life,42358.62,1763646,2022-11-08,2023-11-08,Active
P000995,C03102,Health,11414.43,722582,2024-06-18,2025-06-18,Active
P000996,C03922,Life,144825.26,5723078,2026-02-22,2027-02-22,Active
P000997,C06686,Life,29551.94,1517059,2022-07-16,2023-07-16,Active
P000998,C03195,Vehicle,18413.75,709985,2025-05-06,2026-05-06,Expired
P000999,C01942,Life,54542.15,3417186,2024-02-21,2025-02-21,Expired
P001000,C07714,Vehicle,17103.13,979414,2025-11-16,2026-11-16,Expired
P001001,C04897,Life,42029.22,3371859,2023-12-13,2024-12-13,Active
P001002,C04783,Vehicle,18085.4,863244,2022-12-18,2023-12-18,Active
P001003,C01497,Life,96353.14,6768873,2023-12-01,2024-12-01,Expired
P001004,C01958,Health,10558.75,798750,2025-12-12,2026-12-12,Active
P001005,C09172,Health,11155.78,907531,2025-09-24,2026-09-24,Active
P001006,C09746,Vehicle,9649.72,357030,2025-11-02,2026-11-02,Expired
P001007,C07333,Vehicle,17940.96,783671,2026-05-31,2027-05-31,Active
P001008,C07950,Life,62282.92,5205840,2025-10-26,2026-10-26,Active
P001009,C03018,Health,20465.79,1193844,2021-08-30,2022-08-30,Active
P001010,C06747,Health,24584.01,1097975,2026-02-21,2027-02-21,Expired
P001011,C00514,Life,141822.52,8560584,2024-05-03,2025-05-03,Active
P001012,C03935,Health,17466.42,819595,2025-05-17,2026-05-17,Active
P001013,C03026,Life,109467.05,8185805,2026-04-24,2027-04-24,Active
P001014,C01200,Vehicle,18197.63,971967,2020-07-04,2021-07-04,Expired
P001015,C05029,Life,180853.11,6562703,2023-06-30,2024-06-30,Active
P001016,C09785,Life,120903.32,6124966,2024-04-24,2025-04-24,Active
P001017,C00922,Health,18031.31,671911,2026-01-08,2027-01-08,Expired
P001018,C04650,Life,65570.71,4295580,2024-09-12,2025-09-12,Expired
P001019,C05333,Health,18323.58,658125,2023-04-08,2024-04-08,Expired
P001020,C01077,Health,37120.92,1720312,2026-03-01,2027-03-01,Active
P001021,C06769,Health,12132.72,576873,2022-04-15,2023-04-15,Active
P001022,C09411,Health,34388.15,1490073,2025-04-26,2026-04-26,Active
P001023,C01672,Health,42829.52,1736482,2021-01-12,2022-01-12,Active
P001024,C00475,Vehicle,9864.67,835205,2024-09-20,2025-09-20,Active
P001025,C09187,Life,135007.23,5007754,2026-06-22,2027-06-22,Expired
P001026,C08840,Life,95104.95,3782393,2026-06-29,2027-06-29,Active
P001027,C05759,Life,85348.0,3452813,2021-05-04,2022-05-04,Active
P001028,C06298,Health,24192.42,958896,2026-01-01,2027-01-01,Active
P001029,C02479,Health,10755.99,990772,2021-07-17,2022-07-17,Active
P001030,C05494,Health,22337.3,1257599,2024-05-29,2025-05-29,Expired
P001031,C03915,Health,17283.99,583686,2025-11-29,2026-11-29,Active
P001032,C02139,Health,36124.47,1593398,2025-03-12,2026-03-12,Active
P001033,C05455,Vehicle,18939.06,906739,2024-12-27,2025-12-27,Active
P001034,C05380,Vehicle,14858.58,683041,2025-07-28,2026-07-28,Expired
P001035,C08986,Health,18010.55,1027614,2025-05-03,2026-05-03,Expired
P001036,C04024,Life,182322.59,6920646,2025-08-16,2026-08-16,Active
P001037,C03486,Health,17904.4,1767122,2026-07-02,2027-07-02,Expired
P001038,C02456,Life,56076.86,4858604,2026-06-12,2027-06-12,Active
P001039,C02465,Health,11726.85,891969,2025-12-23,2026-12-23,Active
P001040,C08697,Vehicle,14507.94,993223,2019-06-28,2020-06-28,Expired
P001041,C01370,Health,35487.53,1509813,2026-06-12,2027-06-12,Active
P001042,C06689,Life,82481.11,7893744,2025-09-09,2026-09-09,Active
P001043,C07457,Life,47011.45,3703298,2020-08-09,2021-08-09,Active
P001044,C09975,Health,8983.52,807998,2026-07-04,2027-07-04,Active
P001045,C01902,Life,171553.16,7802428,2025-06-13,2026-06-13,Active
P001046,C04872,Life,166595.68,5755579,2021-07-10,2022-07-10,Active
P001047,C04711,Health,40708.01,1488625,2026-04-11,2027-04-11,Active
P001048,C07887,Health,22624.11,1760050,2023-03-09,2024-03-09,Active
P001049,C01794,Health,41908.99,1806969,2024-12-31,2025-12-31,Active
P001050,C02875,Health,34666.5,1218633,2023-02-18,2024-02-18,Active
P001051,C06218,Health,22900.98,1293166,2025-12-05,2026-12-05,Active
P001052,C05214,Health,36898.22,1557718,2025-03-24,2026-03-24,Expired
P001053,C02246,Health,17020.74,872081,2025-12-19,2026-12-19,Active
P001054,C01742,Health,32397.28,1614489,2025-07-15,2026-07-15,Active
P001055,C01021,Life,89350.03,3186555,2026-05-07,2027-05-07,Active
P001056,C00706,Vehicle,18271.65,980768,2026-03-20,2027-03-20,Active
P001057,C04295,Vehicle,15895.41,855552,2024-07-01,2025-07-01,Expired
P001058,C05577,Life,125810.07,7396087,2020-12-24,2021-12-24,Expired
P001059,C07167,Health,42207.63,1961101,2025-07-06,2026-07-06,Active
P001060,C08178,Life,138214.25,4900918,2026-01-31,2027-01-31,Active
P001061,C00909,Life,119065.62,7855954,2024-02-09,2025-02-09,Active
P001062,C05194,Life,24132.98,1119354,2025-03-14,2026-03-14,Active
P001063,C03078,Health,26420.5,1872682,2024-04-12,2025-04-12,Expired
P001064,C09367,Life,36512.67,2788169,2026-07-19,2027-07-19,Active
P001065,C00595,Life,184607.89,9994347,2022-02-28,2023-02-28,Active
P001066,C05305,Life,192466.86,7668174,2022-10-29,2023-10-29,Active
P001067,C00441,Health,20521.87,1511808,2024-01-20,2025-01-20,Active
P001068,C07607,Life,132438.69,6144785,2023-08-06,2024-08-06,Active
P001069,C04093,Health,21396.79,789550,2025-01-06,2026-01-06,Active
P001070,C06135,Health,36865.71,1436577,2026-06-22,2027-06-22,Expired
P001071,C00011,Health,28206.88,1566073,2022-11-14,2023-11-14,Active
P001072,C03777,Health,46478.4,1961835,2026-01-31,2027-01-31,Active
P001073,C09000,Life,28402.96,1088762,2025-08-26,2026-08-26,Expired
P001074,C03709,Life,97683.36,8304421,2026-06-05,2027-06-05,Active
P001075,C03781,Vehicle,10094.88,938613,2025-08-03,2026-08-03,Active
P001076,C00094,Health,41335.09,1787579,2025-12-01,2026-12-01,Active
P001077,C09240,Health,17941.57,620508,2023-07-06,2024-07-06,Expired
P001078,C03950,Health,14510.21,1420591,2022-11-30,2023-11-30,Expired
P001079,C05786,Vehicle,13257.15,843323,2022-10-13,2023-10-13,Active
P001080,C04871,Life,231394.66,9653916,2021-09-25,2022-09-25,Active
P001081,C04803,Vehicle,10012.7,677214,2022-12-12,2023-12-12,Active
P001082,C04868,Life,144077.14,5629452,2025-05-27,2026-05-27,Active
P001083,C00293,Life,88760.39,4360650,2025-09-11,2026-09-11,Active
P001084,C07889,Vehicle,8282.23,394545,2026-04-10,2027-04-10,Active
P001085,C07406,Life,115935.76,6840069,2025-12-02,2026-12-02,Expired
P001086,C05596,Health,17337.43,907948,2020-02-20,2021-02-20,Active
P001087,C02887,Life,71420.45,3936596,2025-05-30,2026-05-30,Active
P001088,C06455,Health,18766.35,1117090,2025-12-15,2026-12-15,Active
P001089,C02543,Life,146511.37,5323377,2024-02-09,2025-02-09,Expired
P001090,C01766,Life,247130.77,8428425,2025-12-31,2026-12-31,Active
P001091,C06801,Health,35429.78,1212320,2022-04-27,2023-04-27,Active
P001092,C01878,Health,47144.09,1730664,2022-12-31,2023-12-31,Active
P001093,C01982,Life,168239.74,7420191,2025-12-24,2026-12-24,Expired
P001094,C09730,Life,126312.94,4857587,2025-12-24,2026-12-24,Active
P001095,C09609,Life,101809.53,9986747,2025-11-15,2026-11-15,Expired
P001096,C02686,Life,46033.14,2560439,2024-07-24,2025-07-24,Active
P001097,C08931,Health,47607.61,1662978,2024-03-15,2025-03-15,Active
P001098,C03459,Vehicle,13867.68,901581,2025-10-24,2026-10-24,Expired
P001099,C04542,Life,83725.76,4190481,2025-08-24,2026-08-24,Active
P001100,C02179,Health,14935.58,1056595,2026-04-06,2027-04-06,Active
P001101,C04451,Health,30770.61,1797291,2024-05-23,2025-05-23,Active
P001102,C03860,Health,15628.89,664600,2025-08-28,2026-08-28,Active
P001103,C07624,Life,46076.54,1709057,2025-11-28,2026-11-28,Active
P001104,C07655,Vehicle,24704.28,902427,2026-07-15,2027-07-15,Active
P001105,C04520,Vehicle,13045.46,835962,2023-01-19,2024-01-19,Active
P001106,C02518,Life,39151.4,1908455,2024-09-15,2025-09-15,Active
P001107,C04837,Health,11393.89,568288,2019-04-02,2020-04-02,Active
P001108,C02886,Life,75286.59,3932663,2024-12-13,2025-12-13,Active
P001109,C07282,Health,27636.49,1161968,2024-02-04,2025-02-04,Active
P001110,C06256,Life,44412.89,2690268,2026-07-18,2027-07-18,Active
P001111,C04540,Health,25180.43,1650420,2025-02-07,2026-02-07,Active
P001112,C05640,Vehicle,11426.08,659762,2022-11-24,2023-11-24,Active
P001113,C09460,Life,125372.62,7246319,2026-07-10,2027-07-10,Active
P001114,C03482,Vehicle,11349.98,899166,2026-05-30,2027-05-30,Active
P001115,C01278,Life,65326.71,2675536,2019-12-05,2020-12-05,Expired
P001116,C03147,Life,102880.4,7390162,2026-07-31,2027-07-31,Expired
P001117,C08263,Life,233333.51,8935405,2024-05-15,2025-05-15,Active
P001118,C03206,Health,37071.39,1822573,2020-11-09,2021-11-09,Active
P001119,C09893,Health,16960.25,1129217,2020-09-01,2021-09-01,Expired
P001120,C02743,Life,63349.3,2660521,2024-06-04,2025-06-04,Active
P001121,C06077,Vehicle,21415.17,799687,2026-01-01,2027-01-01,Active
P001122,C04048,Health,17990.23,1044775,2020-10-23,2021-10-23,Active
P001123,C05732,Health,17566.0,1040467,2026-06-30,2027-06-30,Active
P001124,C02946,Life,93427.04,4337963,2025-04-22,2026-04-22,Active
P001125,C05791,Vehicle,10234.51,598433,2023-06-22,2024-06-22,Active
P001126,C06795,Vehicle,21362.54,768640,2026-07-28,2027-07-28,Active
P001127,C06544,Health,53159.75,1824796,2025-09-25,2026-09-25,Expired
P001128,C00701,Life,122793.99,6660436,2023-08-21,2024-08-21,Active
P001129,C03575,Life,25445.66,2196955,2024-08-22,2025-08-22,Active
P001130,C07700,Health,29588.29,1869467,2025-11-27,2026-11-27,Active
P001131,C02516,Life,154055.63,5550787,2022-09-18,2023-09-18,Active
P001132,C03001,Vehicle,18691.88,915429,2022-01-23,2023-01-23,Active
P001133,C05821,Life,17345.76,1387572,2025-12-27,2026-12-27,Active
P001134,C08582,Vehicle,5456.52,383953,2026-05-28,2027-05-28,Active
P001135,C03685,Vehicle,16694.65,796171,2024-06-20,2025-06-20,Active
P001136,C02996,Life,28948.98,2396723,2024-09-30,2025-09-30,Active
P001137,C04253,Life,122061.74,7540534,2020-11-26,2021-11-26,Active
P001138,C03412,Life,39402.25,3120836,2024-06-07,2025-06-07,Expired
P001139,C07963,Vehicle,17064.52,995781,2025-12-24,2026-12-24,Expired
P001140,C06310,Health,43652.82,1479775,2026-04-27,2027-04-27,Active
P001141,C08612,Health,18201.21,1432907,2026-07-25,2027-07-25,Expired
P001142,C05013,Life,195886.73,8659527,2021-01-16,2022-01-16,Active
P001143,C07751,Life,222992.35,9782198,2023-12-21,2024-12-21,Active
P001144,C05980,Health,31399.97,1510096,2024-11-02,2025-11-02,Expired
P001145,C04049,Vehicle,12470.76,683551,2024-10-22,2025-10-22,Active
P001146,C04900,Life,257282.74,9779789,2025-01-27,2026-01-27,Expired
P001147,C01319,Life,183664.53,8871835,2026-02-10,2027-02-10,Active
P001148,C09773,Life,143991.58,9003857,2019-03-14,2020-03-14,Active
P001149,C09138,Health,25621.89,1752007,2024-09-01,2025-09-01,Active
P001150,C07143,Health,37690.79,1363472,2023-01-13,2024-01-13,Active
P001151,C01898,Health,49468.21,1999333,2026-03-04,2027-03-04,Active
P001152,C07466,Life,62694.54,5412076,2025-12-11,2026-12-11,Active
P001153,C00604,Life,87273.94,5561139,2026-06-12,2027-06-12,Active
P001154,C02847,Vehicle,10085.55,732961,2026-05-26,2027-05-26,Active
P001155,C08208,Health,16631.24,731434,2025-10-26,2026-10-26,Active
P001156,C00394,Life,127300.51,9254323,2026-05-22,2027-05-22,Active
P001157,C04437,Life,104168.44,9975319,2023-11-15,2024-11-15,Expired
P001158,C09448,Life,75288.9,3097809,2024-10-02,2025-10-02,Active
P001159,C07235,Life,36319.52,3528052,2021-10-30,2022-10-30,Active
P001160,C05399,Vehicle,24644.64,822605,2026-01-25,2027-01-25,Active
P001161,C00096,Health,13839.26,1192581,2026-07-21,2027-07-21,Active
P001162,C01663,Vehicle,14783.52,579449,2025-07-12,2026-07-12,Active
P001163,C08971,Vehicle,13999.64,501528,2024-03-04,2025-03-04,Active
P001164,C05131,Life,15072.02,1211652,2026-07-31,2027-07-31,Active
P001165,C01489,Health,21353.24,1428956,2024-08-26,2025-08-26,Expired
P001166,C08317,Life,52617.09,2576392,2026-02-17,2027-02-17,Expired
P001167,C02708,Life,179134.13,6236326,2026-03-24,2027-03-24,Active
P001168,C01596,Health,33742.67,1652552,2026-01-07,2027-01-07,Active
P001169,C09278,Life,74582.28,4334029,2022-11-02,2023-11-02,Active
P001170,C02378,Vehicle,6158.77,418414,2023-01-10,2024-01-10,Active
P001171,C05141,Life,122184.38,5632190,2025-12-26,2026-12-26,Active
P001172,C06148,Life,36854.59,1704531,2021-08-09,2022-08-09,Active
P001173,C08242,Life,62746.51,3600333,2022-05-03,2023-05-03,Active
P001174,C03949,Vehicle,9388.91,395841,2026-02-12,2027-02-12,Active
P001175,C03934,Health,20285.06,1810997,2025-06-08,2026-06-08,Active
P001176,C04798,Life,258254.89,9998515,2024-07-25,2025-07-25,Active
P001177,C04373,Health,43062.32,1670945,2025-10-23,2026-10-23,Active
P001178,C09863,Health,35024.04,1420060,2024-06-26,2025-06-26,Active
P001179,C08243,Vehicle,6625.28,441276,2025-10-06,2026-10-06,Active
P001180,C03449,Health,26580.96,1672359,2026-06-24,2027-06-24,Active
P001181,C02944,Vehicle,10346.29,495692,2019-08-14,2020-08-14,Active
P001182,C02466,Life,41984.41,3690116,2023-03-03,2024-03-03,Active
P001183,C08583,Health,21921.28,1052283,2024-03-29,2025-03-29,Active
P001184,C05507,Health,27444.97,1561070,2026-02-07,2027-02-07,Active
P001185,C02699,Life,181402.8,7108168,2023-01-07,2024-01-07,Active
P001186,C02448,Health,55180.95,1880532,2023-12-16,2024-12-16,Expired
P001187,C00020,Vehicle,20801.53,821718,2025-07-26,2026-07-26,Active
P001188,C02749,Life,179701.02,7875379,2023-09-12,2024-09-12,Active
P001189,C05400,Life,23042.04,2118702,2024-10-20,2025-10-20,Expired
P001190,C08079,Life,21409.0,1524686,2023-01-22,2024-01-22,Active
P001191,C06872,Health,38762.45,1697499,2022-05-30,2023-05-30,Active
P001192,C04709,Life,58136.48,5293936,2026-02-23,2027-02-23,Active
P001193,C09477,Life,34884.22,1219548,2025-05-09,2026-05-09,Active
P001194,C00810,Life,45333.28,2341452,2025-10-19,2026-10-19,Active
P001195,C07478,Life,210956.72,7978536,2024-07-11,2025-07-11,Active
P001196,C02274,Health,27474.43,1793802,2026-07-22,2027-07-22,Active
P001197,C01924,Health,13146.11,1137334,2026-07-17,2027-07-17,Active
P001198,C01471,Vehicle,9951.88,406142,2025-07-22,2026-07-22,Active
P001199,C07935,Health,37101.12,1603504,2026-07-23,2027-07-23,Active
P001200,C07408,Health,41750.52,1671098,2026-01-22,2027-01-22,Active
P001201,C02407,Life,164561.16,7005628,2025-06-07,2026-06-07,Active
P001202,C01143,Health,9579.62,718318,2023-12-15,2024-12-15,Active
P001203,C01748,Life,154241.73,6662526,2024-06-25,2025-06-25,Active
P001204,C05710,Vehicle,18777.53,669438,2026-01-10,2027-01-10,Active
P001205,C04976,Vehicle,12586.25,689776,2023-03-22,2024-03-22,Active
P001206,C07301,Vehicle,14169.11,639162,2026-05-21,2027-05-21,Active
P001207,C08149,Life,90522.92,5262908,2025-11-30,2026-11-30,Active
P001208,C02834,Health,12273.19,500410,2025-10-21,2026-10-21,Expired
P001209,C03132,Health,20138.63,1585505,2024-10-11,2025-10-11,Expired
P001210,C01311,Life,67517.03,4722641,2026-01-25,2027-01-25,Active
P001211,C08651,Health,51477.14,1946445,2026-06-28,2027-06-28,Expired
P001212,C06775,Vehicle,25620.63,898388,2026-01-09,2027-01-09,Active
P001213,C06757,Vehicle,8830.31,672932,2019-04-17,2020-04-17,Active
P001214,C00621,Health,15011.53,1023987,2022-05-02,2023-05-02,Expired
P001215,C02702,Health,28617.52,1338437,2025-02-03,2026-02-03,Active
P001216,C02200,Life,166718.13,6447428,2024-05-27,2025-05-27,Active
P001217,C06197,Health,46819.29,1946185,2026-04-16,2027-04-16,Expired
P001218,C08825,Vehicle,15582.89,973452,2024-04-18,2025-04-18,Active
P001219,C01047,Life,59311.43,2316632,2024-07-19,2025-07-19,Expired
P001220,C05769,Health,25860.61,1410802,2023-09-08,2024-09-08,Expired
P001221,C09948,Health,24341.24,975461,2021-01-09,2022-01-09,Expired
P001222,C09020,Health,46737.09,1829357,2025-09-19,2026-09-19,Active
P001223,C00744,Vehicle,5623.49,343182,2026-04-06,2027-04-06,Active
P001224,C00223,Health,28303.2,1963326,2023-07-20,2024-07-20,Active
P001225,C03150,Health,38951.2,1323934,2024-10-01,2025-10-01,Active
P001226,C00626,Vehicle,5696.65,394458,2023-07-17,2024-07-17,Active
P001227,C09335,Health,12997.73,777220,2025-06-30,2026-06-30,Active
P001228,C07567,Life,117393.02,7697318,2021-07-01,2022-07-01,Active
P001229,C04583,Life,80450.36,3187332,2022-05-19,2023-05-19,Active
P001230,C05712,Life,175887.22,7632348,2024-01-27,2025-01-27,Active
P001231,C03285,Health,23871.31,1599427,2025-07-09,2026-07-09,Active
P001232,C07586,Vehicle,15143.82,639121,2026-06-16,2027-06-16,Active
P001233,C09647,Health,25255.95,1367344,2025-04-17,2026-04-17,Active
P001234,C01531,Health,40334.2,1745450,2024-07-20,2025-07-20,Active
P001235,C09686,Life,153307.75,6867267,2023-04-06,2024-04-06,Expired
P001236,C00354,Life,64824.79,3446428,2025-06-10,2026-06-10,Expired
P001237,C02475,Life,95403.06,7271672,2025-12-31,2026-12-31,Active
P001238,C08014,Health,9130.19,614374,2021-12-10,2022-12-10,Active
P001239,C06476,Health,11336.23,1103319,2022-09-04,2023-09-04,Active
P001240,C06450,Health,28045.0,1443847,2026-05-28,2027-05-28,Active
P001241,C00240,Health,13292.47,944334,2024-09-26,2025-09-26,Active
P001242,C02626,Life,204479.82,9103837,2023-08-01,2024-08-01,Expired
P001243,C09787,Life,22940.94,1308508,2026-07-27,2027-07-27,Expired
P001244,C07199,Life,70864.13,5285846,2023-11-01,2024-11-01,Active
P001245,C07693,Health,27703.91,1795966,2023-03-15,2024-03-15,Active
P001246,C02998,Health,11368.7,639665,2022-12-03,2023-12-03,Active
P001247,C06441,Health,32418.73,1884330,2022-05-18,2023-05-18,Active
P001248,C04563,Life,109452.77,7484783,2026-06-27,2027-06-27,Active
P001249,C08615,Health,19903.65,708884,2025-03-05,2026-03-05,Active
P001250,C01480,Life,34001.56,2476741,2026-02-17,2027-02-17,Active
P001251,C01019,Life,14686.84,1360516,2026-05-16,2027-05-16,Expired
P001252,C03095,Health,27292.7,1527463,2024-07-17,2025-07-17,Active
P001253,C06183,Health,21179.42,1238015,2025-08-10,2026-08-10,Active
P001254,C04961,Health,24070.85,1551200,2022-08-08,2023-08-08,Active
P001255,C08493,Health,36482.9,1311955,2022-06-05,2023-06-05,Expired
P001256,C01104,Vehicle,25559.4,881896,2024-06-03,2025-06-03,Active
P001257,C06082,Life,175642.42,7590872,2026-03-01,2027-03-01,Active
P001258,C09526,Vehicle,25867.13,942198,2022-04-17,2023-04-17,Active
P001259,C05191,Life,66014.43,3562705,2025-03-27,2026-03-27,Active
P001260,C04182,Vehicle,16070.99,770988,2026-05-25,2027-05-25,Active
P001261,C04468,Health,38725.52,1635301,2021-05-05,2022-05-05,Active
P001262,C01627,Life,275935.91,9787997,2026-07-20,2027-07-20,Active
P001263,C06718,Vehicle,10457.03,452203,2026-06-14,2027-06-14,Active
P001264,C03799,Vehicle,7847.75,371108,2026-04-01,2027-04-01,Expired
P001265,C03054,Health,31239.0,1166050,2026-04-14,2027-04-14,Active
P001266,C02868,Life,175185.33,6346688,2022-06-23,2023-06-23,Active
P001267,C01433,Life,210069.12,8432381,2023-08-02,2024-08-02,Expired
P001268,C07984,Life,72934.92,5593537,2025-10-04,2026-10-04,Active
P001269,C09347,Health,14011.68,554941,2026-02-26,2027-02-26,Active
P001270,C09420,Health,37579.48,1689175,2024-06-15,2025-06-15,Active
P001271,C04077,Life,24705.91,1437625,2025-03-01,2026-03-01,Active
P001272,C00218,Life,253817.27,9427608,2026-07-31,2027-07-31,Active
P001273,C03556,Life,110512.59,4086613,2021-05-09,2022-05-09,Active
P001274,C07937,Life,61622.25,4242361,2025-10-19,2026-10-19,Active
P001275,C08422,Vehicle,16908.35,582967,2026-06-06,2027-06-06,Active
P001276,C01035,Health,23278.22,925372,2024-01-12,2025-01-12,Active
P001277,C03774,Vehicle,20797.4,760623,2023-11-12,2024-11-12,Active
P001278,C04133,Life,240783.24,8676330,2022-12-18,2023-12-18,Active
P001279,C02336,Life,180141.16,7381619,2026-05-18,2027-05-18,Active
P001280,C06493,Vehicle,19682.29,899716,2026-06-18,2027-06-18,Active
P001281,C01483,Health,11855.15,580765,2021-03-25,2022-03-25,Active
P001282,C00907,Vehicle,9492.24,344476,2023-04-19,2024-04-19,Active
P001283,C06089,Life,35084.62,1658532,2024-02-10,2025-02-10,Active
P001284,C06467,Life,25207.68,1827040,2026-07-06,2027-07-06,Active
P001285,C05677,Vehicle,11532.38,599803,2026-02-22,2027-02-22,Active
P001286,C02771,Vehicle,8500.93,357196,2025-09-24,2026-09-24,Expired
P001287,C01806,Health,35307.49,1854973,2025-10-01,2026-10-01,Active
P001288,C07375,Life,58407.8,3270069,2024-03-25,2025-03-25,Active
P001289,C02115,Life,187785.01,8611499,2022-10-30,2023-10-30,Active
P001290,C04535,Life,101845.16,8628318,2026-02-04,2027-02-04,Active
P001291,C02532,Life,91411.32,3751363,2025-12-10,2026-12-10,Active
P001292,C08526,Life,193691.72,8539654,2024-12-15,2025-12-15,Active
P001293,C03471,Vehicle,18605.44,836521,2024-08-16,2025-08-16,Active
P001294,C01403,Life,44049.75,1736621,2026-02-28,2027-02-28,Expired
P001295,C00853,Health,51321.92,1883135,2025-01-24,2026-01-24,Active
P001296,C03083,Vehicle,6507.0,353802,2024-09-23,2025-09-23,Active
P001297,C08025,Health,22651.74,1435871,2024-04-29,2025-04-29,Active
P001298,C07566,Vehicle,5163.28,512705,2023-02-22,2024-02-22,Active
P001299,C05530,Life,253429.47,9348805,2026-02-14,2027-02-14,Active
P001300,C07855,Life,136935.45,9278999,2025-08-25,2026-08-25,Active
P001301,C04933,Vehicle,13752.77,730074,2026-07-14,2027-07-14,Active
P001302,C05160,Life,126890.99,5665960,2023-09-11,2024-09-11,Active
P001303,C09716,Vehicle,4811.62,351295,2023-08-11,2024-08-11,Active
P001304,C03847,Health,21793.19,804872,2025-09-01,2026-09-01,Active
P001305,C06484,Health,18714.58,1125877,2023-03-09,2024-03-09,Active
P001306,C00748,Health,11557.67,873813,2026-05-20,2027-05-20,Active
P001307,C03035,Life,116617.27,3976601,2026-05-29,2027-05-29,Active
P001308,C00348,Vehicle,4004.56,337581,2021-05-30,2022-05-30,Active
P001309,C03352,Life,194278.2,7357547,2026-07-07,2027-07-07,Active
P001310,C02865,Vehicle,5836.5,368079,2025-02-26,2026-02-26,Active
P001311,C02168,Life,92937.34,5603979,2024-08-31,2025-08-31,Active
P001312,C06955,Life,100247.04,4507293,2026-07-21,2027-07-21,Active
P001313,C06210,Health,37434.37,1819063,2025-10-31,2026-10-31,Active
P001314,C02778,Health,50711.33,1768311,2025-10-23,2026-10-23,Expired
P001315,C01442,Vehicle,25295.98,938419,2023-07-07,2024-07-07,Active
P001316,C05658,Life,197987.27,6936673,2026-07-05,2027-07-05,Active
P001317,C09658,Life,185612.43,9350710,2024-03-05,2025-03-05,Active
P001318,C03028,Life,173770.76,5873580,2025-10-18,2026-10-18,Active
P001319,C06118,Life,73715.12,2978465,2025-10-11,2026-10-11,Active
P001320,C02484,Life,145449.03,7956372,2019-08-20,2020-08-20,Active
P001321,C02883,Life,46655.25,4562439,2024-02-23,2025-02-23,Active
P001322,C05562,Health,10376.03,642262,2026-01-18,2027-01-18,Active
P001323,C00764,Vehicle,3761.95,306429,2025-07-13,2026-07-13,Active
P001324,C06482,Vehicle,20011.03,896557,2025-02-15,2026-02-15,Active
P001325,C01617,Health,31828.78,1193139,2026-03-06,2027-03-06,Expired
P001326,C01223,Vehicle,20692.48,797549,2026-02-27,2027-02-27,Active
P001327,C08665,Life,242994.53,8727886,2025-11-17,2026-11-17,Active
P001328,C06222,Health,39067.82,1368122,2025-11-26,2026-11-26,Active
P001329,C01577,Life,132810.07,6293259,2024-10-07,2025-10-07,Active
P001330,C09392,Life,170637.46,6565326,2024-06-23,2025-06-23,Expired
P001331,C06351,Health,12692.08,813115,2026-03-13,2027-03-13,Active
P001332,C03783,Health,37521.11,1813888,2026-07-11,2027-07-11,Active
P001333,C04375,Life,90762.84,4143696,2022-10-18,2023-10-18,Expired
P001334,C00709,Health,53743.85,1979050,2024-04-02,2025-04-02,Active
P001335,C00510,Life,48979.8,2456225,2021-04-04,2022-04-04,Active
P001336,C02955,Life,87043.47,6077267,2026-05-14,2027-05-14,Active
P001337,C07538,Vehicle,8668.81,339211,2026-03-15,2027-03-15,Expired
P001338,C06339,Life,36849.09,1418336,2024-06-02,2025-06-02,Expired
P001339,C08923,Life,190943.77,6706197,2025-12-16,2026-12-16,Active
P001340,C07064,Health,15265.1,1186477,2020-12-07,2021-12-07,Expired
P001341,C07163,Health,37241.62,1582437,2025-02-16,2026-02-16,Active
P001342,C07372,Life,154563.24,8706923,2021-12-16,2022-12-16,Expired
P001343,C06829,Life,178108.28,6217400,2023-01-28,2024-01-28,Active
P001344,C03616,Life,41012.71,2460891,2025-07-13,2026-07-13,Expired
P001345,C04657,Vehicle,24686.77,990995,2026-04-22,2027-04-22,Active
P001346,C06976,Health,51224.1,1839767,2026-06-22,2027-06-22,Active
P001347,C04351,Health,22300.79,1080176,2025-11-13,2026-11-13,Active
P001348,C00712,Health,13918.8,1071797,2025-03-29,2026-03-29,Active
P001349,C06479,Life,115951.29,9624506,2026-06-27,2027-06-27,Active
P001350,C09130,Life,71180.72,5547499,2022-02-26,2023-02-26,Active
P001351,C08205,Health,13605.87,1013435,2021-10-23,2022-10-23,Active
P001352,C09204,Vehicle,16359.75,866836,2026-02-12,2027-02-12,Active
P001353,C00713,Life,22377.01,1846511,2024-09-21,2025-09-21,Active
P001354,C09113,Vehicle,11749.87,487677,2024-01-09,2025-01-09,Expired
P001355,C01246,Life,189324.65,8479891,2023-11-15,2024-11-15,Active
P001356,C09786,Vehicle,9944.03,859399,2026-08-05,2027-08-05,Expired
P001357,C06849,Health,21364.03,1690740,2025-02-07,2026-02-07,Expired
P001358,C05134,Vehicle,9448.96,791022,2024-07-05,2025-07-05,Active
P001359,C00716,Life,170972.49,8808058,2021-11-19,2022-11-19,Expired
P001360,C03464,Health,27196.22,1793821,2025-02-06,2026-02-06,Active
P001361,C04395,Vehicle,16564.91,997492,2025-09-19,2026-09-19,Expired
P001362,C04569,Life,97345.94,9179005,2024-12-31,2025-12-31,Active
P001363,C08804,Health,39492.67,1467293,2026-07-28,2027-07-28,Active
P001364,C08490,Life,63245.13,3137316,2026-01-25,2027-01-25,Active
P001365,C07702,Health,11964.47,724356,2025-05-15,2026-05-15,Active
P001366,C00213,Health,31082.69,1617248,2021-07-16,2022-07-16,Active
P001367,C09768,Vehicle,11643.3,555528,2025-07-11,2026-07-11,Expired
P001368,C06839,Health,17203.52,1214529,2022-09-28,2023-09-28,Active
P001369,C01011,Life,177242.93,8304023,2026-05-02,2027-05-02,Active
P001370,C00324,Health,20066.36,862986,2024-12-27,2025-12-27,Active
P001371,C05397,Health,45560.66,1704160,2024-09-19,2025-09-19,Active
P001372,C05991,Life,136294.92,6458938,2024-07-28,2025-07-28,Expired
P001373,C03173,Life,88950.93,7808088,2023-05-24,2024-05-24,Active
P001374,C00335,Health,21423.8,1294633,2021-10-31,2022-10-31,Active
P001375,C08306,Health,25191.27,956364,2025-07-04,2026-07-04,Expired
P001376,C02211,Health,48046.66,1834067,2024-11-01,2025-11-01,Active
P001377,C04272,Health,29905.51,1449956,2025-04-07,2026-04-07,Active
P001378,C06741,Health,12847.87,910342,2023-12-10,2024-12-10,Expired
P001379,C00234,Vehicle,17570.78,619343,2026-05-09,2027-05-09,Expired
P001380,C05951,Health,36421.92,1221975,2024-02-24,2025-02-24,Active
P001381,C05738,Life,172945.68,9563491,2021-07-03,2022-07-03,Active
P001382,C07922,Life,201601.68,7194532,2021-05-03,2022-05-03,Expired
P001383,C02349,Life,85688.51,7027124,2021-06-27,2022-06-27,Active
P001384,C02037,Health,33791.4,1405373,2020-09-08,2021-09-08,Active
P001385,C07485,Vehicle,12709.54,701384,2025-12-11,2026-12-11,Active
P001386,C06007,Vehicle,9394.5,481833,2023-04-20,2024-04-20,Active
P001387,C04554,Vehicle,18164.24,677789,2022-11-04,2023-11-04,Active
P001388,C08073,Health,23836.3,1905230,2022-11-20,2023-11-20,Active
P001389,C01459,Vehicle,11016.24,450990,2025-05-08,2026-05-08,Active
P001390,C03289,Health,9176.2,784742,2024-08-05,2025-08-05,Active
P001391,C03065,Life,241114.6,8650891,2025-10-05,2026-10-05,Active
P001392,C09437,Vehicle,12964.05,953523,2025-10-03,2026-10-03,Active
P001393,C00775,Life,151295.33,8550515,2025-07-28,2026-07-28,Active
P001394,C06833,Life,24246.16,1124654,2021-11-04,2022-11-04,Expired
P001395,C00872,Health,23880.63,1552201,2026-05-25,2027-05-25,Expired
P001396,C08750,Life,46162.19,1561397,2025-08-12,2026-08-12,Active
P001397,C01264,Health,15930.12,737322,2025-07-27,2026-07-27,Expired
P001398,C04834,Health,47591.94,1603957,2025-12-08,2026-12-08,Expired
P001399,C03895,Health,30000.87,1475042,2024-09-24,2025-09-24,Active
P001400,C06324,Life,99468.14,5114298,2025-11-22,2026-11-22,Active
P001401,C09213,Health,15718.56,663749,2024-09-12,2025-09-12,Active
P001402,C07020,Health,19741.07,1785636,2020-12-24,2021-12-24,Active
P001403,C01221,Health,28302.19,1483289,2026-01-13,2027-01-13,Expired
P001404,C01447,Health,22016.61,1195235,2024-08-26,2025-08-26,Expired
P001405,C03185,Health,14772.14,1106514,2023-05-13,2024-05-13,Active
P001406,C00409,Health,27918.07,1137682,2022-08-01,2023-08-01,Active
P001407,C04345,Life,192735.31,8938316,2023-08-06,2024-08-06,Active
P001408,C03022,Health,29105.92,1111850,2025-09-13,2026-09-13,Active
P001409,C02304,Vehicle,4845.55,386518,2026-02-27,2027-02-27,Active
P001410,C06272,Health,13012.45,1028589,2026-03-29,2027-03-29,Active
P001411,C08281,Health,13153.81,529785,2025-07-31,2026-07-31,Active
P001412,C06642,Vehicle,10628.92,458477,2025-02-21,2026-02-21,Active
P001413,C06956,Health,29000.68,1969631,2026-04-27,2027-04-27,Active
P001414,C02110,Health,9598.27,569395,2024-01-03,2025-01-03,Active
P001415,C05352,Health,22024.51,823276,2022-10-23,2023-10-23,Active
P001416,C09684,Life,109636.48,7428475,2026-07-22,2027-07-22,Active
P001417,C08344,Vehicle,11232.37,521099,2025-03-18,2026-03-18,Expired
P001418,C04550,Vehicle,14494.26,577238,2026-07-06,2027-07-06,Active
P001419,C01881,Health,26089.37,1336228,2024-03-12,2025-03-12,Active
P001420,C05946,Health,23723.33,1616777,2022-08-15,2023-08-15,Active
P001421,C01738,Life,69755.12,5406118,2023-01-02,2024-01-02,Expired
P001422,C07794,Health,25423.68,1441245,2022-02-26,2023-02-26,Active
P001423,C05213,Life,20168.94,1688161,2024-03-04,2025-03-04,Active
P001424,C03209,Life,183100.5,8244164,2021-07-01,2022-07-01,Active
P001425,C07083,Health,16368.33,1066914,2025-04-18,2026-04-18,Active
P001426,C02056,Health,25379.19,1320308,2022-09-26,2023-09-26,Active
P001427,C01689,Health,41568.69,1909055,2025-12-18,2026-12-18,Active
P001428,C04780,Health,58164.24,1947618,2021-01-09,2022-01-09,Active
P001429,C07476,Health,13790.31,517775,2024-06-27,2025-06-27,Active
P001430,C07877,Health,17021.62,717909,2022-04-30,2023-04-30,Active
P001431,C06750,Health,14253.37,1028264,2022-08-08,2023-08-08,Active
P001432,C08556,Health,40388.62,1745998,2026-06-18,2027-06-18,Expired
P001433,C08123,Health,22858.95,1838156,2026-02-10,2027-02-10,Expired
P001434,C06991,Health,22275.01,1768118,2022-04-22,2023-04-22,Active
P001435,C08267,Health,43973.41,1687132,2023-02-12,2024-02-12,Active
P001436,C08540,Vehicle,7431.1,493213,2026-05-18,2027-05-18,Active
P001437,C03393,Health,35079.47,1839619,2026-05-22,2027-05-22,Expired
P001438,C06326,Vehicle,9680.47,639113,2023-12-28,2024-12-28,Active
P001439,C03529,Vehicle,6451.8,365417,2019-07-02,2020-07-02,Active
P001440,C04605,Life,73763.32,5440339,2026-03-28,2027-03-28,Active
P001441,C07024,Health,20448.05,920833,2023-01-25,2024-01-25,Active
P001442,C06322,Health,16685.95,801722,2025-12-07,2026-12-07,Active
P001443,C00746,Life,78613.79,2782574,2025-01-15,2026-01-15,Active
P001444,C00711,Vehicle,4294.76,376461,2025-02-25,2026-02-25,Active
P001445,C00380,Health,15064.24,539352,2023-02-02,2024-02-02,Active
P001446,C08783,Life,38077.39,1634776,2024-12-28,2025-12-28,Active
P001447,C03012,Vehicle,15267.18,710339,2021-10-27,2022-10-27,Active
P001448,C08859,Health,29912.07,1529029,2024-08-21,2025-08-21,Active
P001449,C07153,Health,13459.45,647009,2025-09-18,2026-09-18,Active
P001450,C08567,Health,18772.35,1510966,2024-11-02,2025-11-02,Active
P001451,C03498,Vehicle,15355.26,649636,2025-02-08,2026-02-08,Active
P001452,C03890,Life,43633.62,2521139,2024-09-06,2025-09-06,Expired
P001453,C04485,Life,219607.93,8711468,2025-09-01,2026-09-01,Active
P001454,C04012,Life,48717.53,1659867,2019-12-13,2020-12-13,Active
P001455,C02620,Health,36813.72,1318108,2022-04-13,2023-04-13,Active
P001456,C06671,Health,18782.65,677969,2025-05-16,2026-05-16,Active
P001457,C06513,Vehicle,4677.43,337432,2026-01-08,2027-01-08,Active
P001458,C03468,Life,163674.72,9207960,2026-03-24,2027-03-24,Active
P001459,C01314,Life,194035.56,9383308,2025-12-01,2026-12-01,Expired
P001460,C08606,Life,13699.45,1275453,2023-05-22,2024-05-22,Active
P001461,C02070,Life,31118.83,1718308,2025-11-03,2026-11-03,Active
P001462,C02983,Life,187389.98,9776491,2025-07-30,2026-07-30,Active
P001463,C05915,Vehicle,11323.08,456189,2026-01-18,2027-01-18,Active
P001464,C09171,Health,15761.72,796936,2025-09-22,2026-09-22,Active
P001465,C01286,Health,19614.15,1796820,2023-02-20,2024-02-20,Active
P001466,C08991,Vehicle,10887.5,480616,2019-12-09,2020-12-09,Expired
P001467,C08430,Health,13463.77,704036,2023-11-07,2024-11-07,Active
P001468,C01350,Life,34196.8,2783941,2024-10-31,2025-10-31,Active
P001469,C02612,Life,53712.47,2058811,2024-01-06,2025-01-06,Active
P001470,C09495,Vehicle,11894.3,721536,2022-12-02,2023-12-02,Expired
P001471,C03669,Life,54290.74,3304005,2025-08-08,2026-08-08,Expired
P001472,C02222,Vehicle,7603.5,347800,2026-07-28,2027-07-28,Active
P001473,C00428,Vehicle,11270.09,448097,2026-01-31,2027-01-31,Active
P001474,C00654,Health,15882.94,846042,2024-07-13,2025-07-13,Expired
P001475,C09914,Health,18323.83,709647,2026-06-30,2027-06-30,Active
P001476,C03536,Health,8568.05,830833,2025-04-19,2026-04-19,Active
P001477,C07737,Life,114377.55,4010048,2026-05-19,2027-05-19,Active
P001478,C03246,Life,105552.93,5760225,2026-03-20,2027-03-20,Expired
P001479,C04741,Health,24473.63,1951980,2024-06-02,2025-06-02,Active
P001480,C09069,Health,26350.35,1444597,2026-01-28,2027-01-28,Expired
P001481,C04100,Health,12692.57,578897,2026-07-04,2027-07-04,Active
P001482,C04101,Life,55835.44,2476750,2022-03-09,2023-03-09,Active
P001483,C06960,Life,22776.14,1076672,2026-06-14,2027-06-14,Active
P001484,C00612,Vehicle,8958.77,400331,2024-01-02,2025-01-02,Expired
P001485,C04289,Vehicle,11971.56,832195,2026-08-04,2027-08-04,Active
P001486,C08571,Life,62360.39,5637668,2025-01-24,2026-01-24,Active
P001487,C09713,Life,178741.21,8959326,2024-08-02,2025-08-02,Active
P001488,C01544,Health,14042.95,613304,2024-06-25,2025-06-25,Active
P001489,C09536,Life,147610.75,6608533,2022-10-17,2023-10-17,Expired
P001490,C03854,Vehicle,10158.84,409493,2023-05-17,2024-05-17,Expired
P001491,C00555,Life,29308.2,1487633,2026-01-05,2027-01-05,Active
P001492,C06366,Health,31313.85,1432857,2026-01-28,2027-01-28,Active
P001493,C00512,Vehicle,9366.78,641505,2025-06-26,2026-06-26,Active
P001494,C03207,Life,123234.76,4978185,2024-08-10,2025-08-10,Expired
P001495,C08085,Vehicle,6095.26,531381,2026-01-03,2027-01-03,Active
P001496,C00968,Health,18239.91,1414075,2026-01-03,2027-01-03,Expired
P001497,C06044,Vehicle,12336.14,706145,2023-10-06,2024-10-06,Active
P001498,C06880,Health,36948.45,1252018,2024-06-06,2025-06-06,Active
P001499,C06776,Life,31236.48,2000789,2026-06-24,2027-06-24,Active
P001500,C03296,Life,107615.47,8016631,2022-04-07,2023-04-07,Active
P001501,C08702,Health,23196.65,1765916,2026-06-18,2027-06-18,Active
P001502,C03430,Health,18465.63,856380,2024-12-21,2025-12-21,Active
P001503,C08871,Life,214594.95,7907115,2025-07-18,2026-07-18,Active
P001504,C06963,Health,33889.78,1740635,2021-08-06,2022-08-06,Active
P001505,C02089,Life,202300.67,8182500,2024-09-02,2025-09-02,Active
P001506,C08500,Health,24781.87,1715230,2026-01-01,2027-01-01,Expired
P001507,C06163,Vehicle,25212.38,901568,2025-12-29,2026-12-29,Active
P001508,C03211,Life,219466.02,8896240,2024-02-21,2025-02-21,Active
P001509,C09201,Vehicle,13973.66,713474,2026-05-19,2027-05-19,Active
P001510,C06606,Vehicle,15415.35,774419,2025-11-02,2026-11-02,Active
P001511,C01110,Health,48129.86,1953661,2021-09-29,2022-09-29,Expired
P001512,C05729,Life,88133.77,5962539,2026-04-19,2027-04-19,Expired
P001513,C07830,Health,30633.19,1903069,2025-12-17,2026-12-17,Active
P001514,C01039,Vehicle,9565.42,912011,2024-08-07,2025-08-07,Active
P001515,C01195,Life,106862.74,7800818,2021-11-12,2022-11-12,Expired
P001516,C04475,Health,44796.34,1976189,2025-10-02,2026-10-02,Expired
P001517,C09875,Life,135777.11,6585238,2025-03-08,2026-03-08,Active
P001518,C02123,Health,56800.52,1963927,2026-03-09,2027-03-09,Active
P001519,C04983,Vehicle,8625.06,384891,2024-04-25,2025-04-25,Active
P001520,C08974,Health,45657.15,1579480,2022-11-04,2023-11-04,Active
P001521,C05701,Health,12939.05,732713,2024-02-29,2025-02-28,Active
P001522,C00935,Health,17131.06,1268465,2026-06-23,2027-06-23,Active
P001523,C06102,Vehicle,6571.19,514656,2026-03-09,2027-03-09,Active
P001524,C04690,Life,223416.1,9027788,2024-10-04,2025-10-04,Active
P001525,C00395,Health,28022.23,1973969,2026-07-25,2027-07-25,Active
P001526,C04686,Life,193404.57,6917519,2022-04-26,2023-04-26,Active
P001527,C08777,Vehicle,4023.64,357105,2024-08-14,2025-08-14,Active
P001528,C09166,Life,261558.11,9836267,2024-10-30,2025-10-30,Active
P001529,C05981,Health,45271.63,1617478,2025-12-09,2026-12-09,Active
P001530,C09943,Life,28925.28,2101048,2023-10-06,2024-10-06,Expired
P001531,C02192,Life,211217.43,7554564,2026-02-17,2027-02-17,Active
P001532,C01298,Health,9697.0,729354,2025-12-27,2026-12-27,Active
P001533,C05045,Life,96935.31,3524938,2024-03-19,2025-03-19,Active
P001534,C01163,Health,20435.47,1114820,2021-10-18,2022-10-18,Active
P001535,C04255,Health,25296.86,1493850,2025-10-13,2026-10-13,Active
P001536,C06373,Life,81182.92,5890840,2024-12-05,2025-12-05,Active
P001537,C01528,Vehicle,19341.78,844861,2024-12-27,2025-12-27,Active
P001538,C04343,Health,47737.76,1854867,2023-08-24,2024-08-24,Active
P001539,C02031,Life,265555.86,9894713,2022-07-25,2023-07-25,Active
P001540,C03061,Health,21721.69,776728,2020-01-25,2021-01-25,Active
P001541,C00059,Life,94581.22,4804769,2026-03-20,2027-03-20,Expired
P001542,C02406,Health,7770.14,599235,2022-08-07,2023-08-07,Active
P001543,C05007,Health,51193.57,1797361,2025-09-17,2026-09-17,Active
P001544,C06158,Vehicle,12961.44,483877,2022-11-15,2023-11-15,Active
P001545,C07376,Life,47280.33,3575047,2020-10-02,2021-10-02,Active
P001546,C04507,Vehicle,11307.01,902433,2025-06-05,2026-06-05,Active
P001547,C05215,Health,40550.57,1679621,2024-08-24,2025-08-24,Active
P001548,C06030,Vehicle,7945.8,455130,2025-02-11,2026-02-11,Active
P001549,C01781,Life,75316.3,6059333,2021-04-19,2022-04-19,Active
P001550,C05448,Health,23306.28,804892,2022-07-24,2023-07-24,Expired
P001551,C04607,Life,158157.96,9512910,2025-05-08,2026-05-08,Active
P001552,C06915,Life,172311.05,5862493,2023-07-22,2024-07-22,Active
P001553,C00677,Vehicle,12932.38,999282,2026-07-27,2027-07-27,Active
P001554,C03583,Vehicle,12808.07,763581,2025-12-11,2026-12-11,Active
P001555,C03654,Vehicle,4374.0,342027,2026-04-15,2027-04-15,Active
P001556,C07921,Life,172952.87,7738231,2026-01-30,2027-01-30,Active
P001557,C09500,Vehicle,7129.07,642220,2025-12-25,2026-12-25,Active
P001558,C02733,Vehicle,13656.79,532934,2024-08-25,2025-08-25,Active
P001559,C04788,Life,49893.61,2402399,2026-04-26,2027-04-26,Active
P001560,C02755,Health,20167.11,683242,2025-10-10,2026-10-10,Active
P001561,C02338,Health,39007.99,1764943,2025-02-04,2026-02-04,Expired
P001562,C03644,Health,22568.32,1257207,2023-04-10,2024-04-10,Active
P001563,C07738,Life,130538.78,7477894,2021-08-25,2022-08-25,Active
P001564,C05517,Health,39427.07,1434440,2022-02-27,2023-02-27,Active
P001565,C05247,Health,35547.35,1431597,2025-04-19,2026-04-19,Active
P001566,C00867,Health,22026.52,843493,2024-06-02,2025-06-02,Expired
P001567,C04448,Life,101678.7,7949018,2023-02-04,2024-02-04,Active
P001568,C05072,Vehicle,8319.5,517877,2024-04-26,2025-04-26,Expired
P001569,C04882,Life,75037.05,6627359,2025-05-15,2026-05-15,Expired
P001570,C09511,Vehicle,3979.43,392744,2024-05-20,2025-05-20,Active
P001571,C03003,Health,18303.1,866777,2023-07-30,2024-07-30,Active
P001572,C02226,Health,11008.5,787156,2024-11-01,2025-11-01,Expired
P001573,C09057,Vehicle,8832.06,814416,2025-12-25,2026-12-25,Expired
P001574,C04827,Health,22612.88,1137354,2022-11-30,2023-11-30,Active
P001575,C07622,Health,6607.36,505131,2023-12-13,2024-12-13,Active
P001576,C09690,Life,111452.1,8927925,2021-03-09,2022-03-09,Active
P001577,C05501,Vehicle,9682.5,488085,2026-07-27,2027-07-27,Active
P001578,C09701,Life,75944.77,3002438,2026-07-26,2027-07-26,Active
P001579,C08479,Vehicle,23117.27,927983,2026-05-23,2027-05-23,Active
P001580,C05503,Life,120177.53,5327037,2023-01-07,2024-01-07,Active
P001581,C01211,Life,52501.82,3006281,2026-02-14,2027-02-14,Active
P001582,C09084,Health,13844.07,1044288,2025-06-30,2026-06-30,Active
P001583,C02289,Health,24834.21,1953919,2024-03-29,2025-03-29,Active
P001584,C02184,Vehicle,16814.0,739892,2026-05-20,2027-05-20,Expired
P001585,C02863,Life,121356.51,5893311,2026-04-22,2027-04-22,Expired
P001586,C06862,Health,24830.23,1817074,2026-01-23,2027-01-23,Active
P001587,C02363,Health,26985.57,1640247,2025-02-26,2026-02-26,Active
P001588,C08464,Health,17456.48,1131394,2024-06-15,2025-06-15,Active
P001589,C06333,Life,215276.73,9966085,2026-01-11,2027-01-11,Expired
P001590,C04065,Health,24797.23,1586682,2025-10-14,2026-10-14,Active
P001591,C09547,Health,10143.46,841896,2022-05-14,2023-05-14,Active
P001592,C00618,Health,23185.99,895138,2026-07-04,2027-07-04,Active
P001593,C03282,Health,43138.12,1602373,2025-08-05,2026-08-05,Active
P001594,C05227,Vehicle,7696.57,419502,2023-05-08,2024-05-08,Expired
P001595,C03398,Vehicle,12457.85,437606,2024-03-01,2025-03-01,Active
P001596,C03066,Vehicle,8692.89,680180,2023-11-03,2024-11-03,Active
P001597,C00767,Health,40360.67,1597064,2023-02-18,2024-02-18,Active
P001598,C07079,Vehicle,8217.32,330156,2025-11-08,2026-11-08,Active
P001599,C05280,Life,80511.41,3388393,2025-08-29,2026-08-29,Active
P001600,C04150,Health,12297.06,664846,2024-11-11,2025-11-11,Active
P001601,C01145,Vehicle,8150.87,319719,2022-06-22,2023-06-22,Active
P001602,C04249,Health,7737.31,726109,2023-06-16,2024-06-16,Active
P001603,C04111,Life,109795.5,8869895,2025-10-16,2026-10-16,Active
P001604,C00463,Life,29415.24,1172342,2025-03-29,2026-03-29,Active
P001605,C02933,Vehicle,11210.53,515378,2025-08-07,2026-08-07,Active
P001606,C04624,Life,17615.69,1490886,2025-11-29,2026-11-29,Expired
P001607,C03814,Vehicle,15395.24,907913,2025-07-21,2026-07-21,Active
P001608,C06309,Life,101638.69,5057108,2026-01-23,2027-01-23,Active
P001609,C04342,Health,10891.84,529327,2026-04-04,2027-04-04,Active
P001610,C05301,Vehicle,13459.22,480117,2025-05-20,2026-05-20,Active
P001611,C06805,Health,20137.45,706958,2025-08-26,2026-08-26,Expired
P001612,C03283,Health,25916.78,1495550,2026-01-22,2027-01-22,Active
P001613,C02575,Life,38135.77,2800606,2024-12-03,2025-12-03,Active
P001614,C07962,Life,93208.06,4594921,2022-11-29,2023-11-29,Active
P001615,C07880,Life,78235.65,6272748,2025-11-19,2026-11-19,Active
P001616,C00829,Vehicle,16355.38,678798,2026-05-01,2027-05-01,Active
P001617,C06487,Life,129279.31,6504863,2025-09-18,2026-09-18,Active
P001618,C07600,Life,148015.38,6234607,2026-07-26,2027-07-26,Expired
P001619,C02541,Health,21411.25,1354132,2023-08-04,2024-08-04,Expired
P001620,C05747,Life,60472.29,2167847,2025-03-31,2026-03-31,Expired
P001621,C08527,Vehicle,9310.31,685290,2022-07-05,2023-07-05,Expired
P001622,C09567,Life,49560.12,2764491,2025-06-07,2026-06-07,Active
P001623,C03743,Vehicle,5468.73,425008,2022-01-28,2023-01-28,Active
P001624,C07499,Life,67201.55,2706614,2024-08-23,2025-08-23,Expired
P001625,C03525,Health,37256.51,1262755,2020-09-21,2021-09-21,Active
P001626,C00021,Life,96937.22,7782844,2024-08-28,2025-08-28,Expired
P001627,C01916,Health,27423.64,1084095,2024-12-21,2025-12-21,Active
P001628,C06572,Health,53405.42,1850211,2025-12-19,2026-12-19,Active
P001629,C09019,Life,231620.36,7785437,2026-05-18,2027-05-18,Active
P001630,C02013,Life,104916.79,8627505,2026-07-25,2027-07-25,Active
P001631,C05406,Life,34520.52,3258353,2023-10-04,2024-10-04,Active
P001632,C01296,Health,36395.6,1544664,2021-05-02,2022-05-02,Expired
P001633,C03746,Health,31827.78,1924394,2022-11-27,2023-11-27,Active
P001634,C00592,Health,15337.13,660468,2024-10-03,2025-10-03,Active
P001635,C01407,Vehicle,11071.7,788659,2025-09-05,2026-09-05,Active
P001636,C00222,Life,112375.12,5390014,2026-05-24,2027-05-24,Expired
P001637,C05618,Health,15602.37,537057,2025-07-26,2026-07-26,Active
P001638,C06249,Life,52995.49,2998738,2024-01-06,2025-01-06,Active
P001639,C04419,Life,93386.69,8711752,2024-04-01,2025-04-01,Active
P001640,C00859,Life,168497.08,6084244,2023-09-02,2024-09-02,Active
P001641,C01784,Life,151775.82,6242203,2022-04-19,2023-04-19,Active
P001642,C07260,Health,37950.67,1915629,2026-01-22,2027-01-22,Active
P001643,C06857,Life,173365.6,8882244,2025-03-11,2026-03-11,Expired
P001644,C01955,Health,20165.63,1320793,2023-07-27,2024-07-27,Active
P001645,C01747,Life,175238.85,6918393,2024-03-09,2025-03-09,Active
P001646,C03133,Life,22074.4,1756962,2020-04-28,2021-04-28,Active
P001647,C08037,Health,18174.54,1724667,2025-08-25,2026-08-25,Expired
P001648,C08851,Life,48881.15,2633262,2026-07-14,2027-07-14,Expired
P001649,C00995,Life,45220.1,1947061,2026-01-07,2027-01-07,Active
P001650,C06109,Life,68406.27,2425085,2026-06-01,2027-06-01,Active
P001651,C00731,Life,89266.72,6663891,2023-10-06,2024-10-06,Active
P001652,C06975,Health,51247.36,1879439,2024-11-05,2025-11-05,Active
P001653,C06274,Health,11023.58,1059140,2024-06-11,2025-06-11,Active
P001654,C06752,Life,110774.5,6310229,2023-02-28,2024-02-28,Active
P001655,C03510,Life,110330.0,9193298,2024-01-18,2025-01-18,Active
P001656,C03534,Life,247473.44,9435056,2023-11-03,2024-11-03,Active
P001657,C02514,Health,19479.24,1128140,2026-07-06,2027-07-06,Active
P001658,C05437,Life,60683.82,2263679,2024-09-28,2025-09-28,Active
P001659,C03626,Life,28662.75,1797443,2020-07-28,2021-07-28,Active
P001660,C00466,Health,44988.15,1809823,2025-02-27,2026-02-27,Active
P001661,C06756,Health,15257.06,698670,2023-09-11,2024-09-11,Active
P001662,C06760,Life,193293.68,9909769,2020-10-23,2021-10-23,Active
P001663,C07992,Life,121845.74,6064152,2026-05-22,2027-05-22,Active
P001664,C00158,Health,16201.85,1157148,2024-12-07,2025-12-07,Active
P001665,C03961,Health,33986.71,1450489,2026-06-16,2027-06-16,Active
P001666,C08833,Vehicle,23064.07,958342,2021-03-16,2022-03-16,Expired
P001667,C05471,Health,21976.24,946594,2025-12-29,2026-12-29,Expired
P001668,C00186,Health,30522.52,1061902,2026-05-11,2027-05-11,Active
P001669,C01003,Vehicle,21657.06,754793,2025-06-26,2026-06-26,Active
P001670,C09509,Health,15916.29,920789,2021-01-20,2022-01-20,Active
P001671,C05624,Health,49031.5,1937192,2026-05-13,2027-05-13,Expired
P001672,C00401,Life,47192.11,2080914,2025-10-25,2026-10-25,Expired
P001673,C06241,Health,25258.23,1101976,2021-10-19,2022-10-19,Active
P001674,C08941,Life,115340.77,7809300,2022-03-18,2023-03-18,Active
P001675,C09933,Life,119748.75,6210006,2024-01-03,2025-01-03,Active
P001676,C07343,Health,52197.42,1856693,2026-03-22,2027-03-22,Active
P001677,C09833,Life,22583.83,1488919,2024-10-30,2025-10-30,Expired
P001678,C08467,Life,90457.39,3952542,2024-07-01,2025-07-01,Active
P001679,C08757,Vehicle,3563.81,320875,2025-08-30,2026-08-30,Expired
P001680,C07959,Health,30758.82,1124907,2026-06-15,2027-06-15,Expired
P001681,C01251,Health,29577.13,1262176,2023-11-04,2024-11-04,Expired
P001682,C03144,Life,49435.59,3358208,2023-06-16,2024-06-16,Active
P001683,C07431,Life,61808.95,3024047,2023-07-10,2024-07-10,Expired
P001684,C00060,Health,24081.16,1601550,2021-03-15,2022-03-15,Expired
P001685,C07856,Health,19261.67,756433,2026-01-10,2027-01-10,Active
P001686,C01114,Vehicle,18514.01,708892,2022-04-16,2023-04-16,Active
P001687,C03058,Vehicle,6811.28,528598,2025-05-22,2026-05-22,Active
P001688,C09570,Health,25827.77,1421646,2024-08-13,2025-08-13,Expired
P001689,C01329,Vehicle,15034.13,859383,2025-06-08,2026-06-08,Expired
P001690,C04996,Life,158118.8,8109870,2026-03-25,2027-03-25,Active
P001691,C06683,Health,13875.3,803901,2026-02-23,2027-02-23,Active
P001692,C02073,Vehicle,7378.58,322097,2024-11-14,2025-11-14,Expired
P001693,C04794,Health,49068.37,1888783,2025-12-21,2026-12-21,Active
P001694,C06830,Health,28232.6,1908444,2026-03-20,2027-03-20,Active
P001695,C09630,Health,33984.39,1969299,2025-07-23,2026-07-23,Expired
P001696,C08219,Life,134836.9,4965830,2026-01-04,2027-01-04,Active
P001697,C07568,Vehicle,20329.53,712064,2024-08-31,2025-08-31,Expired
P001698,C05923,Health,15849.51,993796,2020-07-17,2021-07-17,Expired
P001699,C01551,Health,32137.79,1420326,2025-07-23,2026-07-23,Expired
P001700,C01010,Health,34864.41,1352049,2020-12-31,2021-12-31,Active
P001701,C03756,Health,29737.77,1531152,2023-08-25,2024-08-25,Active
P001702,C08682,Vehicle,20455.42,742882,2020-03-10,2021-03-10,Expired
P001703,C09343,Vehicle,11545.6,573646,2026-07-22,2027-07-22,Active
P001704,C08010,Life,123585.87,6482263,2026-07-06,2027-07-06,Active
P001705,C03861,Life,92280.41,4082639,2026-07-17,2027-07-17,Active
P001706,C03149,Vehicle,10082.82,720124,2025-04-06,2026-04-06,Active
P001707,C02520,Health,9636.09,732423,2024-09-08,2025-09-08,Active
P001708,C03128,Vehicle,24776.05,980715,2023-08-11,2024-08-11,Expired
P001709,C09085,Vehicle,12082.29,634914,2025-11-30,2026-11-30,Expired
P001710,C05317,Life,92871.67,3910495,2024-05-26,2025-05-26,Expired
P001711,C01196,Health,10713.53,916628,2024-09-27,2025-09-27,Active
P001712,C09051,Life,211812.35,7330379,2024-10-12,2025-10-12,Expired
P001713,C00880,Life,39430.86,1385374,2024-05-23,2025-05-23,Active
P001714,C06990,Life,73493.49,2492779,2022-04-29,2023-04-29,Active
P001715,C02488,Health,9389.26,853906,2026-05-10,2027-05-10,Active
P001716,C02841,Health,9578.16,813002,2021-12-08,2022-12-08,Active
P001717,C04330,Health,7671.63,746101,2025-11-27,2026-11-27,Active
P001718,C02931,Vehicle,20592.32,775747,2024-07-17,2025-07-17,Active
P001719,C06425,Vehicle,7085.16,513013,2025-06-20,2026-06-20,Expired
P001720,C02486,Health,27518.97,1103900,2020-11-03,2021-11-03,Active
P001721,C05748,Vehicle,11366.98,516642,2024-10-28,2025-10-28,Expired
P001722,C00884,Life,76717.11,4176986,2024-10-15,2025-10-15,Active
P001723,C04915,Health,32728.06,1108578,2022-10-06,2023-10-06,Active
P001724,C06211,Health,17753.83,1020760,2026-03-22,2027-03-22,Active
P001725,C09579,Life,22732.75,1173144,2025-04-20,2026-04-20,Expired
P001726,C00212,Health,31658.86,1333732,2021-04-03,2022-04-03,Active
P001727,C02276,Health,26504.35,1752410,2024-07-26,2025-07-26,Active
P001728,C02329,Life,188457.07,6584506,2024-01-04,2025-01-04,Active
P001729,C04951,Life,17824.71,1763562,2023-06-26,2024-06-26,Active
P001730,C03320,Vehicle,16722.55,713869,2023-12-09,2024-12-09,Active
P001731,C09835,Health,12668.6,586245,2025-09-08,2026-09-08,Active
P001732,C04608,Vehicle,18068.42,655652,2026-05-28,2027-05-28,Active
P001733,C01439,Life,184702.05,9899034,2024-01-12,2025-01-12,Active
P001734,C00468,Vehicle,8674.79,434082,2020-10-20,2021-10-20,Expired
P001735,C05467,Health,35833.24,1256216,2024-10-18,2025-10-18,Active
P001736,C03330,Vehicle,25068.21,942705,2024-11-03,2025-11-03,Expired
P001737,C05829,Life,231492.61,8311097,2023-08-16,2024-08-16,Active
P001738,C08608,Health,17254.48,817225,2023-08-24,2024-08-24,Expired
P001739,C00697,Health,15741.66,1422725,2026-04-10,2027-04-10,Active
P001740,C07268,Health,11161.88,575208,2021-04-28,2022-04-28,Active
P001741,C09145,Life,88114.03,2946560,2025-12-10,2026-12-10,Expired
P001742,C08181,Life,207881.18,6981414,2025-07-16,2026-07-16,Active
P001743,C09939,Life,77716.32,2887283,2023-02-09,2024-02-09,Expired
P001744,C01315,Health,9799.45,696247,2026-06-04,2027-06-04,Active
P001745,C02302,Health,41446.75,1566900,2026-01-01,2027-01-01,Active
P001746,C02040,Life,98893.55,4563416,2025-11-13,2026-11-13,Expired
P001747,C07109,Life,73853.14,4029442,2025-08-09,2026-08-09,Active
P001748,C03667,Health,22816.33,1919580,2026-07-06,2027-07-06,Active
P001749,C00915,Health,23976.56,1927404,2026-07-14,2027-07-14,Active
P001750,C00013,Health,19317.82,722444,2026-07-28,2027-07-28,Active
P001751,C08584,Life,172696.11,9050632,2025-04-10,2026-04-10,Expired
P001752,C06428,Vehicle,5077.54,306087,2026-07-30,2027-07-30,Active
P001753,C01537,Life,141914.99,8601790,2026-07-27,2027-07-27,Active
P001754,C00737,Vehicle,11287.55,896805,2025-09-16,2026-09-16,Expired
P001755,C08202,Vehicle,9823.69,596698,2026-03-13,2027-03-13,Active
P001756,C08653,Health,31079.54,1763096,2025-01-08,2026-01-08,Active
P001757,C00454,Life,90649.23,7692721,2026-02-11,2027-02-11,Expired
P001758,C04346,Vehicle,11333.58,721943,2021-08-17,2022-08-17,Active
P001759,C00928,Vehicle,6810.96,426460,2025-02-26,2026-02-26,Expired
P001760,C06292,Health,32295.12,1150329,2020-08-14,2021-08-14,Active
P001761,C08282,Vehicle,10677.2,400780,2024-09-28,2025-09-28,Active
P001762,C08723,Life,146681.96,7511061,2024-03-30,2025-03-30,Active
P001763,C06474,Vehicle,19482.98,743061,2026-03-01,2027-03-01,Active
P001764,C00038,Life,96619.37,8147380,2024-01-28,2025-01-28,Active
P001765,C05771,Vehicle,12282.23,535122,2025-09-12,2026-09-12,Active
P001766,C02555,Vehicle,19267.82,852891,2022-01-06,2023-01-06,Active
P001767,C07633,Health,16416.38,1417201,2026-02-03,2027-02-03,Expired
P001768,C09999,Health,18190.92,767994,2021-02-28,2022-02-28,Active
P001769,C06621,Vehicle,11908.5,748509,2021-10-01,2022-10-01,Active
P001770,C00941,Life,35602.59,1756566,2024-02-02,2025-02-02,Active
P001771,C07399,Life,204209.34,8795642,2019-09-28,2020-09-28,Active
P001772,C06129,Vehicle,12315.55,567240,2025-05-27,2026-05-27,Active
P001773,C09830,Life,119136.64,8765820,2025-06-25,2026-06-25,Active
P001774,C02681,Health,12363.39,674672,2024-07-08,2025-07-08,Active
P001775,C04355,Vehicle,19541.8,777100,2021-09-22,2022-09-22,Active
P001776,C03059,Vehicle,19299.54,657915,2020-09-26,2021-09-26,Expired
P001777,C07881,Life,47474.81,4105251,2024-01-08,2025-01-08,Expired
P001778,C00739,Life,51992.65,2783932,2023-02-03,2024-02-03,Active
P001779,C00539,Vehicle,4217.83,313950,2020-07-21,2021-07-21,Active
P001780,C03326,Life,147166.85,9165848,2026-01-21,2027-01-21,Expired
P001781,C04240,Life,199008.67,7626953,2025-10-18,2026-10-18,Active
P001782,C01401,Vehicle,6119.98,500070,2026-07-24,2027-07-24,Active
P001783,C04047,Vehicle,4654.2,328117,2025-05-16,2026-05-16,Active
P001784,C05138,Life,223090.66,8311317,2026-03-26,2027-03-26,Expired
P001785,C04230,Life,39155.43,2444410,2025-05-26,2026-05-26,Active
P001786,C04192,Health,6728.69,545753,2026-07-27,2027-07-27,Expired
P001787,C09143,Health,41977.55,1433790,2026-07-02,2027-07-02,Active
P001788,C05539,Vehicle,13570.13,913654,2025-06-28,2026-06-28,Active
P001789,C02693,Health,14561.14,1321524,2026-07-11,2027-07-11,Active
P001790,C05341,Life,243943.69,8244199,2026-03-05,2027-03-05,Expired
P001791,C09918,Health,43077.06,1749566,2025-05-19,2026-05-19,Expired
P001792,C07671,Life,151968.47,7705523,2023-10-24,2024-10-24,Active
P001793,C09174,Vehicle,11880.31,811601,2024-07-07,2025-07-07,Active
P001794,C01808,Life,132690.96,6299086,2026-02-23,2027-02-23,Active
P001795,C05112,Life,110324.96,8941293,2024-02-21,2025-02-21,Active
P001796,C03990,Vehicle,18444.19,770103,2024-12-14,2025-12-14,Active
P001797,C03456,Health,17505.94,903075,2026-06-10,2027-06-10,Active
P001798,C02908,Life,190229.45,6690043,2023-06-15,2024-06-15,Expired
P001799,C06652,Health,18713.18,1482447,2026-05-10,2027-05-10,Active
P001800,C08288,Health,36638.95,1374221,2019-12-23,2020-12-23,Active
P001801,C06245,Health,38746.63,1490536,2025-12-17,2026-12-17,Expired
P001802,C02698,Health,26013.29,1092355,2024-10-10,2025-10-10,Active
P001803,C04017,Life,54662.48,3907342,2023-12-05,2024-12-05,Active
P001804,C04340,Life,230284.37,7979059,2026-03-17,2027-03-17,Active
P001805,C04646,Life,53654.24,1789356,2026-04-20,2027-04-20,Active
P001806,C07740,Health,25285.44,1919620,2022-05-07,2023-05-07,Expired
P001807,C07092,Health,14820.46,567045,2022-09-07,2023-09-07,Active
P001808,C04693,Life,59626.16,4803231,2025-08-04,2026-08-04,Active
P001809,C01740,Health,31189.6,1213711,2025-05-02,2026-05-02,Active
P001810,C05407,Vehicle,13570.47,884080,2024-10-20,2025-10-20,Active
P001811,C04589,Health,34914.21,1580845,2023-11-07,2024-11-07,Active
P001812,C03126,Health,36844.18,1418189,2025-08-01,2026-08-01,Expired
P001813,C02158,Life,71171.95,2776570,2024-12-05,2025-12-05,Active
P001814,C05334,Health,18891.41,713632,2024-05-22,2025-05-22,Active
P001815,C08637,Life,81723.2,2980707,2022-10-25,2023-10-25,Expired
P001816,C01826,Life,142587.68,5901010,2024-04-28,2025-04-28,Active
P001817,C04231,Health,9267.9,708235,2026-08-03,2027-08-03,Active
P001818,C03488,Health,20442.41,757915,2026-05-21,2027-05-21,Active
P001819,C09054,Vehicle,4574.85,306907,2025-06-29,2026-06-29,Expired
P001820,C09769,Life,127175.58,9472875,2025-08-08,2026-08-08,Active
P001821,C03648,Vehicle,12654.35,735168,2026-02-17,2027-02-17,Active
P001822,C05903,Health,29693.41,1610757,2024-05-29,2025-05-29,Active
P001823,C06386,Vehicle,20802.1,733491,2025-05-11,2026-05-11,Expired
P001824,C05639,Health,40973.18,1582456,2024-11-08,2025-11-08,Active
P001825,C06424,Life,87449.93,3442499,2022-10-05,2023-10-05,Active
P001826,C07827,Life,25348.71,2167378,2020-03-06,2021-03-06,Active
P001827,C07744,Health,15778.59,844613,2026-01-10,2027-01-10,Active
P001828,C03013,Health,24023.4,1845251,2025-06-12,2026-06-12,Active
P001829,C07672,Health,51860.05,1996044,2023-05-04,2024-05-04,Expired
P001830,C09549,Health,24883.48,1379346,2026-02-27,2027-02-27,Active
P001831,C09978,Life,149168.31,6105693,2022-11-20,2023-11-20,Active
P001832,C03081,Life,159454.09,5693941,2025-04-02,2026-04-02,Active
P001833,C03521,Life,147169.41,7776956,2022-11-02,2023-11-02,Active
P001834,C04979,Life,201604.82,8417942,2026-05-01,2027-05-01,Expired
P001835,C07620,Health,34392.67,1348309,2026-04-03,2027-04-03,Expired
P001836,C04348,Life,117690.25,6611860,2025-09-25,2026-09-25,Active
P001837,C08441,Health,47488.06,1591504,2025-12-31,2026-12-31,Active
P001838,C01347,Life,127436.69,6238726,2023-10-12,2024-10-12,Active
P001839,C07088,Health,15529.64,558492,2024-11-23,2025-11-23,Active
P001840,C08948,Vehicle,15176.97,618706,2026-06-03,2027-06-03,Expired
P001841,C05652,Life,53816.87,2005722,2026-05-15,2027-05-15,Active
P001842,C08082,Vehicle,4708.61,429827,2024-02-21,2025-02-21,Active
P001843,C01792,Life,128669.86,5998957,2024-08-25,2025-08-25,Active
P001844,C07429,Life,129521.99,4961055,2026-01-09,2027-01-09,Expired
P001845,C09580,Health,42342.78,1816475,2024-03-28,2025-03-28,Expired
P001846,C09960,Health,17690.82,1127471,2025-04-20,2026-04-20,Active
P001847,C02271,Vehicle,10850.71,446770,2026-06-24,2027-06-24,Active
P001848,C09767,Life,132146.04,6500359,2021-05-27,2022-05-27,Active
P001849,C02956,Health,17374.61,1452756,2026-04-01,2027-04-01,Active
P001850,C03444,Vehicle,4571.29,385927,2023-09-07,2024-09-07,Active
P001851,C07736,Health,17985.35,950435,2026-07-21,2027-07-21,Active
P001852,C00834,Life,248257.02,9706452,2026-02-21,2027-02-21,Expired
P001853,C06499,Life,242549.99,8103845,2026-07-09,2027-07-09,Active
P001854,C02992,Health,36387.59,1374349,2020-09-17,2021-09-17,Active
P001855,C07793,Life,109250.52,8679146,2026-06-20,2027-06-20,Active
P001856,C02151,Health,17859.37,747585,2026-03-19,2027-03-19,Active
P001857,C04023,Life,104877.95,3631333,2026-05-07,2027-05-07,Active
P001858,C07615,Vehicle,25175.37,930823,2024-06-04,2025-06-04,Active
P001859,C06124,Life,63305.11,5858523,2025-12-26,2026-12-26,Active
P001860,C03339,Health,20648.59,1285299,2020-09-29,2021-09-29,Active
P001861,C04344,Life,86905.31,3384710,2025-02-21,2026-02-21,Active
P001862,C04464,Health,31669.81,1139975,2025-05-02,2026-05-02,Active
P001863,C02376,Vehicle,8159.27,812537,2024-07-07,2025-07-07,Active
P001864,C09044,Life,32108.65,1749647,2025-04-13,2026-04-13,Active
P001865,C05571,Health,30969.34,1208466,2026-04-25,2027-04-25,Active
P001866,C08599,Health,22404.81,1770265,2023-12-05,2024-12-05,Active
P001867,C08504,Health,33699.3,1443570,2025-06-15,2026-06-15,Active
P001868,C08880,Health,17867.39,687307,2026-03-03,2027-03-03,Active
P001869,C01887,Vehicle,15238.33,544131,2023-07-14,2024-07-14,Active
P001870,C01198,Health,52989.06,1906022,2024-04-25,2025-04-25,Active
P001871,C06427,Life,91230.06,3778554,2026-02-14,2027-02-14,Active
P001872,C08911,Health,32087.36,1983522,2023-08-11,2024-08-11,Active
P001873,C02936,Life,33632.75,2428614,2023-11-17,2024-11-17,Active
P001874,C06342,Health,17804.77,610885,2022-12-30,2023-12-30,Active
P001875,C01430,Vehicle,23105.64,827054,2025-04-23,2026-04-23,Active
P001876,C06307,Vehicle,14286.66,488474,2024-09-15,2025-09-15,Active
P001877,C03650,Health,53015.43,1979787,2024-05-21,2025-05-21,Active
P001878,C01938,Health,35838.23,1618922,2021-12-08,2022-12-08,Active
P001879,C05172,Health,9219.13,548786,2026-03-18,2027-03-18,Active
P001880,C07764,Health,26272.14,1607090,2026-06-05,2027-06-05,Active
P001881,C06393,Life,55558.94,2666541,2024-11-25,2025-11-25,Active
P001882,C01154,Health,9001.7,687964,2026-08-02,2027-08-02,Expired
P001883,C06250,Life,44320.64,1988408,2024-01-30,2025-01-30,Active
P001884,C07037,Life,31625.66,1981497,2026-07-28,2027-07-28,Active
P001885,C04229,Life,97613.92,6439471,2022-05-11,2023-05-11,Expired
P001886,C04975,Health,8554.31,608796,2025-10-13,2026-10-13,Active
P001887,C06401,Life,187014.97,9270822,2026-05-28,2027-05-28,Active
P001888,C03640,Health,11938.5,1064736,2023-01-19,2024-01-19,Active
P001889,C03972,Life,96504.8,9123050,2022-02-22,2023-02-22,Active
P001890,C09594,Health,8292.37,539054,2020-03-19,2021-03-19,Expired
P001891,C03376,Life,129644.67,5132498,2024-11-23,2025-11-23,Active
P001892,C02487,Vehicle,16246.13,895848,2024-12-21,2025-12-21,Active
P001893,C06954,Life,113238.42,4413440,2025-11-17,2026-11-17,Active
P001894,C00606,Life,97990.99,3821731,2023-05-31,2024-05-31,Active
P001895,C07444,Health,31678.5,1664238,2026-03-08,2027-03-08,Active
P001896,C05928,Life,134972.46,5852800,2023-10-24,2024-10-24,Active
P001897,C02454,Vehicle,12459.58,805608,2023-08-25,2024-08-25,Active
P001898,C03609,Vehicle,17948.08,668488,2025-08-20,2026-08-20,Active
P001899,C01484,Health,11891.04,1089952,2026-02-13,2027-02-13,Active
P001900,C04519,Life,71283.28,6043874,2025-11-22,2026-11-22,Active
P001901,C03038,Vehicle,26484.47,883510,2025-12-30,2026-12-30,Expired
P001902,C09352,Life,276019.6,9469478,2025-05-20,2026-05-20,Active
P001903,C07692,Life,153213.08,6748465,2024-02-04,2025-02-04,Expired
P001904,C04116,Life,83251.56,5580400,2022-08-02,2023-08-02,Expired
P001905,C01427,Life,254277.68,8714152,2025-05-17,2026-05-17,Active
P001906,C00497,Health,17894.67,780443,2026-07-18,2027-07-18,Active
P001907,C03353,Health,12198.19,520087,2024-04-27,2025-04-27,Active
P001908,C08794,Vehicle,20520.84,812729,2025-08-30,2026-08-30,Active
P001909,C00759,Health,42856.01,1861255,2026-07-13,2027-07-13,Active
P001910,C00838,Health,36076.91,1908474,2026-05-15,2027-05-15,Active
P001911,C04327,Health,34230.54,1289318,2023-05-03,2024-05-03,Active
P001912,C02128,Health,58217.55,1961778,2026-06-29,2027-06-29,Active
P001913,C01023,Life,80059.55,4237849,2025-12-08,2026-12-08,Active
P001914,C08762,Vehicle,14043.64,594790,2024-01-30,2025-01-30,Active
P001915,C05614,Health,40204.3,1786482,2026-06-10,2027-06-10,Expired
P001916,C05581,Health,45063.35,1535591,2025-12-02,2026-12-02,Active
P001917,C01058,Life,45722.17,4507886,2022-09-24,2023-09-24,Expired
P001918,C09542,Life,78396.83,2861373,2025-04-28,2026-04-28,Active
P001919,C06856,Life,98607.72,4250925,2025-11-05,2026-11-05,Active
P001920,C07349,Life,44605.65,3944885,2021-04-26,2022-04-26,Active
P001921,C09045,Health,29946.31,1044471,2026-04-22,2027-04-22,Expired
P001922,C02129,Vehicle,8131.37,587653,2024-10-23,2025-10-23,Active
P001923,C02767,Vehicle,19142.55,858829,2023-04-16,2024-04-16,Active
P001924,C02109,Vehicle,8686.27,302049,2025-08-12,2026-08-12,Active
P001925,C03617,Health,16483.62,608764,2025-04-17,2026-04-17,Active
P001926,C01545,Health,20949.74,1353280,2024-11-15,2025-11-15,Active
P001927,C06914,Vehicle,13814.96,679030,2023-07-03,2024-07-03,Active
P001928,C01719,Vehicle,5433.8,349246,2023-01-25,2024-01-25,Active
P001929,C07435,Health,9111.57,510819,2026-05-29,2027-05-29,Active
P001930,C07365,Vehicle,9734.53,326604,2025-12-23,2026-12-23,Active
P001931,C06235,Vehicle,10714.07,378056,2026-07-29,2027-07-29,Active
P001932,C00725,Health,14227.91,631793,2024-04-22,2025-04-22,Active
P001933,C06673,Life,30657.44,1403047,2025-12-04,2026-12-04,Active
P001934,C08029,Vehicle,8406.57,562573,2019-07-01,2020-07-01,Active
P001935,C05492,Health,16233.71,614153,2025-04-23,2026-04-23,Active
P001936,C01128,Life,56725.95,2223240,2024-09-05,2025-09-05,Active
P001937,C02957,Life,183209.35,8490291,2026-05-07,2027-05-07,Active
P001938,C05156,Health,10001.01,569926,2024-11-26,2025-11-26,Expired
P001939,C04817,Health,8626.3,767461,2026-04-20,2027-04-20,Expired
P001940,C06202,Life,93299.45,8245056,2023-02-19,2024-02-19,Active
P001941,C06224,Life,160584.41,5947882,2025-07-26,2026-07-26,Active
P001942,C08686,Vehicle,10719.23,731077,2026-07-22,2027-07-22,Active
P001943,C07114,Health,9958.25,522243,2026-05-10,2027-05-10,Active
P001944,C05275,Life,45325.2,2699161,2022-09-22,2023-09-22,Expired
P001945,C08536,Vehicle,15789.85,776133,2022-09-30,2023-09-30,Active
P001946,C03044,Health,11516.23,525771,2026-06-05,2027-06-05,Active
P001947,C06912,Life,119324.04,4248312,2025-07-06,2026-07-06,Active
P001948,C00150,Health,22938.77,1245309,2026-06-28,2027-06-28,Active
P001949,C07574,Life,64780.16,5079421,2025-06-29,2026-06-29,Active
P001950,C04206,Vehicle,17087.01,912916,2025-02-27,2026-02-27,Expired
P001951,C05493,Health,24980.86,1152609,2024-07-01,2025-07-01,Active
P001952,C02690,Health,24012.16,1484662,2021-04-04,2022-04-04,Active
P001953,C04221,Health,10521.76,516948,2026-01-23,2027-01-23,Active
P001954,C09102,Life,100362.29,4982698,2026-07-23,2027-07-23,Expired
P001955,C00842,Vehicle,12531.73,742563,2025-09-26,2026-09-26,Expired
P001956,C08137,Life,112501.79,4376603,2020-12-18,2021-12-18,Active
P001957,C06438,Vehicle,17378.58,790106,2024-01-19,2025-01-19,Active
P001958,C09700,Vehicle,14553.2,651965,2023-04-29,2024-04-29,Active
P001959,C06200,Life,237293.54,8621924,2025-08-07,2026-08-07,Expired
P001960,C02795,Vehicle,6920.88,303876,2022-06-22,2023-06-22,Active
P001961,C07626,Life,67633.1,4575870,2020-12-06,2021-12-06,Active
P001962,C08475,Health,31249.98,1195237,2022-04-16,2023-04-16,Active
P001963,C07890,Health,8871.55,514104,2021-02-26,2022-02-26,Active
P001964,C06608,Health,9527.71,741569,2026-05-12,2027-05-12,Active
P001965,C09195,Life,76563.03,7038275,2026-03-24,2027-03-24,Active
P001966,C08248,Health,12440.78,865211,2025-06-15,2026-06-15,Active
P001967,C01393,Life,69572.14,5126595,2022-08-23,2023-08-23,Active
P001968,C01922,Vehicle,4231.56,406105,2021-06-16,2022-06-16,Active
P001969,C07019,Health,12285.97,732718,2026-03-16,2027-03-16,Active
P001970,C03622,Health,33396.97,1275192,2024-02-28,2025-02-28,Active
P001971,C04849,Health,49932.03,1806953,2026-01-04,2027-01-04,Expired
P001972,C02292,Life,94665.93,3423170,2026-06-10,2027-06-10,Active
P001973,C02134,Health,28398.17,1616848,2022-07-22,2023-07-22,Active
P001974,C00551,Life,145024.73,5102862,2026-01-14,2027-01-14,Active
P001975,C01741,Vehicle,13683.44,861479,2024-08-22,2025-08-22,Active
P001976,C05290,Health,47162.11,1820071,2025-11-06,2026-11-06,Expired
P001977,C01818,Health,47808.76,1724909,2025-05-11,2026-05-11,Active
P001978,C04699,Health,38395.81,1487060,2020-07-29,2021-07-29,Active
P001979,C05182,Vehicle,17692.69,706968,2019-11-19,2020-11-19,Active
P001980,C03019,Health,31496.29,1545614,2026-03-20,2027-03-20,Active
P001981,C00018,Health,38272.14,1602002,2020-10-24,2021-10-24,Active
P001982,C01771,Health,22980.41,1062740,2026-03-28,2027-03-28,Active
P001983,C01889,Health,19989.56,1862597,2024-01-29,2025-01-29,Active
P001984,C02153,Vehicle,9779.11,545770,2025-08-24,2026-08-24,Active
P001985,C01643,Vehicle,11818.27,899125,2025-10-24,2026-10-24,Expired
P001986,C07847,Life,30727.19,2422018,2025-09-07,2026-09-07,Active
P001987,C04194,Health,18069.06,1237306,2024-09-02,2025-09-02,Active
P001988,C09433,Health,22326.98,1205427,2020-10-20,2021-10-20,Active
P001989,C08899,Life,152740.12,9347387,2022-03-25,2023-03-25,Active
P001990,C00534,Life,75373.5,4922352,2022-07-13,2023-07-13,Active
P001991,C00133,Vehicle,16348.18,608824,2019-03-17,2020-03-17,Active
P001992,C07723,Vehicle,16829.73,589852,2022-08-18,2023-08-18,Active
P001993,C08459,Life,34356.83,1642255,2025-07-24,2026-07-24,Active
P001994,C00965,Life,83397.33,5194700,2024-05-27,2025-05-27,Expired
P001995,C08720,Vehicle,8119.14,587796,2026-06-14,2027-06-14,Active
P001996,C06413,Health,46298.38,1639017,2024-04-17,2025-04-17,Active
P001997,C08286,Vehicle,17026.34,663470,2020-11-28,2021-11-28,Active
P001998,C07854,Health,43174.22,1716251,2023-03-13,2024-03-13,Active
P001999,C01096,Health,22204.25,813065,2024-03-26,2025-03-26,Active
P002000,C06930,Health,18322.15,940139,2022-06-08,2023-06-08,Active
P002001,C09255,Health,36260.02,1483015,2026-07-01,2027-07-01,Active
P002002,C01562,Health,31130.14,1156565,2024-04-15,2025-04-15,Active
P002003,C01671,Vehicle,10473.14,737977,2024-03-08,2025-03-08,Active
P002004,C06088,Life,93113.26,7286425,2024-04-27,2025-04-27,Expired
P002005,C06670,Vehicle,6201.78,310151,2025-06-24,2026-06-24,Active
P002006,C05934,Life,87927.56,4783105,2020-05-10,2021-05-10,Active
P002007,C08830,Life,99576.91,6027078,2025-01-16,2026-01-16,Active
P002008,C07946,Vehicle,5829.53,445893,2024-11-04,2025-11-04,Expired
P002009,C03509,Health,47311.46,1820868,2026-01-07,2027-01-07,Expired
P002010,C02003,Life,223742.11,7557976,2020-12-12,2021-12-12,Active
P002011,C05867,Health,28736.54,1620907,2024-03-26,2025-03-26,Active
P002012,C00169,Health,32961.34,1446938,2024-11-09,2025-11-09,Active
P002013,C02589,Health,40333.43,1915337,2025-09-29,2026-09-29,Active
P002014,C05906,Health,16065.37,1524696,2020-01-27,2021-01-27,Active
P002015,C09530,Health,20524.7,1309278,2025-12-21,2026-12-21,Active
P002016,C06385,Life,41509.92,2174060,2026-07-04,2027-07-04,Active
P002017,C07825,Life,176281.3,6482325,2023-12-22,2024-12-22,Active
P002018,C09780,Vehicle,5235.97,416123,2025-08-13,2026-08-13,Active
P002019,C04630,Vehicle,20600.91,707888,2025-10-01,2026-10-01,Expired
P002020,C08561,Health,15083.1,931335,2020-05-08,2021-05-08,Expired
P002021,C09292,Life,80877.78,3663907,2025-07-15,2026-07-15,Expired
P002022,C06875,Life,229486.4,9430131,2023-08-16,2024-08-16,Active
P002023,C06522,Health,15117.44,799246,2023-12-14,2024-12-14,Expired
P002024,C08980,Life,105484.52,5141290,2024-08-31,2025-08-31,Expired
P002025,C06648,Health,28209.25,1465118,2026-02-19,2027-02-19,Active
P002026,C09826,Vehicle,27003.76,977693,2025-10-05,2026-10-05,Active
P002027,C00211,Health,51498.29,1992433,2026-08-05,2027-08-05,Active
P002028,C05279,Vehicle,8850.99,483633,2018-10-14,2019-10-14,Active
P002029,C01920,Life,158023.29,8249042,2024-08-07,2025-08-07,Expired
P002030,C00719,Health,20158.5,1692472,2026-03-18,2027-03-18,Active
P002031,C04869,Health,12863.37,831207,2019-05-28,2020-05-28,Active
P002032,C07835,Vehicle,8865.19,369986,2026-07-26,2027-07-26,Active
P002033,C01299,Health,27974.74,1534918,2025-05-29,2026-05-29,Active
P002034,C09194,Life,82862.84,7186297,2026-02-05,2027-02-05,Active
P002035,C04618,Vehicle,11682.89,641849,2026-08-02,2027-08-02,Active
P002036,C03129,Health,11422.97,593606,2022-09-18,2023-09-18,Active
P002037,C09796,Health,25882.75,1468682,2026-01-02,2027-01-02,Active
P002038,C03980,Health,14325.09,1331886,2025-09-10,2026-09-10,Active
P002039,C09925,Health,13005.81,786220,2025-03-23,2026-03-23,Active
P002040,C08318,Life,24989.34,2144829,2024-10-16,2025-10-16,Active
P002041,C04394,Health,18157.31,1417973,2022-01-02,2023-01-02,Expired
P002042,C01288,Health,22961.92,857751,2026-05-15,2027-05-15,Active
P002043,C04356,Life,63794.98,3082914,2024-10-15,2025-10-15,Active
P002044,C07014,Health,12327.44,523510,2025-11-13,2026-11-13,Active
P002045,C03886,Life,112579.9,4635160,2025-09-25,2026-09-25,Expired
P002046,C05750,Life,201447.74,8416504,2024-08-18,2025-08-18,Expired
P002047,C09170,Vehicle,22603.24,972149,2026-04-19,2027-04-19,Active
P002048,C02408,Life,116541.24,6172822,2025-04-02,2026-04-02,Active
P002049,C02014,Life,185800.66,7331646,2025-02-28,2026-02-28,Expired
P002050,C05154,Health,14003.28,1000255,2026-03-14,2027-03-14,Active
P002051,C08552,Vehicle,5278.31,315267,2025-07-03,2026-07-03,Active
P002052,C04377,Life,137137.05,4700514,2025-08-01,2026-08-01,Active
P002053,C08823,Health,25282.53,1892737,2026-06-27,2027-06-27,Active
P002054,C04274,Health,19098.37,725829,2022-12-17,2023-12-17,Active
P002055,C05826,Life,128369.0,4474885,2025-10-03,2026-10-03,Active
P002056,C06700,Health,14095.66,987395,2026-03-08,2027-03-08,Active
P002057,C07244,Health,31004.25,1343347,2026-07-18,2027-07-18,Active
P002058,C00450,Life,53121.77,4692601,2025-08-22,2026-08-22,Expired
P002059,C02228,Vehicle,7472.67,686903,2024-03-06,2025-03-06,Expired
P002060,C05757,Life,278274.34,9381494,2024-11-03,2025-11-03,Active
P002061,C00811,Life,58299.51,3876606,2022-05-08,2023-05-08,Active
P002062,C04181,Life,177133.76,7519046,2023-05-20,2024-05-20,Expired
P002063,C09001,Vehicle,8754.67,648176,2025-06-26,2026-06-26,Active
P002064,C05439,Health,37271.46,1897480,2025-02-22,2026-02-22,Active
P002065,C07534,Vehicle,17335.76,913455,2026-04-10,2027-04-10,Active
P002066,C06370,Health,33836.54,1555748,2023-04-21,2024-04-21,Expired
P002067,C08417,Health,45134.95,1792576,2025-05-09,2026-05-09,Active
P002068,C01478,Vehicle,18841.39,749312,2024-06-19,2025-06-19,Active
P002069,C01791,Life,145483.75,7283463,2025-04-15,2026-04-15,Active
P002070,C02009,Life,24149.0,1635969,2024-12-17,2025-12-17,Active
P002071,C00683,Vehicle,18967.55,765280,2025-01-14,2026-01-14,Active
P002072,C02817,Life,33984.92,1664503,2026-04-01,2027-04-01,Expired
P002073,C09432,Life,146051.17,5839473,2024-01-01,2025-01-01,Active
P002074,C03775,Health,18092.36,1218753,2025-09-16,2026-09-16,Active
P002075,C06496,Health,56398.09,1894618,2026-02-08,2027-02-08,Expired
P002076,C08879,Life,104866.9,4731991,2026-04-17,2027-04-17,Active
P002077,C07362,Health,32259.76,1427698,2025-04-10,2026-04-10,Active
P002078,C08367,Vehicle,5541.1,501814,2022-02-04,2023-02-04,Expired
P002079,C07475,Vehicle,5108.78,431660,2025-09-26,2026-09-26,Active
P002080,C00047,Health,13674.77,928601,2026-07-25,2027-07-25,Active
P002081,C00031,Vehicle,8323.13,626592,2020-10-15,2021-10-15,Active
P002082,C08251,Life,83153.26,5177013,2025-09-17,2026-09-17,Active
P002083,C06936,Health,14238.79,922368,2025-11-18,2026-11-18,Active
P002084,C01469,Vehicle,12163.09,677048,2025-11-22,2026-11-22,Active
P002085,C01666,Vehicle,18412.33,829837,2026-05-17,2027-05-17,Active
P002086,C01417,Life,94466.62,9086630,2025-05-09,2026-05-09,Active
P002087,C06481,Vehicle,13466.7,614815,2025-11-10,2026-11-10,Active
P002088,C04853,Vehicle,10033.42,569789,2026-06-19,2027-06-19,Active
P002089,C02471,Life,103718.16,9067229,2026-05-06,2027-05-06,Active
P002090,C04374,Life,101843.82,3595845,2024-10-21,2025-10-21,Active
P002091,C08525,Vehicle,13730.38,692437,2024-08-25,2025-08-25,Expired
P002092,C00430,Health,22676.28,1282541,2025-11-12,2026-11-12,Active
P002093,C05245,Vehicle,6810.35,374694,2023-08-23,2024-08-23,Active
P002094,C02120,Health,37436.96,1307038,2026-01-26,2027-01-26,Active
P002095,C00386,Health,26323.31,1035315,2026-06-23,2027-06-23,Active
P002096,C01946,Health,39290.8,1987150,2022-12-23,2023-12-23,Active
P002097,C04225,Vehicle,17397.22,982524,2025-03-09,2026-03-09,Active
P002098,C00474,Health,16055.14,1501863,2026-06-18,2027-06-18,Expired
P002099,C02130,Life,35302.85,1474058,2023-12-24,2024-12-24,Active
P002100,C06557,Vehicle,22461.07,777595,2026-01-26,2027-01-26,Active
P002101,C06999,Life,37998.04,3708302,2026-07-31,2027-07-31,Active
P002102,C01056,Vehicle,12621.5,703017,2026-02-16,2027-02-16,Active
P002103,C03275,Health,44764.48,1587450,2026-01-24,2027-01-24,Expired
P002104,C04962,Life,122894.39,8161714,2025-03-26,2026-03-26,Active
P002105,C05364,Health,52164.28,1880945,2022-01-06,2023-01-06,Active
P002106,C05817,Health,8363.88,686381,2024-12-07,2025-12-07,Active
P002107,C00812,Life,52206.31,3394334,2024-07-27,2025-07-27,Active
P002108,C04574,Vehicle,6310.67,623066,2026-08-03,2027-08-03,Active
P002109,C06138,Health,8013.7,703152,2025-08-06,2026-08-06,Active
P002110,C02389,Health,29525.39,1872630,2025-10-30,2026-10-30,Active
P002111,C09649,Health,21453.93,890909,2026-07-05,2027-07-05,Active
P002112,C06226,Vehicle,7901.76,415593,2026-07-13,2027-07-13,Expired
P002113,C00112,Health,15591.3,623694,2019-07-12,2020-07-12,Expired
P002114,C08910,Life,147852.69,7858398,2022-10-16,2023-10-16,Expired
P002115,C01746,Health,24442.81,1834698,2022-01-18,2023-01-18,Active
P002116,C07852,Life,63686.03,5643299,2025-06-17,2026-06-17,Active
P002117,C01453,Vehicle,18970.42,808763,2022-03-23,2023-03-23,Active
P002118,C00320,Health,12006.43,515155,2025-07-15,2026-07-15,Active
P002119,C08594,Vehicle,10659.29,521321,2026-07-05,2027-07-05,Active
P002120,C03334,Life,156387.96,5459984,2026-06-07,2027-06-07,Active
P002121,C01923,Health,23433.93,1400629,2025-12-09,2026-12-09,Active
P002122,C05866,Life,165621.9,6288577,2021-10-23,2022-10-23,Expired
P002123,C09529,Health,28739.67,1293637,2024-09-28,2025-09-28,Expired
P002124,C03686,Health,7144.68,710087,2024-11-30,2025-11-30,Expired
P002125,C04276,Life,35007.53,3329735,2026-02-11,2027-02-11,Active
P002126,C04890,Health,49218.22,1966464,2023-03-01,2024-03-01,Active
P002127,C05226,Vehicle,27147.23,990881,2025-09-18,2026-09-18,Active
P002128,C07473,Vehicle,9014.61,303281,2026-07-27,2027-07-27,Expired
P002129,C03606,Health,12128.61,534876,2026-07-05,2027-07-05,Expired
P002130,C01053,Health,27862.15,1182675,2025-04-08,2026-04-08,Active
P002131,C04157,Life,40128.72,2365149,2026-01-12,2027-01-12,Expired
P002132,C09677,Vehicle,23767.64,799250,2023-11-10,2024-11-10,Expired
P002133,C00100,Vehicle,11170.49,703553,2026-03-26,2027-03-26,Active
P002134,C07509,Health,43781.66,1590633,2020-06-20,2021-06-20,Active
P002135,C01457,Health,7114.61,566575,2022-10-19,2023-10-19,Active
P002136,C07689,Health,57204.12,1911513,2025-11-16,2026-11-16,Expired
P002137,C04005,Life,246993.43,8487448,2024-02-22,2025-02-22,Active
P002138,C06867,Life,72343.07,5082836,2024-05-19,2025-05-19,Active
P002139,C04510,Life,30278.52,2500416,2023-07-15,2024-07-15,Expired
P002140,C03300,Life,181720.8,6477774,2024-01-20,2025-01-20,Active
P002141,C03800,Vehicle,13294.97,570143,2020-10-10,2021-10-10,Expired
P002142,C04282,Life,93263.6,3277614,2026-03-01,2027-03-01,Active
P002143,C09052,Vehicle,17806.88,648967,2024-08-05,2025-08-05,Expired
P002144,C06463,Life,47702.68,2084932,2026-04-04,2027-04-04,Active
P002145,C07913,Vehicle,16159.24,700189,2025-04-04,2026-04-04,Active
P002146,C01415,Health,37065.07,1416376,2025-06-27,2026-06-27,Active
P002147,C00541,Vehicle,4792.49,391939,2020-01-13,2021-01-13,Active
P002148,C05816,Vehicle,12378.87,497296,2024-08-29,2025-08-29,Active
P002149,C08200,Health,33652.64,1157189,2023-09-05,2024-09-05,Active
P002150,C03681,Health,13730.0,629782,2024-04-22,2025-04-22,Active
P002151,C00755,Health,22762.47,1388560,2023-12-29,2024-12-29,Active
P002152,C04197,Vehicle,8819.67,432442,2022-11-26,2023-11-26,Active
P002153,C02651,Health,13534.54,1329030,2025-01-26,2026-01-26,Expired
P002154,C04523,Life,159927.69,5979872,2023-10-09,2024-10-09,Active
P002155,C09520,Life,74333.8,5754542,2025-12-13,2026-12-13,Active
P002156,C03119,Vehicle,7384.74,336012,2025-06-19,2026-06-19,Active
P002157,C03729,Vehicle,6643.35,429461,2026-04-24,2027-04-24,Expired
P002158,C03887,Vehicle,25556.82,961732,2024-09-28,2025-09-28,Active
P002159,C07108,Vehicle,7767.57,695007,2024-11-23,2025-11-23,Expired
P002160,C08069,Life,122229.53,4533501,2025-10-30,2026-10-30,Expired
P002161,C07326,Health,17369.33,610239,2024-07-14,2025-07-14,Active
P002162,C08484,Health,21123.14,1321680,2025-11-10,2026-11-10,Expired
P002163,C08768,Health,24866.52,833852,2023-07-08,2024-07-08,Active
P002164,C06501,Life,266548.55,8942696,2025-09-23,2026-09-23,Active
P002165,C08427,Life,241811.98,9855760,2022-05-10,2023-05-10,Active
P002166,C07964,Vehicle,15634.4,874630,2026-05-09,2027-05-09,Active
P002167,C00602,Life,51509.76,1908038,2023-04-20,2024-04-20,Active
P002168,C09250,Vehicle,10160.74,471646,2024-03-18,2025-03-18,Active
P002169,C08920,Life,48686.05,3429724,2025-12-26,2026-12-26,Expired
P002170,C06815,Health,18998.23,1865745,2026-06-21,2027-06-21,Active
P002171,C05412,Vehicle,7972.71,454775,2026-06-30,2027-06-30,Expired
P002172,C08748,Health,24321.29,852789,2020-11-30,2021-11-30,Active
P002173,C05523,Health,25338.23,876717,2021-10-15,2022-10-15,Active
P002174,C01045,Life,146052.05,6678849,2019-04-01,2020-04-01,Expired
P002175,C07335,Vehicle,10781.92,723618,2025-02-25,2026-02-25,Active
P002176,C01558,Health,26962.15,1134786,2022-08-06,2023-08-06,Expired
P002177,C03740,Life,186215.15,7297691,2026-02-19,2027-02-19,Expired
P002178,C03523,Life,63974.07,2503425,2026-03-19,2027-03-19,Expired
P002179,C00181,Life,127214.45,5617358,2024-02-01,2025-02-01,Active
P002180,C02116,Vehicle,4920.86,422292,2026-07-08,2027-07-08,Active
P002181,C01700,Vehicle,12099.31,834510,2024-09-10,2025-09-10,Active
P002182,C01380,Health,23298.09,1505580,2023-09-29,2024-09-29,Active
P002183,C07230,Life,71393.83,4038296,2026-06-14,2027-06-14,Expired
P002184,C09144,Health,24122.3,1125713,2025-05-01,2026-05-01,Active
P002185,C00619,Vehicle,11829.71,863621,2025-08-22,2026-08-22,Expired
P002186,C03182,Life,256684.13,9999580,2021-12-02,2022-12-02,Active
P002187,C09852,Life,77263.06,3081873,2025-04-11,2026-04-11,Active
P002188,C01601,Health,10156.19,746050,2025-10-23,2026-10-23,Active
P002189,C05964,Life,221173.61,8503322,2026-07-09,2027-07-09,Active
P002190,C01616,Health,21496.63,932495,2022-02-17,2023-02-17,Active
P002191,C05921,Vehicle,3936.82,336705,2021-10-01,2022-10-01,Active
P002192,C09592,Life,71610.75,3879023,2025-12-04,2026-12-04,Expired
P002193,C03892,Life,66012.17,6043230,2025-12-29,2026-12-29,Expired
P002194,C02084,Health,25856.1,1115297,2024-11-28,2025-11-28,Active
P002195,C04575,Vehicle,12847.49,628137,2024-11-21,2025-11-21,Expired
P002196,C05595,Life,135810.53,9566284,2022-09-20,2023-09-20,Active
P002197,C05122,Health,10705.0,997235,2026-08-03,2027-08-03,Active
P002198,C04588,Health,27729.92,951334,2026-02-23,2027-02-23,Active
P002199,C04903,Life,109210.31,7024113,2025-11-14,2026-11-14,Active
P002200,C08253,Health,24960.97,1653116,2022-02-28,2023-02-28,Active
P002201,C05917,Health,25603.21,1338985,2024-12-17,2025-12-17,Expired
P002202,C05130,Life,70508.5,3403234,2026-06-25,2027-06-25,Active
P002203,C08335,Health,43749.08,1827748,2024-07-27,2025-07-27,Active
P002204,C01919,Health,43121.65,1878495,2025-04-10,2026-04-10,Active
P002205,C08331,Life,58372.34,3575158,2024-05-01,2025-05-01,Active
P002206,C05708,Health,26399.47,1765856,2023-05-30,2024-05-30,Active
P002207,C05385,Vehicle,15868.78,875006,2021-04-05,2022-04-05,Active
P002208,C06337,Life,168590.13,6595492,2021-12-01,2022-12-01,Active
P002209,C02055,Health,10950.62,1073878,2025-02-02,2026-02-02,Active
P002210,C07613,Vehicle,20238.55,697024,2025-07-14,2026-07-14,Active
P002211,C09210,Health,39407.18,1604099,2026-07-21,2027-07-21,Active
P002212,C03964,Health,18185.47,1526804,2025-03-15,2026-03-15,Active
P002213,C01127,Vehicle,12527.95,595694,2025-07-17,2026-07-17,Active
P002214,C03429,Health,14038.18,858083,2024-01-02,2025-01-02,Active
P002215,C04602,Vehicle,18036.36,857509,2025-06-30,2026-06-30,Expired
P002216,C03722,Life,47673.68,3140306,2023-03-01,2024-03-01,Active
P002217,C02390,Vehicle,12395.88,989504,2023-03-29,2024-03-29,Active
P002218,C01323,Health,17329.53,610865,2026-05-08,2027-05-08,Active
P002219,C01604,Life,122048.94,5179399,2021-01-17,2022-01-17,Active
P002220,C07225,Vehicle,22599.33,760282,2021-06-27,2022-06-27,Active
P002221,C07426,Health,31331.25,1078442,2026-07-31,2027-07-31,Active
P002222,C04337,Vehicle,8694.03,539876,2025-01-02,2026-01-02,Expired
P002223,C05594,Health,34369.73,1352523,2022-10-02,2023-10-02,Expired
P002224,C04412,Life,56250.62,2286698,2024-01-23,2025-01-23,Expired
P002225,C05859,Vehicle,4211.35,360200,2025-08-01,2026-08-01,Active
P002226,C09344,Vehicle,9100.93,311214,2024-12-08,2025-12-08,Active
P002227,C03992,Vehicle,8680.83,443055,2023-06-25,2024-06-25,Active
P002228,C06080,Vehicle,20562.15,858271,2023-01-30,2024-01-30,Active
P002229,C01560,Health,12512.84,515288,2026-01-27,2027-01-27,Active
P002230,C04683,Life,152334.01,5097436,2025-01-02,2026-01-02,Active
P002231,C07558,Health,38068.8,1607529,2024-08-04,2025-08-04,Active
P002232,C03773,Health,20047.61,853437,2025-06-19,2026-06-19,Expired
P002233,C08780,Vehicle,7234.02,536001,2023-12-15,2024-12-15,Active
P002234,C03458,Vehicle,19476.44,670453,2023-07-14,2024-07-14,Active
P002235,C08384,Health,37708.29,1282832,2026-04-06,2027-04-06,Active
P002236,C01355,Life,47047.61,2977453,2026-06-29,2027-06-29,Active
P002237,C00046,Health,12496.26,504685,2023-06-06,2024-06-06,Active
P002238,C09873,Life,174752.22,6114027,2025-08-10,2026-08-10,Expired
P002239,C00749,Life,45772.55,1594402,2024-11-18,2025-11-18,Expired
P002240,C07918,Health,10621.14,620579,2026-03-13,2027-03-13,Active
P002241,C04242,Life,84242.01,6937335,2021-03-07,2022-03-07,Active
P002242,C05629,Health,22956.11,1343197,2021-02-01,2022-02-01,Active
P002243,C04658,Life,49844.58,2421764,2024-06-07,2025-06-07,Expired
P002244,C04239,Vehicle,8222.98,811088,2021-11-30,2022-11-30,Active
P002245,C03461,Health,26630.23,1487126,2024-12-06,2025-12-06,Active
P002246,C07382,Health,18283.88,882063,2026-02-28,2027-02-28,Active
P002247,C05550,Vehicle,26469.96,988159,2024-08-10,2025-08-10,Active
P002248,C07076,Health,14264.66,1410080,2026-01-07,2027-01-07,Expired
P002249,C05839,Health,10096.39,732082,2024-10-28,2025-10-28,Active
P002250,C08092,Vehicle,18137.37,647302,2023-05-20,2024-05-20,Active
P002251,C05475,Life,263949.61,9041235,2026-03-11,2027-03-11,Expired
P002252,C03615,Health,32042.4,1525649,2025-10-01,2026-10-01,Active
P002253,C07502,Health,29559.2,1181338,2026-03-06,2027-03-06,Active
P002254,C07054,Life,95013.14,7523795,2023-06-04,2024-06-04,Expired
P002255,C07368,Health,10023.24,764500,2023-12-11,2024-12-11,Active
P002256,C08020,Life,54849.51,4967894,2025-05-11,2026-05-11,Expired
P002257,C09639,Life,21203.69,1134702,2025-05-29,2026-05-29,Active
P002258,C09056,Health,20930.6,1399577,2019-11-05,2020-11-05,Active
P002259,C00665,Life,81009.69,5185358,2024-12-21,2025-12-21,Active
P002260,C02320,Life,120130.1,5149917,2024-12-06,2025-12-06,Active
P002261,C03543,Life,65561.88,2729141,2026-05-25,2027-05-25,Active
P002262,C03678,Health,39282.11,1739828,2024-02-29,2025-02-28,Active
P002263,C09600,Health,14444.92,1341551,2023-03-22,2024-03-22,Expired
P002264,C03092,Vehicle,7733.97,747011,2023-01-22,2024-01-22,Active
P002265,C00676,Health,23547.21,1297657,2023-06-12,2024-06-12,Active
P002266,C08677,Life,70484.4,4882711,2026-08-05,2027-08-05,Active
P002267,C04885,Health,31928.61,1395636,2025-03-03,2026-03-03,Active
P002268,C08080,Life,164702.35,5706947,2022-08-06,2023-08-06,Active
P002269,C01963,Life,24513.92,1797863,2025-10-24,2026-10-24,Active
P002270,C01841,Life,91079.26,6396217,2025-01-25,2026-01-25,Active
P002271,C07169,Health,13243.31,711312,2026-01-17,2027-01-17,Active
P002272,C09899,Life,106308.98,6608323,2026-02-24,2027-02-24,Active
P002273,C03539,Health,42106.75,1657141,2022-10-27,2023-10-27,Active
P002274,C08027,Vehicle,16877.5,678939,2023-07-04,2024-07-04,Active
P002275,C04867,Vehicle,12648.71,549825,2026-06-20,2027-06-20,Active
P002276,C04175,Health,9117.63,723064,2022-01-10,2023-01-10,Active
P002277,C08089,Life,58135.86,4194945,2026-04-09,2027-04-09,Active
P002278,C04378,Life,108245.37,6752873,2021-04-23,2022-04-23,Active
P002279,C06212,Health,39527.32,1618951,2026-04-08,2027-04-08,Active
P002280,C04767,Life,145745.71,5236674,2025-11-26,2026-11-26,Active
P002281,C00412,Health,49420.56,1675130,2020-06-15,2021-06-15,Expired
P002282,C00614,Health,21057.38,746266,2026-06-08,2027-06-08,Active
P002283,C06127,Life,244068.33,9453526,2023-06-20,2024-06-20,Active
P002284,C05211,Vehicle,6873.12,435197,2025-01-04,2026-01-04,Expired
P002285,C01431,Life,103993.62,4190874,2025-07-30,2026-07-30,Active
P002286,C02426,Life,282973.69,9614893,2022-04-28,2023-04-28,Active
P002287,C08842,Vehicle,14934.69,702810,2025-10-02,2026-10-02,Active
P002288,C03834,Life,61177.67,4471618,2026-06-02,2027-06-02,Active
P002289,C04719,Health,19958.87,1961131,2026-07-29,2027-07-29,Expired
P002290,C07186,Health,37599.36,1556582,2025-07-29,2026-07-29,Active
P002291,C01418,Life,74804.51,4696630,2026-07-14,2027-07-14,Active
P002292,C07200,Life,51908.61,4756912,2026-07-11,2027-07-11,Active
P002293,C00605,Health,23380.47,810670,2022-02-17,2023-02-17,Active
P002294,C01273,Life,42597.41,1864361,2025-10-09,2026-10-09,Active
P002295,C03965,Health,19978.27,1621126,2020-07-06,2021-07-06,Active
P002296,C06368,Vehicle,11330.14,687040,2022-04-10,2023-04-10,Expired
P002297,C08747,Health,25754.79,1053728,2020-10-17,2021-10-17,Active
P002298,C00248,Vehicle,19023.35,640404,2023-06-28,2024-06-28,Active
P002299,C09227,Life,100181.51,6964017,2025-11-10,2026-11-10,Expired
P002300,C01983,Health,11054.33,532796,2026-07-19,2027-07-19,Expired
P002301,C02836,Vehicle,11056.58,911593,2026-07-20,2027-07-20,Active
P002302,C05376,Vehicle,14928.55,985584,2025-08-21,2026-08-21,Active
P002303,C00200,Life,117430.47,4458774,2024-10-11,2025-10-11,Active
P002304,C00486,Life,100113.5,7634775,2025-11-24,2026-11-24,Active
P002305,C06084,Health,16507.81,1273094,2025-09-06,2026-09-06,Active
P002306,C08957,Vehicle,10709.8,781705,2025-09-11,2026-09-11,Expired
P002307,C00456,Life,266429.83,9229532,2025-07-08,2026-07-08,Active
P002308,C09799,Life,82249.97,6203625,2023-07-24,2024-07-24,Active
P002309,C08827,Health,24414.41,1774695,2026-04-06,2027-04-06,Active
P002310,C06516,Life,243329.82,8634038,2021-11-02,2022-11-02,Expired
P002311,C01722,Life,125391.87,9837877,2025-02-25,2026-02-25,Active
P002312,C07051,Health,12450.87,709148,2025-05-09,2026-05-09,Active
P002313,C06383,Health,53128.3,1851576,2025-04-21,2026-04-21,Active
P002314,C08166,Vehicle,7463.03,580658,2023-08-26,2024-08-26,Active
P002315,C05768,Life,33747.96,1157641,2025-12-24,2026-12-24,Active
P002316,C05810,Health,32726.5,1209655,2024-09-03,2025-09-03,Active
P002317,C04627,Health,46795.01,1680384,2024-12-05,2025-12-05,Expired
P002318,C00863,Vehicle,10500.63,802171,2025-03-30,2026-03-30,Active
P002319,C02095,Life,31948.63,3064864,2024-02-22,2025-02-22,Active
P002320,C00948,Life,55043.55,2720773,2025-06-19,2026-06-19,Expired
P002321,C05642,Life,49919.92,4763343,2023-09-03,2024-09-03,Active
P002322,C01445,Life,84383.77,5812480,2024-12-12,2025-12-12,Expired
P002323,C01281,Life,57245.98,2885904,2026-06-23,2027-06-23,Expired
P002324,C03111,Health,18706.58,1091007,2025-12-27,2026-12-27,Active
P002325,C08953,Health,18919.88,677847,2022-11-16,2023-11-16,Active
P002326,C07610,Life,165298.92,9899988,2026-06-05,2027-06-05,Active
P002327,C05136,Life,136307.21,6059400,2026-04-27,2027-04-27,Active
P002328,C03017,Vehicle,16549.01,584261,2022-04-27,2023-04-27,Active
P002329,C02303,Vehicle,9797.34,380079,2022-04-01,2023-04-01,Expired
P002330,C02005,Health,24252.59,1875425,2025-06-22,2026-06-22,Active
P002331,C04581,Vehicle,21078.36,801672,2025-10-16,2026-10-16,Active
P002332,C08705,Life,73131.81,5672054,2024-03-25,2025-03-25,Active
P002333,C01006,Health,22294.7,1307440,2026-01-11,2027-01-11,Active
P002334,C05139,Health,30145.98,1368104,2025-02-22,2026-02-22,Active
P002335,C04318,Vehicle,28026.09,985720,2026-07-26,2027-07-26,Active
P002336,C06559,Health,33697.49,1629834,2022-12-09,2023-12-09,Active
P002337,C04388,Health,15251.34,1306621,2026-01-08,2027-01-08,Active
P002338,C02133,Vehicle,12752.5,529988,2023-12-16,2024-12-16,Active
P002339,C04266,Life,22212.06,1287807,2024-01-26,2025-01-26,Active
P002340,C02058,Health,8181.18,731014,2026-07-08,2027-07-08,Active
P002341,C05387,Vehicle,7090.58,446118,2022-06-03,2023-06-03,Active
P002342,C00230,Vehicle,11011.7,741531,2026-03-03,2027-03-03,Expired
P002343,C02890,Life,40884.74,3311922,2020-08-28,2021-08-28,Active
P002344,C04473,Life,34496.82,1442027,2025-12-30,2026-12-30,Active
P002345,C06065,Health,16797.47,722318,2022-06-08,2023-06-08,Active
P002346,C07925,Vehicle,4939.8,465856,2023-02-28,2024-02-28,Active
P002347,C07650,Life,23501.62,2292941,2023-11-22,2024-11-22,Expired
P002348,C08382,Vehicle,9528.62,491285,2023-02-05,2024-02-05,Active
P002349,C00210,Vehicle,11914.95,614056,2020-12-04,2021-12-04,Active
P002350,C02759,Life,19222.61,1221617,2025-02-16,2026-02-16,Active
P002351,C08472,Health,12529.23,567358,2024-05-28,2025-05-28,Active
P002352,C02949,Health,35483.7,1331291,2026-07-24,2027-07-24,Active
P002353,C07117,Health,40270.77,1662149,2024-12-30,2025-12-30,Active
P002354,C06331,Life,148373.01,6134397,2024-08-17,2025-08-17,Active
P002355,C01729,Health,14154.0,692804,2026-04-27,2027-04-27,Expired
P002356,C04177,Health,17005.2,944311,2026-06-17,2027-06-17,Active
P002357,C00338,Vehicle,19592.29,886462,2024-04-15,2025-04-15,Active
P002358,C04985,Vehicle,13020.91,800607,2025-09-10,2026-09-10,Active
P002359,C06879,Health,9381.28,845661,2026-07-14,2027-07-14,Active
P002360,C07249,Vehicle,7094.33,583031,2025-01-11,2026-01-11,Active
P002361,C08453,Vehicle,6883.3,651767,2022-08-12,2023-08-12,Active
P002362,C01227,Life,29841.46,2095873,2025-10-16,2026-10-16,Active
P002363,C07609,Vehicle,10450.93,496863,2021-10-08,2022-10-08,Active
P002364,C06828,Health,12455.32,1064486,2025-08-17,2026-08-17,Active
P002365,C03541,Health,16529.93,1514616,2023-05-30,2024-05-30,Active
P002366,C05869,Health,15331.93,517781,2025-04-25,2026-04-25,Active
P002367,C02112,Vehicle,11458.83,824514,2024-01-20,2025-01-20,Active
P002368,C02692,Health,18559.78,771616,2026-05-01,2027-05-01,Active
P002369,C07154,Life,113573.23,9448643,2026-05-23,2027-05-23,Expired
P002370,C03708,Health,44880.18,1731396,2023-09-04,2024-09-04,Active
P002371,C01018,Health,9140.89,578450,2023-11-04,2024-11-04,Active
P002372,C08512,Life,74534.23,2565160,2025-12-22,2026-12-22,Active
P002373,C02808,Health,44532.68,1929124,2026-03-03,2027-03-03,Active
P002374,C05016,Health,31545.43,1551973,2024-01-23,2025-01-23,Active
P002375,C01929,Life,127492.9,6727998,2025-05-24,2026-05-24,Active
P002376,C00351,Health,49018.01,1807512,2021-10-31,2022-10-31,Active
P002377,C05174,Health,34299.77,1932089,2026-03-11,2027-03-11,Active
P002378,C04193,Health,19166.55,657282,2021-02-16,2022-02-16,Active
P002379,C01935,Vehicle,10493.58,402137,2022-10-04,2023-10-04,Active
P002380,C06902,Health,45058.24,1647427,2025-10-05,2026-10-05,Active
P002381,C04824,Vehicle,9780.86,823147,2026-03-11,2027-03-11,Active
P002382,C00565,Health,9529.57,838632,2023-12-31,2024-12-31,Active
P002383,C01583,Vehicle,5088.31,374589,2026-07-01,2027-07-01,Active
P002384,C04695,Life,264352.93,8940001,2026-03-10,2027-03-10,Active
P002385,C02176,Life,96650.37,3356313,2026-03-18,2027-03-18,Expired
P002386,C07029,Life,192925.46,7098050,2025-12-28,2026-12-28,Active
P002387,C04881,Health,24244.69,1927289,2025-01-23,2026-01-23,Active
P002388,C02229,Health,20230.34,1157762,2025-02-24,2026-02-24,Active
P002389,C01116,Life,149022.17,5409512,2020-07-07,2021-07-07,Expired
P002390,C03127,Life,48581.48,1957285,2025-04-01,2026-04-01,Active
P002391,C03545,Vehicle,4036.4,308328,2022-10-27,2023-10-27,Active
P002392,C05049,Health,30497.42,1695657,2023-08-29,2024-08-29,Active
P002393,C07477,Health,34360.59,1469468,2025-06-09,2026-06-09,Active
P002394,C00822,Life,279402.3,9977752,2026-07-28,2027-07-28,Active
P002395,C06533,Health,20616.17,727222,2025-12-06,2026-12-06,Expired
P002396,C02273,Vehicle,9180.36,509160,2025-09-15,2026-09-15,Active
P002397,C05546,Health,34864.62,1767454,2021-01-27,2022-01-27,Active
P002398,C00082,Life,108256.05,5670358,2023-07-23,2024-07-23,Active
P002399,C01324,Health,18361.22,805164,2024-06-04,2025-06-04,Active
P002400,C09406,Health,44866.05,1760550,2026-05-27,2027-05-27,Active
P002401,C01615,Vehicle,22208.04,751002,2026-04-08,2027-04-08,Active
P002402,C00832,Vehicle,9414.8,324057,2023-09-27,2024-09-27,Active
P002403,C03884,Health,24787.82,1833132,2025-08-14,2026-08-14,Active
P002404,C08642,Health,10719.36,671356,2025-05-15,2026-05-15,Active
P002405,C04465,Health,22859.05,1600539,2025-05-31,2026-05-31,Expired
P002406,C05340,Vehicle,4222.35,356352,2025-07-06,2026-07-06,Expired
P002407,C08067,Health,14920.82,1122654,2026-03-26,2027-03-26,Active
P002408,C01650,Life,185926.31,8977556,2026-06-21,2027-06-21,Active
P002409,C04066,Health,24204.92,1416002,2026-05-23,2027-05-23,Active
P002410,C09666,Vehicle,6586.4,310413,2024-03-18,2025-03-18,Expired
P002411,C03039,Life,56446.67,3426274,2025-08-05,2026-08-05,Expired
P002412,C03321,Vehicle,6498.19,631890,2025-04-29,2026-04-29,Expired
P002413,C07144,Vehicle,22475.66,823706,2024-11-28,2025-11-28,Active
P002414,C06890,Health,20630.06,1352254,2022-06-26,2023-06-26,Active
P002415,C05093,Vehicle,9796.3,431824,2020-04-19,2021-04-19,Active
P002416,C03721,Life,23170.31,1612133,2024-07-04,2025-07-04,Expired
P002417,C02424,Life,83379.11,3786712,2023-01-08,2024-01-08,Active
P002418,C00750,Life,123835.97,4207115,2025-01-10,2026-01-10,Active
P002419,C05272,Health,13038.29,1262932,2025-09-23,2026-09-23,Expired
P002420,C02374,Vehicle,10333.41,430804,2025-05-27,2026-05-27,Active
P002421,C04694,Life,134320.18,7885148,2026-03-28,2027-03-28,Expired
P002422,C09880,Life,81386.14,6634235,2019-12-20,2020-12-20,Active
P002423,C08371,Life,83542.48,3967808,2021-04-14,2022-04-14,Active
P002424,C07320,Life,155545.72,5781975,2024-04-28,2025-04-28,Active
P002425,C04369,Life,138291.57,5752118,2026-03-15,2027-03-15,Expired
P002426,C06786,Health,21177.03,708090,2025-06-22,2026-06-22,Expired
P002427,C07402,Health,19235.45,1862361,2026-07-03,2027-07-03,Expired
P002428,C01140,Vehicle,27235.18,954128,2021-05-31,2022-05-31,Active
P002429,C07632,Vehicle,23752.93,909467,2021-12-13,2022-12-13,Active
P002430,C02232,Vehicle,7549.2,522162,2022-03-23,2023-03-23,Active
P002431,C02165,Health,24688.66,910119,2025-12-08,2026-12-08,Expired
P002432,C05218,Life,160379.65,8783741,2024-08-24,2025-08-24,Expired
P002433,C09445,Health,13503.01,1330070,2024-04-02,2025-04-02,Active
P002434,C09238,Health,16806.97,1094761,2023-10-16,2024-10-16,Active
P002435,C04562,Life,186737.58,7957788,2026-05-24,2027-05-24,Active
P002436,C01571,Health,5861.81,568523,2026-01-18,2027-01-18,Active
P002437,C00173,Health,41933.37,1588344,2026-07-01,2027-07-01,Active
P002438,C07164,Health,50755.12,1699964,2023-06-13,2024-06-13,Active
P002439,C02088,Vehicle,11207.75,502019,2022-04-03,2023-04-03,Active
P002440,C04668,Vehicle,16833.91,905923,2025-06-14,2026-06-14,Expired
P002441,C04566,Health,15611.51,864311,2025-10-29,2026-10-29,Active
P002442,C07090,Health,11804.23,984378,2023-02-12,2024-02-12,Expired
P002443,C06570,Health,39291.43,1824227,2026-01-17,2027-01-17,Active
P002444,C04784,Health,27970.21,1045742,2024-05-03,2025-05-03,Active
P002445,C02685,Health,8253.13,695568,2026-07-28,2027-07-28,Active
P002446,C01833,Life,37662.26,3567729,2024-06-23,2025-06-23,Active
P002447,C08547,Health,14259.08,665197,2026-06-09,2027-06-09,Active
P002448,C05066,Life,195398.28,8611927,2022-12-01,2023-12-01,Active
P002449,C09131,Life,75236.42,4720435,2026-03-07,2027-03-07,Active
P002450,C09356,Vehicle,17695.87,696473,2026-05-08,2027-05-08,Active
P002451,C04413,Life,76937.54,3412052,2026-07-18,2027-07-18,Active
P002452,C07208,Life,33419.0,2735086,2023-07-01,2024-07-01,Expired
P002453,C09891,Health,12479.5,797450,2026-01-17,2027-01-17,Expired
P002454,C00835,Vehicle,22004.85,818253,2025-07-16,2026-07-16,Expired
P002455,C06822,Life,53297.79,2688991,2024-01-10,2025-01-10,Active
P002456,C03782,Health,20887.31,1812151,2025-03-13,2026-03-13,Active
P002457,C09013,Life,141945.22,6261082,2025-12-27,2026-12-27,Active
P002458,C07500,Life,61342.08,6012276,2026-04-03,2027-04-03,Active
P002459,C03425,Life,18857.54,1527651,2025-02-12,2026-02-12,Active
P002460,C00066,Life,14275.57,1084130,2026-06-16,2027-06-16,Active
P002461,C02964,Health,20007.88,904425,2024-03-26,2025-03-26,Active
P002462,C05670,Vehicle,6586.38,459746,2024-05-08,2025-05-08,Active
P002463,C08963,Vehicle,5477.15,330930,2025-10-07,2026-10-07,Active
P002464,C00355,Health,11751.17,765458,2024-05-31,2025-05-31,Active
P002465,C08172,Health,29742.27,1230969,2022-06-11,2023-06-11,Active
P002466,C04031,Health,28826.42,1539771,2025-05-31,2026-05-31,Expired
P002467,C08535,Vehicle,7567.31,562241,2025-08-08,2026-08-08,Active
P002468,C03652,Health,31853.39,1089473,2021-07-22,2022-07-22,Active
P002469,C06740,Health,28117.24,1732242,2026-03-15,2027-03-15,Active
P002470,C03298,Vehicle,15150.77,811528,2026-03-13,2027-03-13,Active
P002471,C04128,Health,28153.28,1069741,2024-09-07,2025-09-07,Active
P002472,C08044,Vehicle,10498.15,750167,2024-06-11,2025-06-11,Active
P002473,C04768,Health,12053.17,634776,2025-06-25,2026-06-25,Expired
P002474,C00473,Health,22404.98,1030712,2019-12-20,2020-12-20,Active
P002475,C03762,Vehicle,28323.97,976434,2026-07-06,2027-07-06,Active
P002476,C08618,Health,10068.54,740438,2025-12-12,2026-12-12,Active
P002477,C03567,Vehicle,10063.61,675122,2025-09-16,2026-09-16,Active
P002478,C02761,Health,20578.94,804170,2024-08-15,2025-08-15,Active
P002479,C00869,Life,28786.82,1182888,2023-12-30,2024-12-30,Active
P002480,C09383,Life,178896.61,6394902,2025-03-30,2026-03-30,Active
P002481,C08689,Health,25098.05,1762070,2026-07-04,2027-07-04,Active
P002482,C04053,Vehicle,27115.64,937433,2026-06-24,2027-06-24,Expired
P002483,C06131,Life,190933.05,8075793,2025-11-06,2026-11-06,Active
P002484,C03245,Vehicle,7079.64,507775,2023-06-15,2024-06-15,Expired
P002485,C04843,Vehicle,10829.05,587745,2026-03-30,2027-03-30,Active
P002486,C09331,Vehicle,14027.07,642753,2025-09-11,2026-09-11,Active
P002487,C05641,Vehicle,7289.78,318702,2021-12-22,2022-12-22,Expired
P002488,C05781,Vehicle,12302.02,784202,2025-09-18,2026-09-18,Expired
P002489,C08541,Life,282191.44,9950091,2024-12-15,2025-12-15,Active
P002490,C01076,Vehicle,7232.05,372827,2022-01-14,2023-01-14,Expired
P002491,C02958,Vehicle,9538.08,615619,2025-08-28,2026-08-28,Active
P002492,C06753,Vehicle,22521.91,883480,2024-06-03,2025-06-03,Active
P002493,C08658,Vehicle,14667.15,612941,2022-03-31,2023-03-31,Active
P002494,C07273,Health,20270.26,754621,2021-10-17,2022-10-17,Expired
P002495,C04760,Health,10625.71,969792,2025-12-26,2026-12-26,Active
P002496,C04863,Vehicle,17386.08,638542,2026-05-15,2027-05-15,Active
P002497,C07026,Health,9463.14,684584,2025-10-23,2026-10-23,Expired
P002498,C07648,Health,48480.6,1627341,2025-12-18,2026-12-18,Expired
P002499,C07162,Health,28900.42,1044604,2025-06-08,2026-06-08,Active
P002500,C00074,Life,70214.26,6105140,2025-05-29,2026-05-29,Active
P002501,C04902,Life,113452.7,7367900,2025-03-27,2026-03-27,Active
P002502,C04376,Health,18177.29,1466144,2026-05-30,2027-05-30,Active
P002503,C06699,Health,47879.32,1725010,2026-06-21,2027-06-21,Expired
P002504,C09806,Life,198499.99,8495720,2021-11-04,2022-11-04,Active
P002505,C01102,Life,209453.0,9018281,2026-01-17,2027-01-17,Expired
P002506,C09538,Health,21953.59,1512308,2026-04-25,2027-04-25,Active
P002507,C07656,Health,11492.29,673632,2026-06-30,2027-06-30,Expired
P002508,C05236,Health,45881.27,1857138,2023-03-23,2024-03-23,Active
P002509,C05166,Life,104188.44,9298107,2026-06-25,2027-06-25,Active
P002510,C00119,Vehicle,9682.63,703764,2022-02-19,2023-02-19,Active
P002511,C02023,Health,43863.8,1738416,2026-06-11,2027-06-11,Active
P002512,C09886,Health,27891.14,1153945,2026-01-27,2027-01-27,Active
P002513,C02639,Health,20408.26,721586,2025-10-22,2026-10-22,Active
P002514,C02035,Health,39635.57,1448818,2022-10-31,2023-10-31,Active
P002515,C02565,Health,10169.17,894167,2023-11-04,2024-11-04,Active
P002516,C08666,Life,35113.59,2712355,2024-07-10,2025-07-10,Expired
P002517,C03544,Life,52030.41,5035968,2024-01-27,2025-01-27,Active
P002518,C01220,Health,34827.47,1498748,2025-11-07,2026-11-07,Active
P002519,C09715,Health,19321.76,1654071,2023-11-26,2024-11-26,Active
P002520,C06712,Health,28915.3,1553169,2025-11-15,2026-11-15,Active
P002521,C02904,Life,86131.54,7203890,2025-10-08,2026-10-08,Active
P002522,C03027,Health,19239.0,1386232,2026-07-08,2027-07-08,Active
P002523,C02511,Health,22210.92,1078658,2025-10-04,2026-10-04,Active
P002524,C04202,Vehicle,8077.01,352294,2025-02-19,2026-02-19,Expired
P002525,C03208,Health,17059.81,611437,2026-01-07,2027-01-07,Active
P002526,C04490,Health,19424.89,1615961,2025-01-01,2026-01-01,Active
P002527,C02756,Health,24053.37,1348422,2021-01-25,2022-01-25,Active
P002528,C08890,Life,109484.25,5500772,2025-08-19,2026-08-19,Active
P002529,C00178,Health,28929.95,1835674,2026-03-04,2027-03-04,Active
P002530,C01644,Health,9558.77,697640,2026-03-06,2027-03-06,Expired
P002531,C09293,Vehicle,16775.99,620155,2023-07-13,2024-07-13,Active
P002532,C03519,Vehicle,4970.88,372828,2023-12-09,2024-12-09,Active
P002533,C01375,Life,28303.17,1213654,2026-05-09,2027-05-09,Active
P002534,C01721,Health,29097.46,1053296,2026-01-28,2027-01-28,Active
P002535,C03996,Health,11386.69,520413,2026-07-05,2027-07-05,Expired
P002536,C03689,Health,41857.18,1524054,2025-12-27,2026-12-27,Active
P002537,C02265,Life,27573.24,1291769,2026-02-20,2027-02-20,Expired
P002538,C00088,Vehicle,17069.22,850784,2023-02-08,2024-02-08,Active
P002539,C02849,Health,11420.51,709699,2025-10-27,2026-10-27,Active
P002540,C08688,Vehicle,19898.27,667820,2026-07-02,2027-07-02,Active
P002541,C00404,Life,136368.11,7111760,2023-08-20,2024-08-20,Expired
P002542,C09901,Health,33390.18,1199901,2026-05-27,2027-05-27,Active
P002543,C04078,Vehicle,18204.3,924682,2021-07-28,2022-07-28,Active
P002544,C06836,Life,17464.1,1347746,2022-01-23,2023-01-23,Active
P002545,C06538,Health,13664.12,797026,2024-11-24,2025-11-24,Active
P002546,C02457,Life,141396.77,8226291,2025-09-03,2026-09-03,Active
P002547,C02752,Health,29430.76,1292258,2024-02-26,2025-02-26,Expired
P002548,C02215,Health,40198.96,1923549,2024-08-10,2025-08-10,Expired
P002549,C01028,Health,21666.01,1605003,2026-03-28,2027-03-28,Expired
P002550,C09704,Life,116841.0,6556541,2024-07-21,2025-07-21,Active
P002551,C01422,Vehicle,8623.15,624348,2026-03-24,2027-03-24,Active
P002552,C02437,Health,22230.09,1784227,2026-05-04,2027-05-04,Active
P002553,C04278,Life,107565.05,6821657,2020-03-31,2021-03-31,Expired
P002554,C09610,Life,67032.48,3468450,2023-07-20,2024-07-20,Active
P002555,C01279,Health,38266.46,1808193,2022-04-24,2023-04-24,Active
P002556,C06221,Life,54177.23,2084084,2021-04-16,2022-04-16,Active
P002557,C04908,Life,152382.52,5748242,2025-04-01,2026-04-01,Active
P002558,C05065,Vehicle,5681.24,305337,2026-02-17,2027-02-17,Active
P002559,C01979,Vehicle,7188.97,563647,2025-11-12,2026-11-12,Expired
P002560,C01062,Life,219595.15,9422048,2024-11-27,2025-11-27,Active
P002561,C05015,Health,16508.26,680362,2024-04-17,2025-04-17,Active
P002562,C04536,Health,30518.17,1406076,2025-10-29,2026-10-29,Active
P002563,C06994,Health,42768.09,1492325,2025-05-14,2026-05-14,Active
P002564,C09254,Life,138016.3,7480045,2024-01-30,2025-01-30,Expired
P002565,C01503,Health,29764.51,1047903,2025-09-26,2026-09-26,Active
P002566,C08569,Vehicle,17848.57,756986,2026-05-26,2027-05-26,Active
P002567,C09315,Vehicle,7638.16,509197,2025-06-24,2026-06-24,Active
P002568,C08837,Life,71641.87,6116985,2023-07-12,2024-07-12,Active
P002569,C08921,Health,22478.69,1644689,2024-06-29,2025-06-29,Active
P002570,C04919,Health,8958.61,701415,2026-03-14,2027-03-14,Active
P002571,C00679,Health,46973.42,1936891,2024-02-14,2025-02-14,Active
P002572,C05077,Health,40390.42,1381864,2021-05-26,2022-05-26,Active
P002573,C08065,Vehicle,9552.55,327705,2023-09-21,2024-09-21,Active
P002574,C07569,Life,156281.07,6073262,2024-12-20,2025-12-20,Active
P002575,C00103,Health,37601.52,1802100,2025-11-03,2026-11-03,Active
P002576,C00958,Life,94988.64,7587730,2026-06-26,2027-06-26,Active
P002577,C08557,Health,30464.77,1586342,2021-02-24,2022-02-24,Active
P002578,C03786,Life,46608.09,2795982,2025-09-08,2026-09-08,Active
P002579,C09631,Vehicle,19165.09,804855,2025-12-26,2026-12-26,Expired
P002580,C07174,Health,40541.46,1726031,2026-07-04,2027-07-04,Active
P002581,C04044,Vehicle,10468.03,515025,2024-05-10,2025-05-10,Active
P002582,C02649,Vehicle,6411.0,443028,2026-01-05,2027-01-05,Active
P002583,C06001,Health,25521.14,1131016,2020-10-18,2021-10-18,Active
P002584,C07928,Health,34092.5,1517024,2023-05-08,2024-05-08,Active
P002585,C02827,Vehicle,10164.92,460455,2025-11-29,2026-11-29,Active
P002586,C04095,Life,53449.14,4427478,2025-12-17,2026-12-17,Active
P002587,C07775,Health,14662.42,1319386,2024-12-28,2025-12-28,Active
P002588,C09259,Life,107938.59,4087744,2026-01-15,2027-01-15,Expired
P002589,C08114,Life,227477.81,8367376,2021-06-12,2022-06-12,Active
P002590,C04773,Vehicle,10089.92,967101,2026-04-11,2027-04-11,Active
P002591,C01948,Health,13479.18,1004746,2026-02-17,2027-02-17,Active
P002592,C06110,Vehicle,15673.5,799288,2022-11-22,2023-11-22,Active
P002593,C02300,Life,160814.53,9270565,2023-10-26,2024-10-26,Active
P002594,C07845,Vehicle,7953.65,412549,2026-08-04,2027-08-04,Expired
P002595,C04383,Health,20948.21,1094379,2024-09-23,2025-09-23,Active
P002596,C05426,Health,12123.02,1134937,2026-07-08,2027-07-08,Active
P002597,C06772,Life,91782.11,8457126,2026-07-13,2027-07-13,Expired
P002598,C08579,Health,40954.92,1481272,2025-09-14,2026-09-14,Active
P002599,C04292,Health,14273.08,832009,2022-11-18,2023-11-18,Expired
P002600,C00529,Health,34546.45,1231558,2026-02-09,2027-02-09,Active
P002601,C01234,Life,90799.1,3927571,2021-08-15,2022-08-15,Active
P002602,C00780,Health,23249.09,1211544,2025-08-06,2026-08-06,Expired
P002603,C05860,Health,30203.93,1880857,2026-06-04,2027-06-04,Active
P002604,C03060,Health,36456.48,1852944,2026-01-22,2027-01-22,Expired
P002605,C08588,Health,18901.1,878272,2025-05-06,2026-05-06,Expired
P002606,C01861,Health,24324.3,1601914,2025-09-30,2026-09-30,Active
P002607,C08439,Vehicle,15417.25,908934,2021-06-09,2022-06-09,Active
P002608,C07404,Vehicle,3676.06,347111,2023-09-19,2024-09-19,Active
P002609,C04640,Life,55610.16,2782083,2026-07-13,2027-07-13,Active
P002610,C04251,Life,144711.12,4884505,2023-11-24,2024-11-24,Expired
P002611,C01993,Vehicle,6636.88,548111,2026-03-15,2027-03-15,Expired
P002612,C07380,Health,32788.82,1305481,2026-06-29,2027-06-29,Active
P002613,C07306,Life,63935.03,5202421,2026-06-21,2027-06-21,Expired
P002614,C05304,Health,28438.13,1285010,2026-03-03,2027-03-03,Expired
P002615,C08193,Vehicle,7738.67,636759,2023-05-24,2024-05-24,Active
P002616,C07448,Life,60541.19,4350987,2022-06-27,2023-06-27,Active
P002617,C02472,Life,67078.96,4783204,2026-03-22,2027-03-22,Active
P002618,C07198,Health,10586.69,903273,2023-08-30,2024-08-30,Active
P002619,C05313,Health,9874.29,701758,2026-06-30,2027-06-30,Expired
P002620,C09036,Vehicle,17255.87,677027,2026-07-09,2027-07-09,Active
P002621,C01397,Vehicle,9008.48,657261,2025-02-20,2026-02-20,Active
P002622,C04003,Health,37977.11,1846858,2026-01-07,2027-01-07,Active
P002623,C05372,Life,179110.53,8947918,2024-06-16,2025-06-16,Active
P002624,C03236,Health,20542.85,789141,2021-08-23,2022-08-23,Active
P002625,C01043,Life,46806.66,2188961,2024-03-12,2025-03-12,Active
P002626,C03299,Vehicle,5015.27,405814,2023-05-02,2024-05-02,Active
P002627,C07257,Vehicle,6761.64,646994,2025-09-03,2026-09-03,Expired
P002628,C00258,Life,92915.76,5217487,2024-01-04,2025-01-04,Active
P002629,C07287,Vehicle,13669.06,465531,2025-06-19,2026-06-19,Active
P002630,C08617,Health,45411.83,1585820,2023-08-03,2024-08-03,Active
P002631,C07817,Life,40800.07,1950399,2026-04-10,2027-04-10,Expired
P002632,C05844,Life,124855.77,5413298,2026-07-31,2027-07-31,Active
P002633,C02090,Life,72839.09,4364020,2025-10-11,2026-10-11,Active
P002634,C07703,Vehicle,23008.11,873662,2023-12-15,2024-12-15,Active
P002635,C00504,Health,9279.25,630712,2026-01-31,2027-01-31,Active
P002636,C05266,Health,42812.37,1779266,2026-06-13,2027-06-13,Active
P002637,C08815,Life,63424.97,2187207,2026-03-20,2027-03-20,Active
P002638,C01346,Health,18565.44,669016,2024-04-10,2025-04-10,Active
P002639,C08456,Vehicle,4153.14,343768,2024-06-24,2025-06-24,Active
P002640,C05047,Life,128108.5,6876348,2022-05-06,2023-05-06,Active
P002641,C02249,Vehicle,5619.26,538818,2023-08-30,2024-08-30,Active
P002642,C04982,Life,88759.17,4291258,2025-12-15,2026-12-15,Expired
P002643,C00373,Vehicle,6714.36,318973,2024-09-10,2025-09-10,Active
P002644,C08455,Health,24489.85,1958444,2025-09-28,2026-09-28,Active
P002645,C03371,Life,55135.95,2939164,2023-04-28,2024-04-28,Expired
P002646,C02007,Vehicle,11679.22,685570,2026-02-06,2027-02-06,Active
P002647,C03657,Health,14633.04,999479,2026-06-22,2027-06-22,Active
P002648,C08328,Health,34701.52,1624529,2026-03-17,2027-03-17,Expired
P002649,C07522,Health,26885.78,1024125,2026-02-23,2027-02-23,Active
P002650,C04002,Vehicle,7659.5,489365,2023-07-21,2024-07-21,Active
P002651,C06073,Life,152737.34,5097740,2026-01-21,2027-01-21,Active
P002652,C08737,Health,23389.54,1879051,2022-12-18,2023-12-18,Active
P002653,C00998,Life,88623.78,4453773,2025-01-01,2026-01-01,Active
P002654,C08180,Life,88613.81,4695807,2026-07-26,2027-07-26,Active
P002655,C03291,Life,161823.65,5910412,2025-10-09,2026-10-09,Active
P002656,C01177,Vehicle,15196.06,634347,2023-09-25,2024-09-25,Active
P002657,C00552,Life,190292.01,7892648,2025-02-14,2026-02-14,Active
P002658,C00745,Life,124686.35,4415085,2026-05-02,2027-05-02,Expired
P002659,C07224,Vehicle,15393.48,619751,2025-07-30,2026-07-30,Active
P002660,C04555,Vehicle,4810.56,448857,2020-08-10,2021-08-10,Active
P002661,C02860,Vehicle,22545.56,775804,2026-02-03,2027-02-03,Active
P002662,C08821,Health,16599.6,1066857,2024-08-27,2025-08-27,Active
P002663,C03460,Vehicle,4350.11,388597,2021-11-03,2022-11-03,Expired
P002664,C02725,Health,14705.08,539528,2024-01-11,2025-01-11,Active
P002665,C06848,Life,78287.85,4451578,2023-07-19,2024-07-19,Active
P002666,C07616,Life,65026.93,6119535,2023-12-20,2024-12-20,Active
P002667,C07548,Health,44574.57,1776618,2021-12-27,2022-12-27,Active
P002668,C09175,Vehicle,15075.27,575285,2025-04-18,2026-04-18,Active
P002669,C06394,Health,29786.9,1215012,2024-10-20,2025-10-20,Active
P002670,C05359,Vehicle,9410.46,359893,2023-12-11,2024-12-11,Active
P002671,C09489,Health,30265.3,1921805,2026-01-31,2027-01-31,Expired
P002672,C02969,Vehicle,15969.4,744423,2025-04-22,2026-04-22,Active
P002673,C00694,Life,108854.55,3727117,2023-06-25,2024-06-25,Active
P002674,C02534,Vehicle,6948.06,549799,2024-02-11,2025-02-11,Active
P002675,C06400,Health,12594.23,1075443,2026-07-19,2027-07-19,Active
P002676,C00983,Vehicle,14008.22,653928,2026-06-29,2027-06-29,Active
P002677,C05365,Vehicle,13488.85,581802,2021-08-19,2022-08-19,Active
P002678,C00080,Health,18188.71,1775066,2025-03-04,2026-03-04,Active
P002679,C04054,Life,146560.59,5437867,2025-07-23,2026-07-23,Active
P002680,C06259,Health,10023.97,518603,2023-08-17,2024-08-17,Expired
P002681,C09577,Health,23937.06,1667292,2023-04-17,2024-04-17,Active
P002682,C09026,Health,30169.12,1079748,2025-04-18,2026-04-18,Active
P002683,C03108,Health,19356.3,1423668,2025-12-24,2026-12-24,Active
P002684,C03602,Life,116707.65,9303529,2024-04-14,2025-04-14,Active
P002685,C06074,Vehicle,21916.56,947966,2026-04-08,2027-04-08,Active
P002686,C08127,Life,96917.96,4091294,2021-11-05,2022-11-05,Expired
P002687,C02143,Life,35897.97,1703897,2023-10-23,2024-10-23,Active
P002688,C06311,Health,30782.56,1043277,2025-06-22,2026-06-22,Active
P002689,C02269,Vehicle,13952.28,670498,2023-07-21,2024-07-21,Active
P002690,C00446,Vehicle,4786.91,414466,2026-02-23,2027-02-23,Active
P002691,C04884,Vehicle,7723.2,548490,2024-11-16,2025-11-16,Active
P002692,C04467,Vehicle,8412.91,736175,2022-07-07,2023-07-07,Active
P002693,C09027,Vehicle,5387.29,325894,2025-11-09,2026-11-09,Active
P002694,C06633,Health,37895.21,1355926,2026-05-11,2027-05-11,Active
P002695,C03317,Vehicle,13650.29,608347,2026-06-19,2027-06-19,Active
P002696,C01702,Health,23005.19,814705,2025-02-18,2026-02-18,Active
P002697,C02527,Life,126411.03,6253043,2025-08-24,2026-08-24,Active
P002698,C00069,Health,41708.73,1719465,2026-01-09,2027-01-09,Expired
P002699,C01169,Life,35797.77,1546929,2025-08-27,2026-08-27,Active
P002700,C00049,Health,21535.46,1861496,2026-06-13,2027-06-13,Active
P002701,C01054,Health,20689.69,970980,2023-09-23,2024-09-23,Expired
P002702,C04030,Vehicle,15343.22,738388,2021-08-18,2022-08-18,Active
P002703,C00881,Vehicle,7836.71,353929,2022-12-06,2023-12-06,Active
P002704,C02652,Vehicle,9727.62,632335,2024-02-17,2025-02-17,Expired
P002705,C07760,Vehicle,9213.02,555882,2021-06-15,2022-06-15,Active
P002706,C02440,Health,18814.61,984212,2026-01-26,2027-01-26,Active
P002707,C04925,Health,19004.31,1005511,2026-07-22,2027-07-22,Expired
P002708,C01468,Vehicle,6535.76,383561,2025-04-11,2026-04-11,Active
P002709,C07293,Health,36809.98,1870132,2023-07-01,2024-07-01,Active
P002710,C05036,Health,20998.63,981848,2026-03-13,2027-03-13,Expired
P002711,C02442,Life,130439.66,5109477,2023-06-28,2024-06-28,Active
P002712,C06555,Life,73355.32,3317607,2025-03-07,2026-03-07,Active
P002713,C00231,Life,34647.37,2979107,2024-02-25,2025-02-25,Active
P002714,C01321,Health,33961.56,1707984,2022-11-30,2023-11-30,Expired
P002715,C00042,Health,24150.69,877310,2022-07-13,2023-07-13,Active
P002716,C00778,Life,137148.79,5418718,2025-09-04,2026-09-04,Active
P002717,C08951,Life,33755.6,2694421,2026-07-25,2027-07-25,Active
P002718,C08405,Health,25972.23,1947132,2024-05-20,2025-05-20,Active
P002719,C01730,Health,45680.85,1610042,2026-03-19,2027-03-19,Expired
P002720,C03911,Health,32166.74,1343720,2022-01-28,2023-01-28,Active
P002721,C00580,Health,33715.37,1206338,2022-04-27,2023-04-27,Expired
P002722,C09942,Health,21796.7,1793165,2025-10-09,2026-10-09,Active
P002723,C05840,Vehicle,19492.71,672200,2023-09-14,2024-09-14,Expired
P002724,C08272,Vehicle,11947.56,756854,2025-06-03,2026-06-03,Active
P002725,C07276,Health,21652.87,884724,2026-02-08,2027-02-08,Active
P002726,C01492,Vehicle,9738.97,834117,2026-06-27,2027-06-27,Expired
P002727,C09110,Health,29950.62,1275681,2024-11-23,2025-11-23,Active
P002728,C05611,Health,17563.18,870613,2021-05-15,2022-05-15,Active
P002729,C00062,Health,10298.72,703211,2026-07-19,2027-07-19,Active
P002730,C05472,Vehicle,23553.59,842824,2026-04-08,2027-04-08,Active
P002731,C03906,Vehicle,11738.28,747416,2026-02-02,2027-02-02,Active
P002732,C06532,Health,8674.25,800304,2023-10-13,2024-10-13,Expired
P002733,C00403,Health,17528.15,941829,2026-01-14,2027-01-14,Active
P002734,C00333,Health,13898.94,1159276,2025-06-18,2026-06-18,Active
P002735,C02085,Health,21198.87,1074301,2022-11-16,2023-11-16,Active
P002736,C09558,Vehicle,17032.86,572031,2023-05-07,2024-05-07,Active
P002737,C00165,Health,29550.7,1897612,2026-01-08,2027-01-08,Active
P002738,C04380,Vehicle,20916.29,833408,2025-06-15,2026-06-15,Active
P002739,C02716,Health,33879.76,1632105,2025-03-01,2026-03-01,Active
P002740,C08924,Life,24911.83,1432471,2020-10-12,2021-10-12,Active
P002741,C07347,Vehicle,18412.84,747220,2024-06-22,2025-06-22,Active
P002742,C05454,Health,31721.6,1118537,2025-03-17,2026-03-17,Active
P002743,C07047,Vehicle,8041.91,425766,2024-08-29,2025-08-29,Active
P002744,C01335,Life,98406.48,3295425,2026-04-19,2027-04-19,Active
P002745,C08699,Health,32377.41,1241807,2024-05-20,2025-05-20,Active
P002746,C01660,Vehicle,6252.35,377961,2025-11-03,2026-11-03,Active
P002747,C03579,Life,225135.66,9604096,2024-11-22,2025-11-22,Active
P002748,C00754,Life,30680.51,1643521,2026-07-19,2027-07-19,Expired
P002749,C06585,Life,87366.11,6327222,2025-07-26,2026-07-26,Active
P002750,C00707,Health,19422.02,1812986,2026-07-06,2027-07-06,Active
P002751,C03015,Health,17100.04,787046,2023-10-10,2024-10-10,Expired
P002752,C08559,Health,13933.82,910367,2024-06-27,2025-06-27,Active
P002753,C09876,Health,24130.83,1541710,2024-01-29,2025-01-29,Active
P002754,C09583,Vehicle,22837.85,841386,2022-06-29,2023-06-29,Active
P002755,C08929,Life,42172.85,2128456,2026-05-03,2027-05-03,Active
P002756,C09557,Health,10676.28,581396,2019-02-27,2020-02-27,Active
P002757,C08984,Vehicle,13405.07,912262,2025-05-18,2026-05-18,Active
P002758,C01835,Vehicle,13470.55,488811,2023-03-12,2024-03-12,Expired
P002759,C02997,Health,37448.95,1900846,2023-07-21,2024-07-21,Active
P002760,C05428,Life,145902.8,6991611,2019-12-10,2020-12-10,Active
P002761,C03880,Health,20276.15,1102451,2023-07-23,2024-07-23,Active
P002762,C07157,Life,100108.26,8128056,2026-03-13,2027-03-13,Active
P002763,C05082,Life,49241.3,2904822,2023-07-22,2024-07-22,Active
P002764,C09115,Vehicle,21635.88,807236,2025-08-17,2026-08-17,Expired
P002765,C07245,Health,28530.32,1941208,2026-06-22,2027-06-22,Active
P002766,C05401,Vehicle,8175.09,728873,2023-07-19,2024-07-19,Active
P002767,C05396,Life,115338.84,6328751,2020-10-07,2021-10-07,Expired
P002768,C09428,Life,151796.0,5373809,2026-05-17,2027-05-17,Active
P002769,C02247,Health,27558.98,1212699,2026-07-05,2027-07-05,Active
P002770,C00836,Health,20680.48,964120,2021-06-17,2022-06-17,Active
P002771,C08395,Vehicle,11665.08,955660,2025-08-12,2026-08-12,Expired
P002772,C09043,Life,70007.54,3167873,2025-05-07,2026-05-07,Active
P002773,C00433,Vehicle,8235.29,697607,2024-12-24,2025-12-24,Active
P002774,C03379,Vehicle,9914.17,879751,2024-03-21,2025-03-21,Active
P002775,C06818,Health,22670.9,1622967,2025-07-08,2026-07-08,Active
P002776,C08132,Life,76610.15,4847593,2026-05-20,2027-05-20,Active
P002777,C09622,Life,113577.0,7935621,2019-12-04,2020-12-04,Active
P002778,C06067,Vehicle,9090.8,337827,2025-11-09,2026-11-09,Active
P002779,C01194,Life,169059.38,9413762,2025-07-16,2026-07-16,Active
P002780,C06935,Vehicle,6459.84,616110,2026-07-29,2027-07-29,Active
P002781,C05462,Health,8818.95,570837,2024-12-18,2025-12-18,Active
P002782,C03072,Health,33763.98,1874213,2026-04-21,2027-04-21,Expired
P002783,C03045,Vehicle,4485.85,389041,2024-05-25,2025-05-25,Active
P002784,C03264,Life,82901.34,7968920,2025-09-18,2026-09-18,Active
P002785,C02730,Life,42255.69,3547579,2025-12-31,2026-12-31,Active
P002786,C03434,Health,48125.5,1770227,2025-05-04,2026-05-04,Active
P002787,C00434,Vehicle,5207.1,324570,2022-11-10,2023-11-10,Active
P002788,C03273,Life,156185.38,8908785,2021-05-01,2022-05-01,Active
P002789,C07002,Vehicle,15407.11,726068,2025-01-28,2026-01-28,Active
P002790,C09727,Vehicle,17295.37,859104,2025-11-13,2026-11-13,Active
P002791,C00105,Health,38479.09,1325533,2022-05-30,2023-05-30,Active
P002792,C03316,Vehicle,11211.92,774239,2026-05-21,2027-05-21,Expired
P002793,C01657,Life,92705.48,4894252,2023-02-08,2024-02-08,Active
P002794,C01534,Health,19169.26,1151396,2025-01-27,2026-01-27,Expired
P002795,C04681,Vehicle,8487.55,400022,2026-06-06,2027-06-06,Active
P002796,C08814,Vehicle,13832.94,922234,2026-04-20,2027-04-20,Active
P002797,C09003,Vehicle,16303.18,796516,2025-09-30,2026-09-30,Expired
P002798,C06623,Health,15806.89,623591,2026-07-26,2027-07-26,Active
P002799,C01444,Health,32252.22,1208561,2026-07-30,2027-07-30,Active
P002800,C00215,Life,214505.4,7820513,2023-06-28,2024-06-28,Active
P002801,C05357,Life,192377.37,9199476,2021-05-12,2022-05-12,Active
P002802,C09219,Vehicle,12256.94,637471,2020-10-07,2021-10-07,Active
P002803,C06323,Vehicle,10954.56,385390,2024-09-08,2025-09-08,Active
P002804,C04990,Life,78817.98,3135445,2026-06-27,2027-06-27,Active
P002805,C01420,Vehicle,6614.81,474270,2024-09-15,2025-09-15,Expired
P002806,C09517,Vehicle,14824.01,744787,2026-01-02,2027-01-02,Active
P002807,C08607,Health,19816.98,793318,2024-04-13,2025-04-13,Active
P002808,C00182,Health,13862.67,1122332,2026-03-27,2027-03-27,Expired
P002809,C04353,Health,29596.76,1919107,2026-02-14,2027-02-14,Active
P002810,C08701,Health,38702.53,1682396,2026-03-06,2027-03-06,Active
P002811,C02447,Life,115437.11,4430300,2023-10-04,2024-10-04,Expired
P002812,C05322,Health,26560.29,1767765,2020-11-04,2021-11-04,Active
P002813,C08046,Vehicle,5870.71,441913,2026-03-07,2027-03-07,Active
P002814,C05685,Life,116002.49,6329920,2022-07-07,2023-07-07,Active
P002815,C03533,Health,8309.17,511749,2023-05-16,2024-05-16,Active
P002816,C08245,Health,31206.13,1627704,2025-05-31,2026-05-31,Active
P002817,C07977,Life,41089.22,3624846,2022-06-28,2023-06-28,Active
P002818,C03699,Vehicle,14939.14,661714,2026-06-03,2027-06-03,Expired
P002819,C00071,Life,176765.59,8149873,2024-10-04,2025-10-04,Active
P002820,C00545,Life,222768.67,7765720,2025-07-15,2026-07-15,Active
P002821,C01205,Life,50804.78,4398864,2025-05-13,2026-05-13,Active
P002822,C03079,Life,77293.49,5697377,2025-05-03,2026-05-03,Active
P002823,C09107,Life,212310.36,9763038,2025-06-11,2026-06-11,Active
P002824,C09121,Life,165769.8,5651273,2021-05-06,2022-05-06,Active
P002825,C09681,Life,126858.77,8942448,2021-02-26,2022-02-26,Active
P002826,C06181,Life,54773.51,4631318,2023-12-05,2024-12-05,Expired
P002827,C08330,Life,73456.2,3765193,2021-09-13,2022-09-13,Active
P002828,C04285,Vehicle,4519.01,354724,2020-11-08,2021-11-08,Expired
P002829,C04008,Life,147447.35,8913629,2024-12-22,2025-12-22,Active
P002830,C08714,Vehicle,15852.52,887354,2020-02-14,2021-02-14,Active
P002831,C00878,Life,112928.59,6955771,2025-04-17,2026-04-17,Active
P002832,C08061,Vehicle,25093.26,934787,2024-12-29,2025-12-29,Expired
P002833,C00197,Health,26224.61,1082456,2025-07-29,2026-07-29,Expired
P002834,C09747,Life,220433.86,9222404,2026-03-21,2027-03-21,Active
P002835,C04011,Life,191363.05,8305024,2022-08-30,2023-08-30,Active
P002836,C09963,Health,37548.75,1477431,2023-09-07,2024-09-07,Active
P002837,C02572,Vehicle,20071.31,946944,2026-04-21,2027-04-21,Expired
P002838,C03754,Vehicle,12256.98,701035,2022-10-20,2023-10-20,Expired
P002839,C09248,Vehicle,9521.59,505349,2026-05-13,2027-05-13,Active
P002840,C08629,Life,102852.11,6207491,2025-06-08,2026-06-08,Expired
P002841,C09369,Health,44194.55,1554434,2021-06-19,2022-06-19,Active
P002842,C06160,Health,24582.85,1076614,2024-04-14,2025-04-14,Active
P002843,C04792,Vehicle,8753.26,565329,2024-03-01,2025-03-01,Active
P002844,C05338,Life,41181.04,1510471,2021-03-02,2022-03-02,Expired
P002845,C03025,Health,34855.78,1825903,2024-03-31,2025-03-31,Active
P002846,C02719,Life,29524.64,2742939,2024-08-23,2025-08-23,Active
P002847,C08656,Health,19803.02,821266,2022-08-18,2023-08-18,Active
P002848,C06917,Health,12390.23,673695,2026-01-22,2027-01-22,Expired
P002849,C03985,Health,44474.4,1836888,2026-05-13,2027-05-13,Active
P002850,C07309,Health,32098.27,1081913,2026-07-02,2027-07-02,Active
P002851,C05954,Life,21312.06,1279750,2025-05-13,2026-05-13,Active
P002852,C03845,Vehicle,13422.79,477433,2024-03-20,2025-03-20,Active
P002853,C02683,Health,16277.06,1582844,2026-04-26,2027-04-26,Active
P002854,C04025,Vehicle,4118.18,364470,2025-10-19,2026-10-19,Expired
P002855,C08716,Life,63925.98,5473408,2025-12-29,2026-12-29,Active
P002856,C03140,Vehicle,12085.3,508334,2024-10-18,2025-10-18,Active
P002857,C04238,Life,17100.91,1054096,2025-07-24,2026-07-24,Active
P002858,C00219,Health,31570.95,1477801,2023-12-24,2024-12-24,Active
P002859,C06619,Health,17303.63,1470992,2023-09-03,2024-09-03,Expired
P002860,C09607,Life,33595.19,2449847,2024-11-15,2025-11-15,Active
P002861,C05269,Health,22040.54,855122,2025-10-11,2026-10-11,Active
P002862,C02544,Life,65102.01,2363567,2023-04-21,2024-04-21,Expired
P002863,C02871,Vehicle,28089.06,973518,2023-04-04,2024-04-04,Expired
P002864,C01245,Health,12617.1,778365,2026-02-22,2027-02-22,Active
P002865,C00421,Health,13897.6,1085028,2022-08-17,2023-08-17,Active
P002866,C06228,Health,13829.68,894778,2021-10-06,2022-10-06,Active
P002867,C02059,Health,25002.72,1043904,2025-07-01,2026-07-01,Active
P002868,C08494,Health,29597.98,1713613,2023-09-21,2024-09-21,Active
P002869,C06435,Health,43287.97,1823358,2026-07-01,2027-07-01,Active
P002870,C03423,Vehicle,16184.04,913650,2024-09-03,2025-09-03,Active
P002871,C04511,Health,36842.25,1972593,2025-02-01,2026-02-01,Active
P002872,C01167,Life,82677.87,5843397,2024-09-28,2025-09-28,Active
P002873,C00255,Health,12571.66,1064029,2025-10-21,2026-10-21,Active
P002874,C00416,Vehicle,12027.54,790406,2021-05-06,2022-05-06,Expired
P002875,C09176,Life,80507.49,4127701,2025-11-16,2026-11-16,Active
P002876,C03470,Health,29538.34,1682310,2025-05-28,2026-05-28,Active
P002877,C03051,Health,23830.31,1970708,2024-05-19,2025-05-19,Active
P002878,C00760,Vehicle,8596.02,466461,2021-12-13,2022-12-13,Active
P002879,C01386,Vehicle,5566.63,405075,2026-05-17,2027-05-17,Active
P002880,C00655,Health,22597.69,1646676,2024-02-11,2025-02-11,Active
P002881,C01202,Health,31871.91,1457235,2026-02-15,2027-02-15,Active
P002882,C02414,Health,39840.17,1493152,2026-02-15,2027-02-15,Active
P002883,C05580,Health,23750.03,1208582,2025-10-04,2026-10-04,Active
P002884,C05994,Life,124572.91,4930952,2024-10-24,2025-10-24,Expired
P002885,C05295,Life,149309.18,8062972,2026-04-18,2027-04-18,Active
P002886,C03056,Life,19642.9,1479076,2024-03-16,2025-03-16,Active
P002887,C02831,Life,136796.52,9792694,2020-11-16,2021-11-16,Expired
P002888,C02971,Health,17972.3,772400,2026-06-15,2027-06-15,Active
P002889,C00329,Life,40732.95,2516637,2026-06-14,2027-06-14,Active
P002890,C04271,Health,26198.7,1461991,2025-05-04,2026-05-04,Active
P002891,C05995,Life,120656.25,4362263,2026-06-10,2027-06-10,Active
P002892,C04393,Health,27027.94,995312,2023-03-29,2024-03-29,Active
P002893,C02064,Health,19506.31,823250,2024-08-03,2025-08-03,Expired
P002894,C08302,Health,19793.91,1501063,2026-02-18,2027-02-18,Active
P002895,C09014,Life,182478.64,7611016,2026-06-28,2027-06-28,Expired
P002896,C09330,Life,211715.73,8775970,2020-04-26,2021-04-26,Active
P002897,C05170,Vehicle,7115.51,434744,2026-07-30,2027-07-30,Expired
P002898,C04430,Health,33161.15,1186003,2023-08-09,2024-08-09,Expired
P002899,C01282,Health,30504.42,1390434,2021-12-14,2022-12-14,Active
P002900,C03382,Health,47256.21,1904833,2025-03-24,2026-03-24,Active
P002901,C02637,Life,101149.32,3989029,2026-05-25,2027-05-25,Active
P002902,C03329,Health,11179.78,503337,2025-09-20,2026-09-20,Active
P002903,C06437,Vehicle,14264.7,976936,2025-03-17,2026-03-17,Active
P002904,C05019,Health,21200.09,1133209,2023-05-26,2024-05-26,Active
P002905,C07325,Life,105970.99,8142250,2026-04-05,2027-04-05,Active
P002906,C03796,Life,96953.41,9064003,2025-01-04,2026-01-04,Expired
P002907,C02664,Health,15143.46,842974,2025-11-24,2026-11-24,Active
P002908,C08283,Life,40392.88,2386477,2026-01-14,2027-01-14,Active
P002909,C01283,Life,202987.28,7785940,2023-10-14,2024-10-14,Active
P002910,C04149,Health,34341.62,1705195,2026-01-08,2027-01-08,Active
P002911,C01363,Vehicle,28777.29,985577,2023-03-16,2024-03-16,Active
P002912,C01438,Health,21003.38,1135341,2025-11-19,2026-11-19,Active
P002913,C09629,Health,28945.23,1444284,2026-06-08,2027-06-08,Active
P002914,C03442,Vehicle,25344.27,861013,2020-08-14,2021-08-14,Active
P002915,C00057,Life,167439.2,8114632,2025-12-14,2026-12-14,Active
P002916,C04598,Life,35720.96,3523078,2023-08-14,2024-08-14,Expired
P002917,C08480,Health,14520.42,1040722,2025-12-12,2026-12-12,Expired
P002918,C05366,Vehicle,14529.84,777090,2021-06-01,2022-06-01,Active
P002919,C01845,Life,176964.3,9214484,2025-05-28,2026-05-28,Active
P002920,C05516,Vehicle,10340.51,687235,2025-03-08,2026-03-08,Active
P002921,C08574,Life,29087.95,1394773,2024-08-07,2025-08-07,Active
P002922,C06264,Health,10163.37,536739,2024-08-21,2025-08-21,Active
P002923,C02881,Health,12588.05,734216,2023-12-07,2024-12-07,Active
P002924,C01744,Health,13793.78,1021408,2026-07-15,2027-07-15,Active
P002925,C08399,Health,18202.42,803341,2026-05-24,2027-05-24,Active
P002926,C04170,Health,34731.88,1460560,2025-05-05,2026-05-05,Active
P002927,C05198,Health,34167.04,1597982,2023-12-07,2024-12-07,Active
P002928,C08994,Life,21243.88,1642355,2025-08-20,2026-08-20,Expired
P002929,C00741,Vehicle,7161.73,406034,2021-03-20,2022-03-20,Expired
P002930,C09067,Health,45856.64,1835342,2026-04-18,2027-04-18,Active
P002931,C01625,Vehicle,13909.92,569335,2026-08-01,2027-08-01,Active
P002932,C00525,Health,41287.59,1408979,2024-04-03,2025-04-03,Active
P002933,C08000,Health,25342.87,1135859,2023-07-15,2024-07-15,Active
P002934,C04420,Health,50814.1,1955962,2019-03-28,2020-03-28,Active
P002935,C05427,Life,129090.8,8330731,2021-11-16,2022-11-16,Active
P002936,C06690,Health,36358.07,1551854,2026-07-23,2027-07-23,Active
P002937,C07383,Vehicle,9252.87,598752,2022-02-15,2023-02-15,Active
P002938,C00436,Life,184025.0,7951217,2026-01-24,2027-01-24,Active
P002939,C02961,Vehicle,15801.85,965695,2024-10-02,2025-10-02,Active
P002940,C00309,Life,92959.22,6446032,2024-03-01,2025-03-01,Active
P002941,C01566,Life,189913.39,8728326,2025-03-28,2026-03-28,Active
P002942,C02632,Life,146867.24,7526999,2026-07-13,2027-07-13,Active
P002943,C05598,Life,107703.77,6362716,2026-01-18,2027-01-18,Active
P002944,C09478,Vehicle,11700.1,823212,2025-03-03,2026-03-03,Active
P002945,C00402,Health,18712.96,1036226,2025-07-11,2026-07-11,Active
P002946,C03827,Health,15044.1,664854,2023-01-13,2024-01-13,Active
P002947,C00882,Life,111874.97,4482131,2025-08-16,2026-08-16,Active
P002948,C03998,Life,119708.02,6290495,2025-03-09,2026-03-09,Active
P002949,C07119,Life,85384.27,3797337,2024-08-20,2025-08-20,Active
P002950,C03266,Health,13742.5,549090,2025-02-14,2026-02-14,Active
P002951,C08407,Health,17369.84,992240,2025-03-31,2026-03-31,Active
P002952,C05010,Vehicle,5127.96,429492,2025-12-14,2026-12-14,Active
P002953,C05737,Health,26789.54,1696939,2025-12-03,2026-12-03,Expired
P002954,C05555,Health,28167.13,1341202,2025-11-11,2026-11-11,Active
P002955,C00289,Life,93064.98,5678825,2026-07-24,2027-07-24,Active
P002956,C05565,Vehicle,24323.5,963877,2024-07-24,2025-07-24,Active
P002957,C08325,Health,19178.11,1322447,2020-07-05,2021-07-05,Active
P002958,C02624,Vehicle,15918.67,600189,2026-06-30,2027-06-30,Active
P002959,C08860,Vehicle,8753.12,486255,2026-01-02,2027-01-02,Active
P002960,C00477,Vehicle,18188.29,786561,2023-02-09,2024-02-09,Active
P002961,C08592,Health,39590.2,1716679,2023-07-19,2024-07-19,Expired
P002962,C09714,Life,33280.45,1487227,2023-11-05,2024-11-05,Active
P002963,C06523,Life,51694.28,2350663,2024-08-19,2025-08-19,Active
P002964,C03112,Health,26227.44,1181616,2025-11-30,2026-11-30,Active
P002965,C09471,Life,73352.0,2526163,2025-05-18,2026-05-18,Active
P002966,C00738,Life,158482.55,7532030,2024-07-16,2025-07-16,Expired
P002967,C03134,Health,16060.56,838436,2025-04-08,2026-04-08,Active
P002968,C08048,Health,42832.81,1490209,2025-05-22,2026-05-22,Expired
P002969,C06552,Vehicle,6859.23,607213,2023-01-25,2024-01-25,Active
P002970,C05408,Life,129697.45,8703978,2018-10-31,2019-10-31,Active
P002971,C05564,Vehicle,14300.03,485469,2023-11-06,2024-11-06,Active
P002972,C05329,Vehicle,24974.04,933347,2026-05-24,2027-05-24,Expired
P002973,C06719,Health,19504.33,1013515,2024-01-22,2025-01-22,Expired
P002974,C05119,Life,36460.27,1542282,2025-10-03,2026-10-03,Active
P002975,C04620,Vehicle,21605.36,793050,2025-10-17,2026-10-17,Active
P002976,C03690,Vehicle,15843.86,572660,2025-06-29,2026-06-29,Active
P002977,C07717,Health,40674.0,1772922,2022-12-28,2023-12-28,Active
P002978,C01840,Life,240764.58,9066612,2025-01-16,2026-01-16,Active
P002979,C01996,Health,10078.83,583689,2026-07-30,2027-07-30,Active
P002980,C02400,Health,35014.3,1862372,2023-05-16,2024-05-16,Active
P002981,C06511,Life,135958.3,5404004,2023-10-08,2024-10-08,Active
P002982,C09357,Life,66450.34,3834568,2024-11-14,2025-11-14,Active
P002983,C04120,Health,26163.72,1009751,2026-04-13,2027-04-13,Active
P002984,C05895,Life,42980.6,2242680,2026-02-28,2027-02-28,Active
P002985,C00801,Vehicle,9648.14,572629,2025-06-05,2026-06-05,Active
P002986,C08424,Health,34655.5,1444507,2026-03-31,2027-03-31,Active
P002987,C07681,Health,10286.02,793645,2026-02-04,2027-02-04,Active
P002988,C01406,Vehicle,14652.7,688865,2025-04-21,2026-04-21,Active
P002989,C05432,Life,78063.14,3655874,2020-07-28,2021-07-28,Active
P002990,C00070,Health,30395.67,1911967,2026-01-29,2027-01-29,Active
P002991,C09544,Life,76597.85,3458300,2026-03-22,2027-03-22,Expired
P002992,C02760,Life,50940.1,4823830,2026-06-29,2027-06-29,Active
P002993,C08295,Life,18263.24,1202445,2020-07-06,2021-07-06,Active
P002994,C01587,Health,28694.35,1583845,2021-08-21,2022-08-21,Active
P002995,C06667,Life,154990.6,6774944,2026-08-02,2027-08-02,Active
P002996,C08015,Health,27936.2,1597518,2024-07-09,2025-07-09,Expired
P002997,C01075,Life,105204.17,3837377,2026-07-18,2027-07-18,Active
P002998,C03064,Health,13335.59,1296650,2026-05-15,2027-05-15,Expired
P002999,C06488,Life,87446.49,6189331,2026-06-23,2027-06-23,Active
P003000,C04706,Life,69147.25,3006411,2022-01-06,2023-01-06,Active
