Loan_ID,Customer_ID,Loan_Type,Loan_Amount,Interest_Rate,EMI,Remaining_Balance,Loan_Status,Start_Date,End_Date
L000001,C00876,Personal,152451,16.06,2559.46,58612.86,Active,2026-04-20,2036-04-20
L000002,C07327,Auto,1443716,8.85,12850.54,1204655.88,Active,2019-09-09,2039-09-09
L000003,C09308,Home,2131262,7.58,25387.53,871840.71,Active,2020-02-10,2030-02-10
L000004,C08461,Home,3384119,9.27,70693.03,0.0,Closed,2025-10-09,2030-10-09
L000005,C06821,Education,1972573,9.02,25009.08,721082.17,Active,2025-05-30,2035-05-30
L000006,C07543,Home,1898382,7.79,17912.53,635977.35,Active,2025-07-21,2040-07-21
L000007,C05184,Personal,1224551,11.44,13008.39,850787.67,Active,2026-04-04,2046-04-04
L000008,C03809,Personal,858403,14.83,20344.83,635622.71,Active,2025-08-11,2030-08-11
L000009,C00381,Home,1667335,10.07,35483.4,971410.69,Active,2026-02-25,2031-02-25
L000010,C05484,Auto,982220,9.98,12969.23,401458.64,Active,2026-07-11,2036-07-11
L000011,C08123,Personal,249741,15.07,4039.91,181969.37,Active,2025-08-02,2035-08-02
L000012,C06917,Personal,666121,17.92,11968.23,206499.95,Active,2026-06-10,2036-06-10
L000013,C07002,Personal,580348,16.66,8792.11,495424.5,Active,2022-11-09,2037-11-09
L000014,C02474,Home,6779418,8.14,57297.88,1761405.93,Active,2025-07-28,2045-07-28
L000015,C02134,Auto,855493,9.06,8707.54,513378.2,Active,2021-08-17,2036-08-17
L000016,C03587,Personal,859161,12.14,12396.1,718570.82,Active,2022-11-10,2032-11-10
L000017,C06718,Personal,329950,11.65,4667.31,0.0,Closed,2026-06-01,2036-06-01
L000018,C03675,Personal,233227,13.39,2797.48,51367.11,Active,2025-09-23,2045-09-23
L000019,C00514,Auto,348154,11.22,7607.97,182474.74,Active,2025-11-19,2030-11-19
L000020,C05402,Home,4353598,7.83,35955.98,3908348.04,Active,2026-03-09,2046-03-09
L000021,C00039,Personal,652366,17.79,11666.62,538536.24,Active,2025-12-10,2035-12-10
L000022,C05992,Auto,2429292,10.94,33381.05,1911647.95,Active,2026-02-17,2036-02-17
L000023,C01349,Auto,302398,10.9,3100.76,75487.91,Active,2023-07-31,2043-07-31
L000024,C08836,Auto,1589807,9.46,20536.91,0.0,Closed,2026-05-18,2036-05-18
L000025,C06622,Auto,659256,11.43,14475.6,0.0,Closed,2024-02-25,2029-02-25
L000026,C09557,Personal,363738,11.46,3868.99,0.0,Closed,2022-12-14,2042-12-14
L000027,C06302,Personal,1206612,17.04,17735.3,0.0,Closed,2026-06-05,2046-06-05
L000028,C09239,Auto,1883905,11.42,26400.7,1169349.99,Active,2022-11-25,2032-11-25
L000029,C00264,Personal,883119,13.79,10847.33,655902.96,Active,2021-07-17,2041-07-17
L000030,C05807,Personal,1333772,14.65,21233.43,539525.9,Active,2025-05-26,2035-05-26
L000031,C02344,Personal,241348,17.29,3764.07,177003.84,Active,2023-07-27,2038-07-27
L000032,C02828,Auto,1198574,10.66,12095.42,681891.45,Active,2025-09-20,2045-09-20
L000033,C02164,Home,1598907,7.79,13165.69,978896.29,Active,2025-02-04,2045-02-04
L000034,C00880,Auto,527210,11.19,11512.84,205743.96,Active,2021-09-30,2026-09-30
L000035,C05982,Auto,758307,9.49,9808.16,608065.45,Active,2023-03-23,2033-03-23
L000036,C02211,Home,5380805,8.25,109748.25,1598398.4,Active,2022-09-19,2027-09-19
L000037,C00421,Auto,512182,11.11,11164.2,0.0,Closed,2026-07-26,2031-07-26
L000038,C05371,Auto,2079843,9.45,19319.01,1560666.12,Active,2024-05-16,2044-05-16
L000039,C06247,Personal,222967,11.73,4929.41,0.0,Closed,2019-12-02,2024-12-02
L000040,C02891,Personal,1054221,12.64,12081.63,729841.97,Active,2019-09-21,2039-09-21
L000041,C07626,Auto,555674,11.49,12217.93,314649.31,Active,2023-12-04,2028-12-04
L000042,C08471,Auto,960320,8.73,19809.06,0.0,Closed,2021-10-26,2026-10-26
L000043,C09155,Personal,242524,15.56,3996.35,58419.84,Active,2024-01-31,2034-01-31
L000044,C03908,Personal,1314081,14.96,31234.31,645778.03,Active,2026-07-20,2031-07-20
L000045,C09712,Personal,646865,12.03,7775.96,402964.49,Active,2025-04-28,2040-04-28
L000046,C07095,Personal,729139,13.93,16939.34,339187.09,Active,2024-06-30,2029-06-30
L000047,C03392,Personal,309675,11.05,4274.54,249994.56,Active,2025-07-25,2035-07-25
L000048,C08373,Home,1572132,10.14,17029.12,932700.01,Active,2026-02-03,2041-02-03
L000049,C05245,Auto,934424,10.95,20293.35,478218.02,Active,2022-06-03,2027-06-03
L000050,C05773,Auto,734473,12.26,10648.24,203596.73,Active,2026-05-17,2036-05-17
L000051,C04615,Home,4107983,8.32,50538.49,3111722.69,Active,2023-01-14,2033-01-14
L000052,C05627,Auto,1407228,10.52,15572.94,0.0,Closed,2026-01-11,2041-01-11
L000053,C04600,Auto,687127,11.04,7827.13,457977.31,Active,2025-11-03,2040-11-03
L000054,C01291,Personal,649360,11.71,7019.16,390018.06,Active,2026-02-16,2046-02-16
L000055,C09393,Education,515595,10.84,7055.71,162816.39,Active,2020-01-15,2030-01-15
L000056,C03637,Personal,410575,13.72,9493.87,111147.97,Active,2026-07-25,2031-07-25
L000057,C04401,Home,5110048,7.62,47719.91,3706466.94,Active,2026-07-16,2041-07-16
L000058,C07746,Personal,1274160,17.13,18815.45,0.0,Closed,2025-08-19,2045-08-19
L000059,C07479,Home,5471793,10.09,72583.13,0.0,Closed,2026-04-27,2036-04-27
L000060,C08308,Home,2893286,9.85,27633.91,0.0,Closed,2026-03-09,2046-03-09
L000061,C03552,Auto,820444,9.57,17258.93,716159.64,Active,2026-08-05,2031-08-05
L000062,C00980,Personal,518534,16.62,7456.38,168847.39,Active,2025-04-29,2045-04-29
L000063,C02824,Home,2435009,7.57,28993.03,1716627.43,Active,2026-01-17,2036-01-17
L000064,C08345,Personal,685367,13.13,8093.15,212078.04,Active,2021-10-22,2041-10-22
L000065,C00676,Education,315765,8.35,3081.76,71434.25,Active,2021-04-17,2036-04-17
L000066,C07998,Home,2409346,9.29,24854.58,1639381.37,Active,2023-12-15,2038-12-15
L000067,C03734,Personal,1172531,11.37,16398.17,473527.0,Active,2025-09-14,2035-09-14
L000068,C08597,Home,2470535,9.92,32538.95,2102470.58,Active,2026-07-28,2036-07-28
L000069,C06374,Personal,792479,15.17,18923.81,546631.74,Active,2023-12-21,2028-12-21
L000070,C09827,Education,1912924,8.98,19379.4,1464748.74,Active,2025-04-19,2040-04-19
L000071,C00556,Auto,1890250,11.21,26263.4,1303015.65,Active,2026-07-26,2036-07-26
L000072,C00319,Personal,100851,12.78,1492.76,49821.47,Active,2023-10-26,2033-10-26
L000073,C08341,Personal,1075150,13.81,16570.87,370265.77,Active,2025-03-19,2035-03-19
L000074,C05567,Auto,1011737,11.14,11588.47,462304.52,Active,2024-09-26,2039-09-26
L000075,C06172,Home,4650501,8.2,44981.22,3537213.13,Active,2022-04-06,2037-04-06
L000076,C05054,Home,3553888,10.45,76298.92,994037.27,Active,2023-12-15,2028-12-15
L000077,C08474,Auto,1910522,10.48,25758.24,799867.38,Active,2024-08-29,2034-08-29
L000078,C02021,Home,1951118,9.81,41273.32,0.0,Closed,2023-02-20,2028-02-20
L000079,C09211,Home,3672472,8.89,46302.98,0.0,Closed,2023-07-31,2033-07-31
L000080,C00382,Personal,379632,16.51,5711.23,0.0,Closed,2024-05-14,2039-05-14
L000081,C01086,Home,3617193,8.78,32034.8,0.0,Closed,2021-01-29,2041-01-29
L000082,C01334,Personal,1095464,13.88,16929.93,0.0,Closed,2026-04-25,2036-04-25
L000083,C04485,Home,2593244,8.95,32779.99,2193266.33,Active,2025-11-12,2035-11-12
L000084,C06377,Home,2639655,8.51,54169.29,1948374.14,Active,2022-04-22,2027-04-22
L000085,C06070,Auto,1197383,8.76,10589.04,687121.81,Active,2023-07-23,2043-07-23
L000086,C09619,Education,1962209,9.17,40894.32,0.0,Closed,2025-11-12,2030-11-12
L000087,C01555,Home,3095433,8.93,31267.17,1940865.42,Active,2025-08-17,2040-08-17
L000088,C03749,Auto,2057502,10.65,27936.0,1458656.34,Active,2023-01-14,2033-01-14
L000089,C09135,Personal,915492,13.02,10738.73,285309.45,Active,2026-05-31,2046-05-31
L000090,C07545,Auto,413105,12.13,9216.45,247851.05,Active,2026-03-29,2031-03-29
L000091,C02039,Auto,1062226,8.7,9353.14,617907.99,Active,2025-07-21,2045-07-21
L000092,C01741,Education,1790170,8.83,15911.42,1508514.74,Active,2023-11-19,2043-11-19
L000093,C04304,Education,2462487,8.16,23760.83,2097958.01,Active,2025-05-13,2040-05-13
L000094,C07454,Auto,468854,11.52,6597.24,415279.92,Active,2026-02-18,2036-02-18
L000095,C04200,Home,2558818,8.92,53017.56,1912524.09,Active,2024-03-13,2029-03-13
L000096,C05684,Personal,873629,11.76,19327.61,0.0,Closed,2025-01-14,2030-01-14
L000097,C02775,Education,1504591,8.32,30738.62,0.0,Closed,2023-11-27,2028-11-27
L000098,C09232,Personal,887075,13.47,13492.03,369528.75,Active,2026-07-25,2036-07-25
L000099,C07466,Personal,313702,15.73,4548.43,0.0,Closed,2021-06-05,2036-06-05
L000100,C06716,Personal,353870,16.47,8694.05,212369.91,Active,2023-12-11,2028-12-11
L000101,C00609,Home,3622153,9.44,75965.79,0.0,Closed,2025-11-16,2030-11-16
L000102,C00716,Home,1610665,8.8,16145.36,515259.6,Active,2019-01-08,2034-01-08
L000103,C03696,Personal,1013282,11.82,12043.99,259671.39,Active,2022-11-14,2037-11-14
L000104,C01393,Personal,1074910,13.77,14149.3,782699.35,Active,2024-10-24,2039-10-24
L000105,C06484,Auto,1469909,12.03,21114.42,0.0,Closed,2023-05-01,2033-05-01
L000106,C06702,Auto,1889596,9.85,18047.62,0.0,Closed,2024-02-03,2044-02-03
L000107,C00278,Personal,544847,13.16,6951.09,154614.51,Active,2021-09-18,2036-09-18
L000108,C05366,Home,3817508,9.17,48710.5,1511533.65,Active,2023-12-16,2033-12-16
L000109,C02143,Personal,603995,15.68,8258.45,536305.11,Active,2024-11-18,2044-11-18
L000110,C05599,Personal,948090,15.69,13720.23,608375.78,Active,2021-04-23,2036-04-23
L000111,C01071,Personal,820911,13.69,10761.97,478080.77,Active,2026-03-17,2041-03-17
L000112,C07600,Home,3433893,7.86,41409.01,1304821.84,Active,2026-07-27,2036-07-27
L000113,C06703,Home,3053149,8.07,25670.93,1487766.43,Active,2025-03-24,2045-03-24
L000114,C02125,Personal,1351560,12.62,30489.87,0.0,Closed,2024-08-22,2029-08-22
L000115,C09444,Personal,856822,11.85,18994.65,695218.45,Active,2023-03-17,2028-03-17
L000116,C07060,Home,1528587,9.16,19496.1,570232.47,Active,2021-01-05,2031-01-05
L000117,C05874,Education,225722,9.72,2136.56,149316.42,Active,2024-10-31,2044-10-31
L000118,C08772,Auto,1358971,12.26,15210.5,1160914.02,Active,2023-07-16,2043-07-16
L000119,C02587,Personal,1310101,15.22,31318.71,435216.27,Active,2026-04-26,2031-04-26
L000120,C07822,Auto,657274,12.48,14780.62,400068.35,Active,2023-05-06,2028-05-06
L000121,C06587,Auto,1246600,11.6,13380.11,735612.8,Active,2023-03-05,2043-03-05
L000122,C05453,Auto,1199321,9.72,25317.11,458065.65,Active,2026-03-13,2031-03-13
L000123,C06982,Auto,1171525,11.0,13315.52,925575.08,Active,2026-02-01,2041-02-01
L000124,C07078,Home,1657422,7.97,13832.41,802742.78,Active,2025-09-14,2045-09-14
L000125,C06463,Personal,585440,12.66,7276.74,340830.33,Active,2025-12-17,2040-12-17
L000126,C02790,Personal,654811,16.41,11136.84,339720.09,Active,2026-05-18,2036-05-18
L000127,C03148,Auto,1414143,11.81,31321.22,488105.6,Active,2024-02-17,2029-02-17
L000128,C05498,Personal,1293713,17.41,19380.59,540675.53,Active,2022-07-06,2042-07-06
L000129,C04449,Auto,1441883,10.5,14395.47,694085.47,Active,2026-05-28,2046-05-28
L000130,C00561,Auto,1651914,10.91,35842.51,374426.51,Active,2026-01-26,2031-01-26
L000131,C01947,Auto,387012,12.5,4770.01,141578.16,Active,2022-05-21,2037-05-21
L000132,C04410,Home,2588346,9.45,26950.11,1268986.48,Active,2021-06-16,2036-06-16
L000133,C03533,Auto,2362447,12.38,26641.13,1575005.91,Active,2022-12-26,2042-12-26
L000134,C00547,Auto,974548,9.82,9288.67,232297.67,Active,2025-06-16,2045-06-16
L000135,C07509,Auto,453918,10.32,4967.07,371692.97,Active,2025-04-26,2040-04-26
L000136,C05630,Personal,1179186,16.69,29109.62,613394.26,Active,2021-10-21,2026-10-21
L000137,C08002,Home,2286778,9.06,20663.06,841549.45,Active,2025-08-28,2045-08-28
L000138,C05810,Home,3698037,10.28,36375.58,0.0,Closed,2025-09-25,2045-09-25
L000139,C09051,Personal,160543,17.8,2872.11,109566.57,Active,2026-02-23,2036-02-23
L000140,C04853,Personal,955618,11.2,20872.89,781479.26,Active,2026-02-08,2031-02-08
L000141,C05738,Auto,1345169,12.23,16343.87,953190.21,Active,2023-10-14,2038-10-14
L000142,C08749,Auto,2280633,9.47,29473.39,580859.65,Active,2025-03-08,2035-03-08
L000143,C03616,Auto,872557,11.96,10449.71,0.0,Closed,2026-04-26,2041-04-26
L000144,C09781,Auto,1725540,12.24,20976.56,0.0,Closed,2024-11-01,2039-11-01
L000145,C08223,Home,6508935,10.01,62855.76,0.0,Closed,2025-10-23,2045-10-23
L000146,C08553,Personal,1115737,13.09,13143.31,752850.07,Active,2024-02-17,2044-02-17
L000147,C03557,Home,1545711,8.22,13141.38,552002.56,Active,2025-12-07,2045-12-07
L000148,C09023,Home,7747039,8.92,69304.03,3373198.83,Active,2026-06-28,2046-06-28
L000149,C04613,Auto,937975,10.48,20151.45,210343.23,Active,2019-07-06,2024-07-06
L000150,C08314,Personal,310479,17.06,4568.28,81559.98,Active,2025-12-11,2045-12-11
L000151,C08936,Home,2104631,8.73,26354.02,742792.25,Active,2026-06-27,2036-06-27
L000152,C06277,Personal,1407069,15.7,33993.3,0.0,Closed,2020-09-08,2025-09-08
L000153,C06034,Auto,1893874,12.32,21277.22,0.0,Closed,2026-06-17,2046-06-17
L000154,C06862,Home,2073954,8.2,20059.98,0.0,Closed,2024-07-21,2039-07-21
L000155,C07089,Home,5140416,10.44,110334.86,2129156.12,Active,2026-07-10,2031-07-10
L000156,C03066,Auto,492900,9.8,10424.23,314278.58,Active,2025-10-18,2030-10-18
L000157,C08307,Personal,1213936,13.59,18550.25,1025438.63,Active,2025-01-27,2035-01-27
L000158,C01690,Auto,1310113,10.49,17670.67,594092.7,Active,2021-08-25,2031-08-25
L000159,C03662,Auto,339415,12.1,3760.94,0.0,Closed,2021-07-23,2041-07-23
L000160,C09908,Personal,431298,11.05,4915.67,0.0,Closed,2026-06-11,2041-06-11
L000161,C08780,Education,1979680,10.07,19196.25,0.0,Closed,2023-04-24,2043-04-24
L000162,C06418,Home,2306760,10.06,49079.96,1152582.13,Active,2026-04-30,2031-04-30
L000163,C02020,Personal,719143,10.66,7257.23,362339.98,Active,2020-08-22,2040-08-22
L000164,C01689,Auto,505706,12.14,5617.7,0.0,Closed,2026-03-20,2046-03-20
L000165,C05889,Auto,1265186,10.93,14324.5,970280.77,Active,2026-07-21,2041-07-21
L000166,C08768,Home,3794774,9.38,79474.96,2244319.53,Active,2026-04-01,2031-04-01
L000167,C03702,Personal,375590,11.18,4311.49,228789.84,Active,2023-12-19,2038-12-19
L000168,C00285,Personal,1231220,17.07,19009.64,320805.6,Active,2026-08-01,2041-08-01
L000169,C07224,Auto,1377810,12.16,15324.84,0.0,Closed,2024-12-10,2044-12-10
L000170,C06898,Personal,810337,16.53,11597.28,0.0,Closed,2022-12-02,2042-12-02
L000171,C05752,Personal,573148,16.95,8385.15,0.0,Closed,2023-03-14,2043-03-14
L000172,C00658,Home,2267085,7.77,18639.59,1188857.98,Active,2025-06-17,2045-06-17
L000173,C00648,Auto,1399584,10.84,15767.3,1030548.22,Active,2026-06-24,2041-06-24
L000174,C01950,Personal,1277356,12.96,19042.17,581474.49,Active,2026-06-07,2036-06-07
L000175,C07151,Personal,733738,15.37,17598.4,174348.57,Active,2024-05-03,2029-05-03
L000176,C07528,Home,3566217,7.85,42985.91,0.0,Closed,2023-11-30,2033-11-30
L000177,C08945,Home,1975679,8.61,17283.2,773242.42,Active,2025-01-09,2045-01-09
L000178,C08793,Auto,715326,11.83,7791.74,0.0,Closed,2022-12-10,2042-12-10
L000179,C04229,Home,2277057,8.15,19259.34,0.0,Closed,2025-12-24,2045-12-24
L000180,C04159,Home,1552090,10.44,17099.1,334491.27,Active,2023-06-26,2038-06-26
L000181,C02135,Personal,934959,12.57,21067.95,0.0,Closed,2023-12-12,2028-12-12
L000182,C07449,Home,2269012,9.49,47642.39,1512395.41,Active,2024-08-21,2029-08-21
L000183,C05904,Auto,1160694,8.77,14559.09,384030.6,Active,2024-11-22,2034-11-22
L000184,C06866,Home,7995874,7.94,161897.99,1688571.13,Active,2026-07-15,2031-07-15
L000185,C01888,Auto,1351319,11.69,29848.09,1191801.06,Active,2024-12-04,2029-12-04
L000186,C01312,Home,1749489,9.27,36546.2,1510370.05,Active,2022-05-11,2027-05-11
L000187,C06629,Personal,1203281,11.35,26372.76,427631.72,Active,2023-04-04,2028-04-04
L000188,C09203,Personal,328702,13.89,5081.92,0.0,Closed,2022-08-11,2032-08-11
L000189,C01447,Personal,1481819,14.41,18869.6,1301325.37,Active,2026-06-28,2046-06-28
L000190,C04313,Auto,1984504,10.21,42370.19,522340.15,Active,2026-02-21,2031-02-21
L000191,C06914,Education,538859,8.97,6817.29,381236.71,Active,2021-05-27,2031-05-27
L000192,C02715,Personal,1249986,15.84,17240.63,0.0,Closed,2026-04-06,2046-04-06
L000193,C02113,Personal,1051510,14.29,13297.8,429809.35,Active,2022-06-01,2042-06-01
L000194,C02575,Auto,1665071,12.01,23898.56,463449.68,Active,2022-06-17,2032-06-17
L000195,C06041,Home,5304224,8.7,109336.28,3613415.08,Active,2025-05-29,2030-05-29
L000196,C02563,Home,1580026,9.56,14789.88,502068.55,Active,2022-02-16,2042-02-16
L000197,C07099,Home,3120082,9.73,33015.08,0.0,Closed,2022-04-26,2037-04-26
L000198,C02823,Auto,1682635,11.18,17574.56,730703.83,Active,2026-02-07,2046-02-07
L000199,C00114,Personal,207890,17.76,3312.07,103000.56,Active,2026-07-06,2041-07-06
L000200,C05971,Personal,1477275,14.12,34465.58,754317.54,Active,2021-04-25,2026-04-25
L000201,C08560,Home,1792099,9.22,16378.41,0.0,Closed,2026-08-01,2046-08-01
L000202,C06473,Auto,410116,10.94,4645.93,290653.61,Active,2026-06-29,2041-06-29
L000203,C02810,Personal,812663,13.13,12196.32,0.0,Closed,2023-04-27,2033-04-27
L000204,C00124,Personal,940505,11.02,20458.24,497209.37,Active,2020-04-26,2025-04-26
L000205,C08080,Home,3402728,8.52,33547.91,2289804.48,Active,2025-04-06,2040-04-06
L000206,C05512,Home,2750371,7.75,55439.12,1022848.91,Active,2026-03-14,2031-03-14
L000207,C05178,Education,542177,8.82,4815.52,320192.97,Active,2023-06-12,2043-06-12
L000208,C04616,Education,2348936,8.34,20147.37,998879.1,Active,2024-09-18,2044-09-18
L000209,C03677,Personal,1205060,15.5,28985.54,254132.74,Active,2026-05-13,2031-05-13
L000210,C02819,Personal,528706,12.76,7819.48,0.0,Closed,2025-06-26,2035-06-26
L000211,C01635,Personal,707014,12.96,16072.27,423177.21,Active,2023-04-29,2028-04-29
L000212,C08066,Education,1316906,10.11,14240.29,390811.54,Active,2026-07-30,2041-07-30
L000213,C06805,Education,278607,9.38,5834.94,0.0,Closed,2026-07-17,2031-07-17
L000214,C03265,Auto,1502506,10.12,14619.17,926260.97,Active,2025-01-16,2045-01-16
L000215,C02070,Home,1860444,9.9,17830.6,0.0,Closed,2026-03-12,2046-03-12
L000216,C05885,Auto,669643,10.25,14310.45,326645.22,Active,2026-01-22,2031-01-22
L000217,C04308,Personal,929982,17.03,14332.24,329787.88,Active,2025-04-24,2040-04-24
L000218,C06167,Home,2163984,7.84,26072.5,0.0,Closed,2025-08-27,2035-08-27
L000219,C02772,Personal,1453592,16.61,24905.01,1047781.45,Active,2026-06-08,2036-06-08
L000220,C03238,Home,2782364,9.78,58816.27,998886.31,Active,2026-04-27,2031-04-27
L000221,C05547,Auto,2182845,11.22,25112.53,0.0,Closed,2026-07-30,2041-07-30
L000222,C02413,Personal,416580,13.8,5119.86,286617.74,Active,2026-08-04,2046-08-04
L000223,C04242,Home,1735602,8.56,35658.74,1013001.98,Active,2023-09-24,2028-09-24
L000224,C03080,Home,2102044,7.73,42350.77,1145724.4,Active,2024-05-26,2029-05-26
L000225,C02291,Personal,1262485,17.66,31825.77,420570.19,Active,2026-04-22,2031-04-22
L000226,C02523,Personal,774290,15.04,12510.98,0.0,Closed,2023-06-22,2033-06-22
L000227,C01763,Auto,1020241,12.43,22917.01,794980.73,Active,2022-11-14,2027-11-14
L000228,C06033,Home,3336091,10.47,44959.52,858857.44,Active,2022-09-29,2032-09-29
L000229,C08019,Personal,809607,15.59,19512.13,0.0,Closed,2025-11-09,2030-11-09
L000230,C01596,Personal,238227,12.97,2785.92,93715.27,Active,2023-11-10,2043-11-10
L000231,C09943,Personal,1363955,17.05,21039.68,593963.56,Active,2023-04-01,2038-04-01
L000232,C09661,Auto,1601206,12.37,18045.42,646592.91,Active,2025-01-13,2045-01-13
L000233,C06104,Personal,1272144,13.33,16372.92,0.0,Closed,2026-06-26,2041-06-26
L000234,C03040,Personal,1203926,11.2,12591.07,1068169.65,Active,2026-03-16,2046-03-16
L000235,C04403,Home,1949194,8.53,16952.59,389870.7,Active,2020-11-16,2040-11-16
L000236,C04483,Personal,720320,16.83,17836.03,376122.63,Active,2025-02-23,2030-02-23
L000237,C02785,Personal,1204216,10.78,13521.19,0.0,Closed,2020-10-11,2035-10-11
L000238,C03439,Auto,1880077,9.12,23938.29,0.0,Closed,2019-08-02,2029-08-02
L000239,C04315,Personal,447160,15.91,10852.69,190734.29,Active,2024-04-16,2029-04-16
L000240,C02320,Home,3363104,9.33,30976.14,2463749.63,Active,2026-07-19,2046-07-19
L000241,C02825,Home,3144943,8.91,39685.79,745379.42,Active,2024-05-05,2034-05-05
L000242,C03017,Home,5372852,9.81,51174.65,3260984.94,Active,2023-01-17,2043-01-17
L000243,C07759,Personal,518796,16.51,8856.11,0.0,Closed,2019-03-30,2029-03-30
L000244,C08263,Personal,1107871,17.06,27569.2,596991.17,Active,2026-06-27,2031-06-27
L000245,C03015,Personal,275898,16.22,4094.51,149165.1,Active,2021-06-02,2036-06-02
L000246,C06299,Auto,684674,12.29,9938.21,0.0,Closed,2025-12-18,2035-12-18
L000247,C05344,Auto,411862,10.16,4018.32,302700.18,Active,2024-12-23,2044-12-23
L000248,C01233,Auto,1872497,9.4,19440.25,0.0,Closed,2024-04-13,2039-04-13
L000249,C04583,Auto,1706309,11.67,24156.18,439925.16,Active,2024-07-03,2034-07-03
L000250,C02045,Personal,391069,16.19,5496.59,350524.59,Active,2026-01-14,2046-01-14
L000251,C07009,Home,3646845,8.15,44535.87,1425681.72,Active,2023-07-26,2033-07-26
L000252,C07621,Auto,766351,11.6,10818.44,664100.91,Active,2023-07-22,2033-07-22
L000253,C04882,Home,2458636,7.69,20093.22,2184486.42,Active,2025-01-15,2045-01-15
L000254,C05359,Auto,807381,11.37,9365.12,379173.0,Active,2022-11-07,2037-11-07
L000255,C01963,Home,4994422,8.06,101412.35,3234274.66,Active,2026-03-31,2031-03-31
L000256,C05999,Home,1785255,9.02,37076.29,1019211.8,Active,2026-03-29,2031-03-29
L000257,C04722,Personal,882871,12.4,19817.9,752831.44,Active,2023-06-03,2028-06-03
L000258,C01815,Home,4256095,9.38,44135.53,2780892.75,Active,2025-09-04,2040-09-04
L000259,C06775,Education,2896080,8.53,25187.87,0.0,Closed,2025-06-15,2045-06-15
L000260,C02047,Personal,482264,16.59,11879.44,115490.84,Active,2023-05-09,2028-05-09
L000261,C03629,Education,1045533,8.13,12757.13,0.0,Closed,2022-06-07,2032-06-07
L000262,C08605,Home,4101105,9.05,37030.69,1528466.89,Active,2025-10-10,2045-10-10
L000263,C06988,Education,1697258,10.59,36556.41,0.0,Closed,2025-11-24,2030-11-24
L000264,C07302,Education,722086,10.4,7160.72,0.0,Closed,2022-10-28,2042-10-28
L000265,C06896,Home,2310852,8.52,28675.98,1274974.75,Active,2024-02-23,2034-02-23
L000266,C00602,Auto,1389000,9.57,29219.12,1173359.27,Active,2023-10-13,2028-10-13
L000267,C07958,Auto,1056889,10.68,11801.05,708597.64,Active,2024-05-14,2039-05-14
L000268,C04224,Home,8981225,9.31,82605.63,5292313.76,Active,2025-09-26,2045-09-26
L000269,C06438,Personal,839370,15.11,11121.02,179609.15,Active,2026-01-30,2046-01-30
L000270,C07431,Auto,614745,11.18,6420.8,208541.68,Active,2026-05-07,2046-05-07
L000271,C01878,Auto,430613,9.07,3893.74,367285.61,Active,2019-01-19,2039-01-19
L000272,C00628,Home,2268246,8.59,46634.99,963225.54,Active,2026-07-27,2031-07-27
L000273,C09766,Home,4620674,8.83,95536.81,2446083.54,Active,2024-04-23,2029-04-23
L000274,C01058,Home,6948910,8.34,142032.27,5349037.19,Active,2019-09-08,2024-09-08
L000275,C08845,Personal,1277913,11.38,14831.1,958180.06,Active,2026-02-03,2041-02-03
L000276,C02696,Auto,2360242,9.3,30283.1,0.0,Closed,2026-07-27,2036-07-27
L000277,C03824,Auto,2166931,12.49,26693.8,873970.21,Active,2025-04-16,2040-04-16
L000278,C01586,Personal,708933,17.18,12402.07,177852.06,Active,2026-07-31,2036-07-31
L000279,C08571,Personal,858104,14.32,20109.22,0.0,Closed,2024-11-03,2029-11-03
L000280,C00838,Personal,596471,16.43,14641.65,297881.09,Active,2025-11-02,2030-11-02
L000281,C00943,Personal,1256887,11.47,27623.3,780888.83,Active,2025-09-14,2030-09-14
L000282,C00912,Home,5515333,9.08,49907.01,0.0,Closed,2025-08-10,2045-08-10
L000283,C08118,Home,1666213,9.43,15455.21,896169.32,Active,2023-05-06,2043-05-06
L000284,C08675,Home,3238651,9.84,42512.58,0.0,Closed,2026-04-17,2036-04-17
L000285,C07457,Personal,1154581,17.33,28899.58,0.0,Closed,2023-11-08,2028-11-08
L000286,C07615,Auto,1575590,9.16,16131.0,0.0,Closed,2020-02-27,2035-02-27
L000287,C04879,Education,2376415,10.68,51290.59,1082362.06,Active,2022-01-18,2027-01-18
L000288,C07979,Personal,362501,15.19,8660.07,283459.42,Active,2025-10-10,2030-10-10
L000289,C03767,Auto,946737,9.18,9704.08,0.0,Closed,2023-09-24,2038-09-24
L000290,C00985,Auto,419007,8.82,4205.1,152153.47,Active,2021-10-29,2036-10-29
L000291,C00080,Home,1754056,8.99,17780.37,1207727.41,Active,2023-12-27,2038-12-27
L000292,C01366,Home,8313102,8.39,170115.63,6561894.58,Active,2025-12-31,2030-12-31
L000293,C09266,Home,2474005,8.11,30160.5,982541.14,Active,2020-07-07,2030-07-07
L000294,C09292,Home,2948589,10.43,39671.3,0.0,Closed,2024-02-03,2034-02-03
L000295,C04843,Personal,322683,12.89,3755.22,188860.81,Active,2025-07-10,2045-07-10
L000296,C02747,Personal,206126,12.68,2368.09,0.0,Closed,2026-04-27,2046-04-27
L000297,C01295,Home,4179315,9.94,44757.85,3295224.01,Active,2020-11-01,2035-11-01
L000298,C09105,Home,2478982,9.0,25143.49,2074822.74,Active,2022-11-24,2037-11-24
L000299,C07186,Home,2458882,10.4,33041.39,2129242.57,Active,2026-06-14,2036-06-14
L000300,C06760,Personal,1353087,17.12,19970.66,1210032.98,Active,2025-06-04,2045-06-04
L000301,C08854,Home,1780881,10.15,19301.19,0.0,Closed,2026-04-15,2041-04-15
L000302,C06658,Personal,940080,10.88,12885.83,656155.92,Active,2024-02-23,2034-02-23
L000303,C04407,Home,2444461,9.79,25955.15,0.0,Closed,2023-09-15,2038-09-15
L000304,C09466,Auto,798329,9.01,16575.87,274283.44,Active,2023-02-17,2028-02-17
L000305,C07192,Home,1883366,9.76,24639.19,1165858.25,Active,2026-04-27,2036-04-27
L000306,C05212,Personal,181608,11.53,2124.99,0.0,Closed,2025-02-28,2040-02-28
L000307,C09684,Personal,412351,15.05,6665.29,194156.42,Active,2026-04-21,2036-04-21
L000308,C05369,Education,2785790,10.22,30312.29,1517919.89,Active,2025-11-10,2040-11-10
L000309,C02299,Personal,1127282,15.82,16415.14,1001425.62,Active,2023-11-29,2038-11-29
L000310,C03027,Home,1557464,10.44,17158.3,0.0,Closed,2022-03-03,2037-03-03
L000311,C00028,Home,1611766,9.29,16626.82,0.0,Closed,2026-02-28,2041-02-28
L000312,C08076,Home,2313864,9.24,29612.44,1137342.15,Active,2019-05-06,2029-05-06
L000313,C00376,Home,4138323,9.66,39008.01,1752543.26,Active,2026-02-16,2046-02-16
L000314,C07925,Home,3343740,8.07,28114.23,2654923.27,Active,2023-04-22,2043-04-22
L000315,C02305,Auto,2021247,10.51,20193.3,0.0,Closed,2026-06-24,2046-06-24
L000316,C07051,Home,1502040,9.62,19534.85,302381.67,Active,2026-01-01,2036-01-01
L000317,C01270,Personal,890258,12.85,13213.86,468997.76,Active,2025-11-04,2035-11-04
L000318,C02185,Personal,1449116,16.53,21821.05,1109175.24,Active,2024-07-06,2039-07-06
L000319,C01283,Home,3840785,8.4,37596.93,0.0,Closed,2025-09-13,2040-09-13
L000320,C07522,Home,2223769,9.61,23368.98,1128915.65,Active,2026-06-20,2041-06-20
L000321,C01723,Auto,1446964,9.65,13629.65,0.0,Closed,2024-02-23,2044-02-23
L000322,C06240,Home,4395199,10.36,58962.6,3070744.29,Active,2025-11-18,2035-11-18
L000323,C01574,Personal,826376,17.43,12970.64,619954.91,Active,2026-02-17,2041-02-17
L000324,C07966,Auto,1437213,12.23,17462.21,674090.37,Active,2022-04-07,2037-04-07
L000325,C03136,Auto,1316942,8.7,16469.4,1136858.38,Active,2020-09-03,2030-09-03
L000326,C07424,Personal,1090702,11.25,15179.18,561442.35,Active,2026-07-30,2036-07-30
L000327,C01456,Auto,2006693,11.11,20863.29,1525850.86,Active,2026-07-26,2046-07-26
L000328,C05442,Auto,973537,9.64,20512.76,0.0,Closed,2025-08-25,2030-08-25
L000329,C03887,Education,2608089,8.7,53760.69,0.0,Closed,2023-02-02,2028-02-02
L000330,C08065,Home,1868655,10.3,39979.79,0.0,Closed,2026-06-09,2031-06-09
L000331,C03107,Personal,1138895,11.9,13595.47,0.0,Closed,2023-10-31,2038-10-31
L000332,C03944,Personal,1291102,15.02,18087.79,268071.99,Active,2022-02-02,2037-02-02
L000333,C02052,Personal,1135809,17.17,19862.61,0.0,Closed,2021-03-06,2031-03-06
L000334,C02860,Personal,504354,16.57,7608.85,291899.86,Active,2026-04-15,2041-04-15
L000335,C00863,Education,980975,8.04,9397.37,0.0,Closed,2026-02-07,2041-02-07
L000336,C04816,Personal,505088,11.82,5498.2,0.0,Closed,2023-06-27,2043-06-27
L000337,C03169,Personal,281902,13.51,6487.97,225964.66,Active,2026-05-03,2031-05-03
L000338,C05593,Education,720192,8.02,6032.94,268178.14,Active,2026-03-11,2046-03-11
L000339,C01649,Home,2766452,9.25,57763.24,1793528.28,Active,2022-07-15,2027-07-15
L000340,C08844,Personal,347935,13.99,5400.17,190750.38,Active,2019-09-04,2029-09-04
L000341,C07313,Auto,1604336,11.26,18497.62,1195880.93,Active,2024-11-09,2039-11-09
L000342,C07765,Auto,1302820,9.11,13299.46,671650.41,Active,2025-09-01,2040-09-01
L000343,C08165,Personal,1227256,16.51,20949.89,0.0,Closed,2021-07-30,2031-07-30
L000344,C02926,Personal,1349513,17.05,33575.17,715618.15,Active,2020-05-24,2025-05-24
L000345,C07836,Education,2566295,8.34,31599.2,2040469.71,Active,2022-05-23,2032-05-23
L000346,C07304,Home,5864941,8.83,73756.07,3271583.87,Active,2025-05-28,2035-05-28
L000347,C02665,Home,2434244,9.93,23378.2,1482948.26,Active,2023-12-07,2043-12-07
L000348,C05150,Auto,2239355,11.19,25720.25,1394750.69,Active,2024-09-11,2039-09-11
L000349,C01977,Auto,1213944,10.81,26279.2,497389.99,Active,2025-01-28,2030-01-28
L000350,C04078,Auto,363182,12.24,8122.9,0.0,Closed,2021-03-20,2026-03-20
L000351,C09320,Personal,702072,13.57,10720.04,0.0,Closed,2026-01-13,2036-01-13
L000352,C01531,Home,2177255,10.39,23919.09,0.0,Closed,2022-05-24,2037-05-24
L000353,C01250,Personal,891667,13.32,13482.37,585433.85,Active,2026-02-05,2036-02-05
L000354,C02782,Personal,1226712,13.45,18643.16,912817.07,Active,2022-02-15,2032-02-15
L000355,C07858,Home,1523839,10.44,15152.34,790702.17,Active,2024-08-30,2044-08-30
L000356,C02846,Personal,581640,12.36,7115.93,446736.56,Active,2026-06-22,2041-06-22
L000357,C04962,Auto,773304,8.63,6774.67,189176.02,Active,2026-08-03,2046-08-03
L000358,C07260,Home,1752356,8.12,35632.18,1029493.82,Active,2026-04-15,2031-04-15
L000359,C00158,Personal,202081,12.34,4529.98,148724.04,Active,2026-07-29,2031-07-29
L000360,C06910,Education,436743,8.42,4280.33,112907.71,Active,2024-05-17,2039-05-17
L000361,C06490,Personal,1311052,14.98,18331.36,375772.64,Active,2024-07-20,2039-07-20
L000362,C04761,Auto,2486285,9.38,25782.67,1268744.57,Active,2026-01-21,2041-01-21
L000363,C01451,Auto,1841851,12.15,20473.31,1597218.44,Active,2025-06-24,2045-06-24
L000364,C02789,Home,7894713,9.86,84162.1,4849079.38,Active,2026-05-04,2041-05-04
L000365,C01749,Personal,485622,16.16,6814.61,360457.21,Active,2025-01-27,2045-01-27
L000366,C07840,Home,1651363,9.92,35021.62,367510.29,Active,2022-05-25,2027-05-25
L000367,C03659,Personal,381212,13.41,4926.55,170518.38,Active,2026-02-02,2041-02-02
L000368,C08981,Auto,1856411,8.87,23385.82,1180644.76,Active,2024-12-12,2034-12-12
L000369,C06284,Personal,182937,17.05,3185.2,0.0,Closed,2022-03-15,2032-03-15
L000370,C03149,Personal,1271994,12.13,18345.14,0.0,Closed,2026-07-31,2036-07-31
L000371,C06577,Personal,132157,12.09,1902.95,0.0,Closed,2024-04-21,2034-04-21
L000372,C00574,Personal,1104369,17.36,19446.33,808915.32,Active,2023-06-03,2033-06-03
L000373,C05140,Education,1387236,9.14,14186.04,899274.03,Active,2025-01-04,2040-01-04
L000374,C00769,Home,1988640,7.8,16387.11,0.0,Closed,2021-10-10,2041-10-10
L000375,C02728,Home,1925989,8.61,16848.51,568437.57,Active,2018-11-03,2038-11-03
L000376,C05251,Personal,134015,12.46,1518.82,102208.65,Active,2026-06-16,2046-06-16
L000377,C09267,Personal,1294935,16.75,18748.32,310233.82,Active,2026-03-27,2046-03-27
L000378,C03614,Home,1900220,9.96,18287.2,735498.08,Active,2025-08-06,2045-08-06
L000379,C05360,Home,2674057,9.66,25205.77,741903.29,Active,2025-10-08,2045-10-08
L000380,C08670,Auto,546340,10.6,11770.06,0.0,Closed,2023-05-08,2028-05-08
L000381,C08280,Personal,113387,13.59,1732.68,90060.94,Active,2025-12-09,2035-12-09
L000382,C03208,Personal,1056321,13.3,12602.04,939056.44,Active,2023-09-18,2043-09-18
L000383,C09626,Personal,962639,10.59,10694.77,673190.8,Active,2026-02-24,2041-02-24
L000384,C03401,Auto,2105954,11.72,29874.43,1753375.76,Active,2024-02-09,2034-02-09
L000385,C04355,Education,1005021,9.86,10714.09,0.0,Closed,2022-07-14,2037-07-14
L000386,C07989,Home,3164704,7.74,25961.07,2309456.9,Active,2024-07-17,2044-07-17
L000387,C06165,Auto,1558184,11.24,34065.49,466281.25,Active,2023-04-19,2028-04-19
L000388,C00591,Personal,296084,13.54,3583.37,254845.29,Active,2024-12-31,2044-12-31
L000389,C00044,Personal,459417,11.12,4779.63,306941.35,Active,2025-12-17,2045-12-17
L000390,C03974,Home,1699988,10.18,36270.47,457481.95,Active,2023-10-31,2028-10-31
L000391,C05267,Personal,1288632,14.07,30031.0,0.0,Closed,2024-05-30,2029-05-30
L000392,C00918,Personal,687984,17.24,17187.08,209629.19,Active,2025-04-26,2030-04-26
L000393,C08087,Home,3237768,9.26,29674.63,0.0,Closed,2024-11-25,2044-11-25
L000394,C03138,Personal,1282706,12.3,14392.89,669067.53,Active,2025-07-17,2045-07-17
L000395,C05731,Home,3051358,7.92,61753.78,665115.7,Active,2026-01-05,2031-01-05
L000396,C09576,Home,5166562,8.2,105254.47,1868725.03,Active,2026-02-19,2031-02-19
L000397,C01615,Home,2331946,10.41,25647.35,1652582.69,Active,2026-01-26,2041-01-26
L000398,C05820,Auto,2357740,9.41,21838.85,1000185.37,Active,2026-02-15,2046-02-15
L000399,C01460,Personal,279713,16.29,4164.84,0.0,Closed,2026-08-05,2041-08-05
L000400,C07967,Personal,272046,12.51,3092.74,124126.26,Active,2024-07-06,2044-07-06
L000401,C07409,Personal,764122,13.21,17468.38,522822.04,Active,2024-05-19,2029-05-19
L000402,C09343,Home,2065741,7.81,41698.19,1210130.55,Active,2026-07-26,2031-07-26
L000403,C04056,Personal,955730,11.27,20908.81,797895.99,Active,2025-10-13,2030-10-13
L000404,C03331,Personal,780379,16.98,19386.04,490499.66,Active,2026-02-17,2031-02-17
L000405,C00118,Home,3846866,10.22,51306.42,3005525.45,Active,2023-11-13,2033-11-13
L000406,C04739,Home,2082337,8.31,20274.34,1781882.83,Active,2019-07-29,2034-07-29
L000407,C07043,Home,3266231,8.4,66854.42,780774.21,Active,2020-02-10,2025-02-10
L000408,C07870,Personal,1139773,14.95,18353.64,917696.59,Active,2023-06-24,2033-06-24
L000409,C04841,Home,4819304,8.5,41823.04,0.0,Closed,2026-06-06,2046-06-06
L000410,C09297,Education,1603985,9.29,20571.2,766307.22,Active,2023-12-08,2033-12-08
L000411,C06640,Personal,1104556,12.86,12830.7,0.0,Closed,2026-02-12,2046-02-12
L000412,C05119,Home,1591089,9.4,20501.29,1119792.36,Active,2025-10-25,2035-10-25
L000413,C09963,Personal,865493,11.35,12094.28,448376.99,Active,2025-09-10,2035-09-10
L000414,C08693,Personal,1253641,10.7,12684.97,0.0,Closed,2025-02-23,2045-02-23
L000415,C08388,Home,1652741,9.99,35107.73,0.0,Closed,2024-12-26,2029-12-26
L000416,C04718,Home,1929016,9.52,24982.12,1409310.51,Active,2023-12-05,2033-12-05
L000417,C06607,Personal,987363,16.42,24231.65,475362.26,Active,2023-11-30,2028-11-30
L000418,C03598,Personal,1220649,14.3,15445.71,422949.21,Active,2023-07-17,2043-07-17
L000419,C07366,Home,1856440,7.83,22357.33,1209459.2,Active,2023-08-29,2033-08-29
L000420,C09693,Auto,392896,10.75,3988.79,0.0,Closed,2021-06-01,2041-06-01
L000421,C08492,Personal,1002730,11.29,21947.08,544007.73,Active,2020-01-13,2025-01-13
L000422,C01306,Personal,1317435,15.66,21790.43,824985.81,Active,2025-11-24,2035-11-24
L000423,C04199,Home,6437450,9.57,83545.95,5683020.4,Active,2025-11-21,2035-11-21
L000424,C03003,Personal,972363,17.4,24375.35,234851.62,Active,2023-11-06,2028-11-06
L000425,C01781,Home,1500000,8.53,18621.93,984284.69,Active,2020-07-25,2030-07-25
L000426,C00305,Home,1974425,8.46,19396.68,794616.64,Active,2022-06-22,2037-06-22
L000427,C07642,Home,7255892,9.44,93651.28,0.0,Closed,2025-05-08,2035-05-08
L000428,C00399,Personal,1182117,11.81,16830.36,711092.35,Active,2026-07-18,2036-07-18
L000429,C04989,Personal,949446,15.22,15446.05,567299.57,Active,2025-10-10,2035-10-10
L000430,C01733,Personal,1387875,17.12,20484.1,871328.68,Active,2024-07-08,2044-07-08
L000431,C03600,Home,3226245,8.34,65942.85,1098047.16,Active,2022-06-03,2027-06-03
L000432,C09587,Personal,867123,12.94,10121.96,373304.26,Active,2020-07-28,2040-07-28
L000433,C03224,Personal,1440307,12.85,16720.61,704449.4,Active,2026-01-23,2046-01-23
L000434,C04561,Home,3273179,8.87,41233.31,0.0,Closed,2026-04-21,2036-04-21
L000435,C07496,Home,3995148,10.26,85397.09,2719776.82,Active,2025-06-14,2030-06-14
L000436,C09821,Home,1745259,8.05,21220.95,1059778.21,Active,2026-01-19,2036-01-19
L000437,C06977,Home,4718792,8.77,41760.71,1956396.78,Active,2026-07-16,2046-07-16
L000438,C07015,Personal,463299,14.66,5984.61,356291.29,Active,2024-01-09,2044-01-09
L000439,C05524,Auto,524861,11.96,11664.64,400684.17,Active,2022-12-14,2027-12-14
L000440,C08086,Home,2088861,9.02,18820.9,1160971.99,Active,2024-06-24,2044-06-24
L000441,C04886,Personal,1030824,14.17,24076.42,353452.41,Active,2026-07-02,2031-07-02
L000442,C03497,Home,1534283,8.32,14947.25,889692.4,Active,2026-05-03,2041-05-03
L000443,C00567,Home,9809978,9.15,204353.91,6989391.18,Active,2023-01-14,2028-01-14
L000444,C03916,Auto,1838729,10.67,39676.48,0.0,Closed,2026-02-25,2031-02-25
L000445,C03581,Home,1958315,10.47,42062.73,866416.93,Active,2026-06-24,2031-06-24
L000446,C03292,Personal,167592,13.87,2217.27,0.0,Closed,2025-08-10,2040-08-10
L000447,C09483,Education,2014645,10.98,27728.93,772960.69,Active,2025-10-31,2035-10-31
L000448,C06632,Personal,1379811,15.25,22472.89,483769.3,Active,2025-06-30,2035-06-30
L000449,C01308,Auto,548964,10.78,6163.88,429364.42,Active,2019-11-04,2034-11-04
L000450,C05492,Auto,1527398,9.66,16097.26,0.0,Closed,2019-03-05,2034-03-05
L000451,C09237,Personal,299701,11.52,3200.23,0.0,Closed,2024-11-07,2044-11-07
L000452,C00188,Auto,832207,11.31,11610.17,334566.86,Active,2025-04-08,2035-04-08
L000453,C08191,Auto,1947106,10.46,21475.03,1241045.2,Active,2025-11-01,2040-11-01
L000454,C04920,Education,590467,9.21,6062.9,168801.44,Active,2025-03-22,2040-03-22
L000455,C03676,Auto,1323503,9.81,27996.96,0.0,Closed,2021-04-27,2026-04-27
L000456,C02446,Auto,690664,11.42,7327.41,284482.92,Active,2024-08-19,2044-08-19
L000457,C09956,Home,2620769,8.69,23059.78,0.0,Closed,2021-08-27,2041-08-27
L000458,C05990,Personal,777097,16.71,11800.2,628348.22,Active,2022-05-12,2037-05-12
L000459,C04900,Auto,1953192,9.87,41374.73,901738.62,Active,2025-06-10,2030-06-10
L000460,C01122,Auto,368288,9.0,4665.32,331284.94,Active,2026-06-28,2036-06-28
L000461,C01009,Home,1500000,10.49,20231.85,0.0,Closed,2024-07-29,2034-07-29
L000462,C06186,Education,1349320,8.28,13113.86,863172.64,Active,2025-04-14,2040-04-14
L000463,C04727,Auto,647131,8.71,6452.46,240304.0,Active,2026-05-19,2041-05-19
L000464,C01978,Personal,291258,15.78,7048.83,246242.01,Active,2024-01-29,2029-01-29
L000465,C03036,Personal,1189353,15.6,28670.59,784376.04,Active,2023-09-07,2028-09-07
L000466,C02249,Personal,985656,15.71,13499.0,622787.78,Active,2026-08-02,2046-08-02
L000467,C04967,Personal,314805,11.27,3631.62,0.0,Closed,2024-07-02,2039-07-02
L000468,C01249,Home,1779227,9.42,22944.9,899748.24,Active,2023-09-06,2033-09-06
L000469,C05522,Personal,444177,13.8,6843.26,352693.46,Active,2019-05-15,2029-05-15
L000470,C02346,Personal,1027746,16.95,25514.51,0.0,Closed,2023-07-25,2028-07-25
L000471,C02035,Personal,358279,14.92,4696.62,214762.42,Active,2025-11-22,2045-11-22
L000472,C06589,Personal,619645,12.58,13965.96,296996.26,Active,2021-10-11,2026-10-11
L000473,C07622,Personal,697522,16.34,17088.65,0.0,Closed,2025-07-18,2030-07-18
L000474,C01027,Personal,732604,12.04,10527.69,507782.9,Active,2024-02-16,2034-02-16
L000475,C05151,Home,2503869,8.98,51951.9,1135109.9,Active,2026-04-14,2031-04-14
L000476,C02990,Home,1525306,10.46,16822.91,453672.06,Active,2026-01-07,2041-01-07
L000477,C06220,Personal,866325,14.6,13765.4,0.0,Closed,2026-04-27,2036-04-27
L000478,C03464,Home,1653074,7.55,33163.5,1238119.27,Active,2025-08-12,2030-08-12
L000479,C03707,Auto,1969228,10.53,19700.08,1217782.04,Active,2023-10-01,2043-10-01
L000480,C03671,Personal,1227545,15.12,17281.57,1036888.73,Active,2026-02-06,2041-02-06
L000481,C05712,Auto,951698,10.65,9597.65,348076.98,Active,2024-10-27,2044-10-27
L000482,C04456,Personal,1448792,11.0,14954.26,445463.44,Active,2021-02-01,2041-02-01
L000483,C09629,Personal,280801,17.43,7043.72,133048.38,Active,2026-07-12,2031-07-12
L000484,C05331,Personal,1480035,16.05,36030.91,1189876.72,Active,2024-03-24,2029-03-24
L000485,C05165,Personal,1141053,17.65,18089.15,925563.51,Active,2023-08-03,2038-08-03
L000486,C01245,Personal,663639,16.0,16138.41,0.0,Closed,2025-09-30,2030-09-30
L000487,C01343,Home,4885255,8.79,100912.68,1062369.97,Active,2021-07-03,2026-07-03
L000488,C03802,Personal,1140496,13.91,15119.56,340378.92,Active,2022-04-20,2037-04-20
L000489,C01266,Personal,429902,12.41,9652.24,0.0,Closed,2022-12-14,2027-12-14
L000490,C02176,Personal,341872,12.21,7641.08,101177.04,Active,2026-01-21,2031-01-21
L000491,C05381,Education,1189362,9.09,15124.33,270889.68,Active,2026-05-05,2036-05-05
L000492,C05972,Education,2950218,9.26,30381.1,763816.35,Active,2025-02-13,2040-02-13
L000493,C05783,Home,3232241,7.73,30387.28,1385571.21,Active,2024-06-10,2039-06-10
L000494,C07261,Personal,568052,16.53,13974.4,0.0,Closed,2026-04-07,2031-04-07
L000495,C00794,Personal,1075373,17.0,16550.04,551490.01,Active,2021-05-07,2036-05-07
L000496,C08916,Personal,520837,12.69,6483.97,380310.6,Active,2024-06-03,2039-06-03
L000497,C09637,Personal,1134652,17.98,20430.14,587078.62,Active,2025-04-19,2035-04-19
L000498,C02741,Personal,415760,10.55,4164.84,216577.02,Active,2024-09-12,2044-09-12
L000499,C00427,Auto,340243,12.3,7620.2,0.0,Closed,2025-08-16,2030-08-16
L000500,C06879,Home,6659172,7.81,80127.13,1512767.15,Active,2026-08-02,2036-08-02
L000501,C04295,Home,2097157,9.63,44177.55,1547637.27,Active,2024-11-16,2029-11-16
L000502,C04140,Home,4964971,9.6,52145.47,1869164.72,Active,2025-03-03,2040-03-03
L000503,C01736,Personal,1159958,11.5,12370.14,582908.46,Active,2021-11-22,2041-11-22
L000504,C07337,Home,3692921,8.21,35740.63,0.0,Closed,2023-04-03,2038-04-03
L000505,C09455,Home,8092651,9.6,84994.46,5742795.13,Active,2026-03-02,2041-03-02
L000506,C03669,Home,4900953,7.91,99162.69,3846941.86,Active,2021-06-25,2026-06-25
L000507,C06800,Auto,2005037,8.98,20312.57,0.0,Closed,2020-07-24,2035-07-24
L000508,C01417,Home,4086272,8.89,84606.3,1367602.37,Active,2026-04-04,2031-04-04
L000509,C04117,Education,2730434,8.12,26282.95,1098152.76,Active,2023-08-30,2038-08-30
L000510,C02909,Home,2330984,9.04,23697.89,481409.65,Active,2024-12-05,2039-12-05
L000511,C04732,Personal,948071,16.91,16423.22,785633.12,Active,2025-07-16,2035-07-16
L000512,C02139,Personal,354705,10.59,4804.1,114721.74,Active,2026-05-12,2036-05-12
L000513,C03375,Home,1544060,9.25,15891.35,0.0,Closed,2022-11-24,2037-11-24
L000514,C04300,Home,1770415,8.09,14907.78,0.0,Closed,2023-10-08,2043-10-08
L000515,C07670,Personal,795310,11.42,8437.62,201299.16,Active,2026-03-27,2046-03-27
L000516,C01180,Personal,928372,14.22,11693.13,723234.24,Active,2026-07-24,2046-07-24
L000517,C00882,Home,3069937,8.32,26292.92,0.0,Closed,2025-05-04,2045-05-04
L000518,C08737,Personal,1398507,15.13,19698.0,394455.89,Active,2025-01-11,2040-01-11
L000519,C09735,Personal,283965,12.6,4173.17,127824.92,Active,2026-06-12,2036-06-12
L000520,C08420,Personal,622500,15.23,14884.49,0.0,Closed,2025-12-06,2030-12-06
L000521,C08338,Personal,853112,14.1,10670.64,430006.17,Active,2026-01-07,2046-01-07
L000522,C08824,Personal,667144,11.85,7942.58,586744.86,Active,2024-08-06,2039-08-06
L000523,C03874,Home,3856634,7.68,31494.63,1400769.89,Active,2025-07-31,2045-07-31
L000524,C05018,Auto,969514,8.9,12228.99,318582.68,Active,2025-01-01,2035-01-01
L000525,C03622,Home,1968995,9.79,25791.98,417692.27,Active,2024-01-09,2034-01-09
L000526,C07908,Personal,464300,11.82,5518.73,0.0,Closed,2024-11-03,2039-11-03
L000527,C05888,Personal,1340596,10.71,14993.94,0.0,Closed,2026-02-13,2041-02-13
L000528,C07607,Personal,1280924,17.61,19385.04,995419.19,Active,2023-10-21,2043-10-21
L000529,C04152,Home,1558896,8.2,19078.86,881411.81,Active,2019-04-04,2029-04-04
L000530,C06368,Personal,1387933,12.01,19920.83,1076728.01,Active,2026-06-15,2036-06-15
L000531,C06145,Auto,978614,8.74,12259.39,252426.73,Active,2026-08-02,2036-08-02
L000532,C07606,Home,7621835,10.38,83685.55,3326948.61,Active,2026-08-01,2041-08-01
L000533,C04783,Personal,805819,12.76,11917.94,0.0,Closed,2025-04-17,2035-04-17
L000534,C06676,Personal,1016179,16.44,14474.14,790646.33,Active,2025-01-29,2045-01-29
L000535,C06657,Home,1590906,10.17,17261.79,775940.36,Active,2026-05-22,2041-05-22
L000536,C08796,Home,2786909,9.7,29438.86,1086388.21,Active,2026-06-02,2041-06-02
L000537,C01855,Auto,1942495,11.9,43111.63,1315551.17,Active,2019-04-18,2024-04-18
L000538,C08455,Auto,1226501,11.06,26703.82,0.0,Closed,2024-08-24,2029-08-24
L000539,C08453,Personal,263172,12.28,3206.07,73760.75,Active,2025-04-03,2040-04-03
L000540,C00587,Home,7120573,9.42,74011.43,5086590.52,Active,2023-04-24,2038-04-24
L000541,C04247,Home,1784351,8.55,36651.71,1545777.52,Active,2026-07-23,2031-07-23
L000542,C05701,Personal,980076,17.77,14952.37,622251.43,Active,2024-03-16,2044-03-16
L000543,C02543,Auto,725422,11.82,10332.35,615450.51,Active,2025-05-31,2035-05-31
L000544,C07208,Auto,1536936,8.58,15206.98,0.0,Closed,2021-11-20,2036-11-20
L000545,C06109,Personal,456736,17.16,7984.33,236163.4,Active,2026-03-26,2036-03-26
L000546,C04584,Home,1890509,8.51,16418.24,1130663.65,Active,2023-12-24,2043-12-24
L000547,C01717,Personal,1373637,17.17,24021.66,917910.66,Active,2026-07-21,2036-07-21
L000548,C03209,Auto,2016644,11.29,23289.68,1395153.74,Active,2023-12-07,2038-12-07
L000549,C00060,Home,1911987,9.22,17474.1,1237858.16,Active,2023-08-14,2043-08-14
L000550,C04635,Home,2735429,9.97,26343.13,2412607.39,Active,2025-05-18,2045-05-18
L000551,C03781,Education,811972,10.93,8342.43,0.0,Closed,2026-02-20,2046-02-20
L000552,C01240,Education,1033549,9.41,10736.52,536527.46,Active,2023-05-03,2038-05-03
L000553,C05105,Personal,899948,13.27,10717.15,532932.74,Active,2020-07-05,2040-07-05
L000554,C05556,Home,3752861,9.19,47926.41,0.0,Closed,2025-07-28,2035-07-28
L000555,C06844,Auto,659482,11.17,6883.56,0.0,Closed,2025-06-23,2045-06-23
L000556,C06726,Personal,1260987,10.96,12981.45,0.0,Closed,2026-07-28,2046-07-28
L000557,C03495,Home,5992220,9.56,56090.34,4404584.82,Active,2022-07-14,2042-07-14
L000558,C06298,Home,4811859,10.21,102735.7,1297669.15,Active,2026-05-04,2031-05-04
L000559,C04466,Auto,609220,8.98,5473.48,128510.33,Active,2025-08-28,2045-08-28
L000560,C00473,Auto,1108351,9.0,9972.12,467515.94,Active,2021-01-04,2041-01-04
L000561,C09518,Personal,1415388,11.61,16633.53,553456.19,Active,2025-02-08,2040-02-08
L000562,C00274,Home,1682509,8.66,14772.03,505363.57,Active,2025-11-05,2045-11-05
L000563,C02014,Personal,125928,16.4,1789.88,100144.29,Active,2023-10-09,2043-10-09
L000564,C02993,Auto,720286,12.2,16095.26,0.0,Closed,2024-07-12,2029-07-12
L000565,C08129,Auto,1742291,12.01,20921.63,975840.89,Active,2025-11-09,2040-11-09
L000566,C07993,Personal,178571,11.79,1940.14,84632.17,Active,2023-06-15,2043-06-15
L000567,C01910,Personal,181332,13.47,2350.65,156942.18,Active,2025-09-19,2040-09-19
L000568,C02521,Personal,663262,17.23,16565.91,228456.32,Active,2021-07-31,2026-07-31
L000569,C01482,Home,2531000,10.07,53863.49,0.0,Closed,2025-12-13,2030-12-13
L000570,C08718,Home,2130153,10.42,21152.67,0.0,Closed,2024-10-12,2044-10-12
L000571,C06126,Home,4996143,9.31,104465.01,3757232.68,Active,2026-02-13,2031-02-13
L000572,C04701,Auto,2331973,11.54,27301.2,0.0,Closed,2025-09-16,2040-09-16
L000573,C07547,Auto,966778,8.76,8549.69,293990.67,Active,2024-02-10,2044-02-10
L000574,C01307,Auto,421417,9.19,5381.76,0.0,Closed,2026-06-13,2036-06-13
L000575,C07797,Education,2114484,8.15,20390.64,1497510.87,Active,2023-11-16,2038-11-16
L000576,C06087,Auto,2418653,10.09,51496.4,1767172.69,Active,2024-03-11,2029-03-11
L000577,C00076,Auto,2171093,9.21,19828.07,1422430.81,Active,2025-12-13,2045-12-13
L000578,C08316,Education,1284898,10.25,27458.61,808719.98,Active,2025-07-21,2030-07-21
L000579,C04884,Education,2600224,10.34,34853.58,0.0,Closed,2025-02-07,2035-02-07
L000580,C03296,Personal,533546,12.52,6069.36,157267.51,Active,2023-11-16,2043-11-16
L000581,C05640,Home,2930676,7.53,34833.55,1404381.8,Active,2025-07-29,2035-07-29
L000582,C05240,Home,5734408,9.33,59293.27,2313502.54,Active,2022-08-10,2037-08-10
L000583,C00397,Education,1779052,10.55,17821.49,1019950.77,Active,2024-07-04,2044-07-04
L000584,C07641,Personal,1407796,13.48,32378.67,282121.52,Active,2024-01-27,2029-01-27
L000585,C06667,Auto,1869633,10.75,20957.61,1541188.64,Active,2025-06-19,2040-06-19
L000586,C02987,Home,2659654,9.42,27644.52,1069804.22,Active,2026-05-07,2041-05-07
L000587,C03176,Auto,1553220,9.25,19886.3,0.0,Closed,2024-03-22,2034-03-22
L000588,C00919,Auto,1994911,11.14,27638.23,880193.83,Active,2020-10-28,2030-10-28
L000589,C08638,Home,2044056,10.22,20024.44,1789114.58,Active,2023-07-31,2043-07-31
L000590,C03681,Home,2699659,9.95,28928.15,2009479.74,Active,2023-10-31,2038-10-31
L000591,C09999,Personal,1097689,17.3,17127.42,338314.92,Active,2022-08-05,2037-08-05
L000592,C01719,Auto,1059738,9.68,10003.04,761891.96,Active,2023-11-21,2043-11-21
L000593,C04011,Auto,1067844,12.29,13015.83,794927.14,Active,2023-07-02,2038-07-02
L000594,C05953,Education,1488008,9.26,15323.38,729273.48,Active,2021-02-01,2036-02-01
L000595,C04998,Personal,347005,14.03,8079.6,265049.13,Active,2024-08-22,2029-08-22
L000596,C04223,Personal,900418,14.47,11505.54,271955.19,Active,2021-11-20,2041-11-20
L000597,C01161,Home,1710026,8.53,14872.49,506722.15,Active,2025-10-18,2045-10-18
L000598,C08073,Education,538947,9.46,6962.04,463165.93,Active,2022-09-06,2032-09-06
L000599,C05662,Personal,539106,16.21,9101.41,425406.07,Active,2023-07-08,2033-07-08
L000600,C01419,Home,1511539,7.89,12539.84,933563.62,Active,2026-05-11,2046-05-11
L000601,C03530,Auto,1907745,8.52,23673.72,448228.44,Active,2026-07-29,2036-07-29
L000602,C05870,Home,3727317,8.07,75701.48,2705375.44,Active,2026-03-24,2031-03-24
L000603,C05616,Personal,822153,12.84,18639.24,401153.54,Active,2022-04-10,2027-04-10
L000604,C08225,Home,1691756,8.39,16550.49,906439.67,Active,2026-06-12,2041-06-12
L000605,C00654,Auto,2118923,12.05,30461.67,570056.73,Active,2023-12-26,2033-12-26
L000606,C06465,Education,990316,8.49,8587.93,735780.08,Active,2026-02-17,2046-02-17
L000607,C02132,Auto,1185796,11.44,16631.07,476954.35,Active,2023-06-27,2033-06-27
L000608,C00095,Home,1893417,10.13,20497.6,0.0,Closed,2021-02-02,2036-02-02
L000609,C02661,Personal,1345549,17.96,34138.83,1192399.64,Active,2020-08-07,2025-08-07
L000610,C07985,Personal,974041,13.83,22578.48,553179.86,Active,2025-06-15,2030-06-15
L000611,C07277,Personal,1421858,10.57,14262.46,620302.51,Active,2026-04-24,2046-04-24
L000612,C06678,Education,2740214,10.1,26625.47,0.0,Closed,2026-07-22,2046-07-22
L000613,C05981,Personal,1395406,11.38,30604.62,0.0,Closed,2022-12-28,2027-12-28
L000614,C02719,Auto,1137809,11.61,16068.76,697671.07,Active,2025-10-24,2035-10-24
L000615,C07556,Education,2499060,9.49,32323.55,1408308.38,Active,2026-02-03,2036-02-03
L000616,C04044,Education,253474,10.01,5386.82,0.0,Closed,2024-04-29,2029-04-29
L000617,C03254,Auto,612778,12.3,13723.99,508052.2,Active,2026-01-15,2031-01-15
L000618,C08268,Personal,584778,13.93,7760.25,505800.14,Active,2026-05-29,2041-05-29
L000619,C03477,Home,2161769,10.06,23309.9,0.0,Closed,2025-02-23,2040-02-23
L000620,C06267,Home,1986124,7.78,40062.64,1595103.63,Active,2026-08-05,2031-08-05
L000621,C04754,Personal,789251,13.18,9348.06,0.0,Closed,2026-03-14,2046-03-14
L000622,C08228,Home,1500000,8.62,14876.79,929183.61,Active,2025-07-24,2040-07-24
L000623,C05489,Auto,1440150,11.84,15696.94,0.0,Closed,2025-09-24,2045-09-24
L000624,C06239,Auto,999520,8.95,20724.14,0.0,Closed,2021-03-29,2026-03-29
L000625,C02124,Auto,735004,10.16,7171.04,0.0,Closed,2024-05-20,2044-05-20
L000626,C00178,Auto,1060261,10.95,12017.63,314046.08,Active,2025-09-28,2040-09-28
L000627,C08656,Auto,848008,10.43,8426.5,519066.56,Active,2021-04-21,2041-04-21
L000628,C05176,Home,5889135,9.46,123567.71,2505531.04,Active,2026-05-04,2031-05-04
L000629,C01303,Personal,1309320,15.93,21875.75,0.0,Closed,2025-12-11,2035-12-11
L000630,C04271,Personal,809467,14.39,18998.95,316779.75,Active,2026-03-31,2031-03-31
L000631,C00200,Personal,1491902,15.57,20276.39,479636.83,Active,2026-02-21,2046-02-21
L000632,C05263,Auto,528866,8.55,6571.33,302245.73,Active,2024-12-20,2034-12-20
L000633,C00845,Personal,446877,11.06,4630.87,298680.79,Active,2026-02-15,2046-02-15
L000634,C04799,Home,3626215,8.17,30715.89,2667081.13,Active,2025-02-10,2045-02-10
L000635,C08399,Auto,2179461,8.85,19399.42,1780413.03,Active,2025-09-07,2045-09-07
L000636,C08572,Personal,1470222,10.63,14807.01,749825.41,Active,2025-08-30,2045-08-30
L000637,C05327,Home,2262487,9.88,24146.98,0.0,Closed,2026-04-18,2041-04-18
L000638,C03778,Personal,1472787,15.54,21160.36,1269553.22,Active,2026-06-10,2041-06-10
L000639,C09500,Education,2106143,9.0,18949.52,1359923.51,Active,2026-07-26,2046-07-26
L000640,C09580,Auto,708680,11.54,9979.94,461636.08,Active,2022-12-21,2032-12-21
L000641,C06355,Personal,712333,14.61,9780.13,618273.22,Active,2025-02-11,2040-02-11
L000642,C02482,Personal,394543,16.66,5685.37,186383.6,Active,2025-01-27,2045-01-27
L000643,C07228,Home,4795854,8.15,58567.76,3954488.45,Active,2023-11-01,2033-11-01
L000644,C03071,Personal,1428001,16.78,35320.8,0.0,Closed,2026-07-17,2031-07-17
L000645,C05559,Personal,1480883,14.92,23819.32,0.0,Closed,2025-09-18,2035-09-18
L000646,C08533,Education,403724,9.66,3805.52,0.0,Closed,2024-03-12,2044-03-12
L000647,C07497,Auto,2432102,11.62,34361.43,1893257.18,Active,2026-02-02,2036-02-02
L000648,C06762,Auto,734336,10.05,7913.69,463172.26,Active,2026-03-30,2041-03-30
L000649,C07438,Home,2460401,9.58,31944.85,554782.35,Active,2024-08-10,2034-08-10
L000650,C00616,Home,1500000,9.91,19747.93,614985.0,Active,2026-04-26,2036-04-26
L000651,C06891,Home,1539179,10.03,16568.36,377316.72,Active,2026-07-06,2041-07-06
L000652,C04680,Auto,721294,9.34,7462.45,184049.54,Active,2026-02-27,2041-02-27
L000653,C01598,Home,2991601,9.01,30360.61,1099286.17,Active,2025-01-15,2040-01-15
L000654,C07137,Personal,1322233,14.78,17196.48,362680.31,Active,2026-06-17,2046-06-17
L000655,C02966,Personal,985808,16.56,24267.24,786942.24,Active,2024-02-20,2029-02-20
L000656,C03527,Personal,519225,12.5,7600.22,0.0,Closed,2022-07-13,2032-07-13
L000657,C03189,Personal,407082,16.8,6207.4,212162.81,Active,2025-11-29,2040-11-29
L000658,C05913,Education,2098318,8.31,25803.4,1064079.33,Active,2020-09-08,2030-09-08
L000659,C08530,Education,1406443,10.08,29938.15,0.0,Closed,2023-11-12,2028-11-12
L000660,C09109,Home,6745463,10.4,144652.38,4884128.1,Active,2025-11-23,2030-11-23
L000661,C06235,Auto,2158344,11.82,25654.34,0.0,Closed,2025-12-16,2040-12-16
L000662,C09428,Personal,1365394,11.97,19565.77,1059275.22,Active,2023-10-30,2033-10-30
L000663,C02231,Personal,492118,17.72,12421.72,295292.71,Active,2023-09-01,2028-09-01
L000664,C02428,Personal,372769,11.71,4404.54,213808.39,Active,2025-01-07,2040-01-07
L000665,C07322,Home,1835045,7.96,17494.3,657748.64,Active,2019-06-02,2034-06-02
L000666,C06250,Personal,1488084,12.76,18593.48,602112.87,Active,2024-07-04,2039-07-04
L000667,C00903,Auto,1071202,10.58,14502.29,561390.01,Active,2025-06-24,2035-06-24
L000668,C09523,Education,663885,10.65,7400.43,461066.77,Active,2022-08-04,2037-08-04
L000669,C08294,Auto,2291695,12.49,51546.76,1507465.28,Active,2022-10-03,2027-10-03
L000670,C09931,Home,5590740,10.38,61384.71,1915697.2,Active,2022-04-10,2037-04-10
L000671,C03632,Home,3652437,9.12,37306.63,1965714.29,Active,2026-02-10,2041-02-10
L000672,C00238,Home,1769646,9.91,16972.08,1225473.17,Active,2025-10-30,2045-10-30
L000673,C08355,Personal,771744,14.35,18097.48,177969.3,Active,2025-11-30,2030-11-30
L000674,C07292,Auto,330746,11.01,4557.9,118569.93,Active,2026-03-25,2036-03-25
L000675,C01214,Home,5058526,10.01,66876.81,2064283.26,Active,2023-04-02,2033-04-02
L000676,C00663,Auto,2125519,11.09,46309.39,1684201.31,Active,2024-02-08,2029-02-08
L000677,C04928,Personal,795657,10.78,17212.34,273745.51,Active,2025-09-22,2030-09-22
L000678,C04930,Auto,1254814,12.14,13939.25,575768.79,Active,2025-04-16,2045-04-16
L000679,C06387,Personal,135422,13.42,3110.46,61075.87,Active,2024-10-16,2029-10-16
L000680,C08697,Auto,490911,11.3,10747.19,269026.17,Active,2019-11-04,2024-11-04
L000681,C02333,Education,1463956,9.82,15570.93,0.0,Closed,2022-03-21,2037-03-21
L000682,C09451,Personal,928612,16.67,22913.95,488981.6,Active,2024-12-10,2029-12-10
L000683,C05286,Home,3139941,9.89,33530.98,0.0,Closed,2025-02-01,2040-02-01
L000684,C07346,Personal,1458829,13.3,33417.31,746119.81,Active,2026-07-19,2031-07-19
L000685,C06328,Home,1510548,9.22,13805.25,358172.72,Active,2026-06-12,2046-06-12
L000686,C06753,Education,1642218,8.64,20484.32,1224188.82,Active,2021-12-02,2031-12-02
L000687,C04232,Auto,1115063,8.96,23125.23,0.0,Closed,2026-07-25,2031-07-25
L000688,C07940,Auto,2234686,11.08,48676.69,1905843.17,Active,2026-05-15,2031-05-15
L000689,C05911,Personal,1317597,14.15,17679.97,566689.38,Active,2025-09-20,2040-09-20
L000690,C09568,Home,1649493,9.36,21217.8,964207.53,Active,2025-11-05,2035-11-05
L000691,C07268,Auto,1582095,11.27,22035.86,1020221.23,Active,2020-01-28,2030-01-28
L000692,C08238,Education,1098225,8.51,10821.09,818102.95,Active,2022-10-13,2037-10-13
L000693,C08480,Personal,1014618,12.58,12558.26,392575.03,Active,2026-03-17,2041-03-17
L000694,C09964,Home,1985331,8.84,19948.02,1635549.74,Active,2026-06-09,2041-06-09
L000695,C07255,Auto,643822,11.87,9188.66,0.0,Closed,2025-02-15,2035-02-15
L000696,C04352,Home,7653418,10.16,163215.7,2108718.49,Active,2024-12-03,2029-12-03
L000697,C03393,Auto,430838,11.75,4669.02,0.0,Closed,2026-05-02,2046-05-02
L000698,C00739,Home,1653747,9.15,15039.1,1316311.35,Active,2025-04-18,2045-04-18
L000699,C09894,Education,2672964,10.2,29051.74,1468028.66,Active,2026-07-21,2041-07-21
L000700,C00490,Home,4552325,9.01,57691.57,0.0,Closed,2021-03-19,2031-03-19
L000701,C04034,Home,4282393,9.77,56048.13,3317134.64,Active,2022-12-22,2032-12-22
L000702,C02742,Auto,913203,11.44,9700.94,0.0,Closed,2026-07-14,2046-07-14
L000703,C06561,Personal,1122659,12.24,13647.62,976751.6,Active,2024-12-21,2039-12-21
L000704,C04599,Home,7560792,8.66,66381.97,0.0,Closed,2025-11-13,2045-11-13
L000705,C09369,Education,2920109,8.97,29565.6,0.0,Closed,2023-08-08,2038-08-08
L000706,C03910,Personal,1241584,14.78,16147.59,799942.96,Active,2026-02-12,2046-02-12
L000707,C03800,Personal,263237,14.37,3344.38,0.0,Closed,2022-11-14,2042-11-14
L000708,C06218,Home,1925556,8.56,19029.5,1083169.42,Active,2025-12-27,2040-12-27
L000709,C08817,Auto,2404856,12.03,26529.85,2034600.14,Active,2025-05-30,2045-05-30
L000710,C01464,Personal,543583,11.63,7683.01,216285.21,Active,2026-06-12,2036-06-12
L000711,C02599,Home,1741535,8.74,17395.46,980376.83,Active,2023-08-30,2038-08-30
L000712,C08207,Personal,541878,14.93,7107.38,471324.93,Active,2024-10-31,2044-10-31
L000713,C06557,Personal,437912,11.51,9633.03,0.0,Closed,2025-12-18,2030-12-18
L000714,C01753,Home,2197686,8.27,26978.57,1354171.43,Active,2023-08-18,2033-08-18
L000715,C06164,Home,1656196,10.14,17939.68,0.0,Closed,2023-04-27,2038-04-27
L000716,C08312,Home,4043953,10.48,40319.7,1288991.81,Active,2024-07-13,2044-07-13
L000717,C04239,Personal,1321897,16.65,22681.93,717045.27,Active,2024-08-20,2034-08-20
L000718,C05097,Home,2937267,10.27,62799.18,1850997.17,Active,2024-05-19,2029-05-19
L000719,C08189,Home,1924355,9.07,17400.65,0.0,Closed,2025-12-18,2045-12-18
L000720,C04673,Personal,472081,14.07,11001.64,0.0,Closed,2025-12-13,2030-12-13
L000721,C05719,Auto,792899,8.87,9988.41,0.0,Closed,2024-07-25,2034-07-25
L000722,C00704,Auto,305034,12.09,3377.85,195446.2,Active,2026-05-16,2046-05-16
L000723,C05536,Education,2422211,9.29,22247.06,0.0,Closed,2024-11-14,2044-11-14
L000724,C03327,Personal,1335323,16.53,32849.69,963886.06,Active,2025-03-01,2030-03-01
L000725,C07662,Personal,275778,12.62,3156.59,247144.35,Active,2026-04-23,2046-04-23
L000726,C00428,Personal,114919,14.83,2723.67,73258.46,Active,2024-10-31,2029-10-31
L000727,C02313,Education,1524987,9.23,31826.72,676936.92,Active,2019-11-27,2024-11-27
L000728,C03582,Home,3748586,8.77,37509.48,771237.56,Active,2026-04-18,2041-04-18
L000729,C00924,Home,3208706,8.74,28335.21,1632057.99,Active,2024-11-18,2044-11-18
L000730,C06366,Personal,743098,14.83,9691.83,224044.61,Active,2025-12-31,2045-12-31
L000731,C03137,Personal,581865,13.85,8982.01,316627.38,Active,2026-05-25,2036-05-25
L000732,C00211,Personal,1254642,15.11,29920.34,282044.56,Active,2025-12-21,2030-12-21
L000733,C09662,Education,582053,10.47,5799.38,0.0,Closed,2026-02-27,2046-02-27
L000734,C05735,Home,2575091,8.29,25041.96,2249525.5,Active,2023-08-27,2038-08-27
L000735,C05897,Home,4860852,9.34,50289.97,2341808.81,Active,2025-02-06,2040-02-06
L000736,C07441,Auto,1035140,11.06,10726.9,315306.39,Active,2024-09-06,2044-09-06
L000737,C01553,Auto,2473292,9.64,52113.11,0.0,Closed,2026-04-12,2031-04-12
L000738,C04659,Auto,1271698,10.96,27624.43,561437.65,Active,2024-05-10,2029-05-10
L000739,C08392,Auto,664245,12.49,7542.07,414090.21,Active,2026-02-11,2046-02-11
L000740,C08102,Auto,2471570,8.56,50779.55,0.0,Closed,2026-07-28,2031-07-28
L000741,C00392,Personal,1272546,17.36,19910.13,418845.26,Active,2024-05-30,2039-05-30
L000742,C05401,Education,1015897,9.36,9376.81,728626.47,Active,2025-04-25,2045-04-25
L000743,C01260,Home,1946546,9.18,19952.14,1592457.02,Active,2025-09-27,2040-09-27
L000744,C07052,Personal,640422,17.07,9887.91,143301.58,Active,2023-09-01,2038-09-01
L000745,C02793,Auto,1320361,11.53,14108.02,359710.34,Active,2022-12-09,2042-12-09
L000746,C06114,Auto,2321529,8.97,48157.33,807754.63,Active,2020-10-24,2025-10-24
L000747,C09015,Home,3428793,9.9,32861.74,0.0,Closed,2025-06-01,2045-06-01
L000748,C03303,Personal,120391,15.76,1748.08,100513.65,Active,2019-09-20,2034-09-20
L000749,C01850,Personal,817211,11.07,11289.49,533249.34,Active,2026-02-22,2036-02-22
L000750,C04803,Auto,1428585,9.23,18275.01,1086058.06,Active,2022-04-21,2032-04-21
L000751,C07432,Home,1569574,8.12,19142.93,0.0,Closed,2020-08-14,2030-08-14
L000752,C02282,Home,1873321,7.97,37957.3,1583066.21,Active,2023-07-25,2028-07-25
L000753,C09066,Auto,2366386,10.96,51403.77,0.0,Closed,2021-07-28,2026-07-28
L000754,C05216,Education,1522954,9.48,15884.69,321227.13,Active,2026-07-21,2041-07-21
L000755,C02878,Auto,1475523,10.09,19572.76,502431.9,Active,2021-11-26,2031-11-26
L000756,C07447,Personal,1234072,10.74,13825.61,517770.89,Active,2025-04-06,2040-04-06
L000757,C07456,Education,704860,10.09,6844.14,630220.24,Active,2021-11-02,2041-11-02
L000758,C03256,Personal,895718,14.86,12450.58,265769.01,Active,2022-10-22,2037-10-22
L000759,C01847,Home,1775617,8.21,15084.87,0.0,Closed,2020-06-25,2040-06-25
L000760,C01752,Home,1596423,9.0,20222.81,596204.87,Active,2024-01-15,2034-01-15
L000761,C01293,Personal,940103,12.6,13815.82,201660.82,Active,2025-06-08,2035-06-08
L000762,C07293,Personal,309442,15.91,5166.22,93013.28,Active,2020-12-07,2030-12-07
L000763,C03784,Education,827250,9.42,17341.47,455220.39,Active,2026-07-05,2031-07-05
L000764,C01398,Auto,2468484,10.64,27501.23,0.0,Closed,2024-12-29,2039-12-29
L000765,C00216,Home,6215559,10.08,132307.06,2589524.8,Active,2023-12-21,2028-12-21
L000766,C06912,Personal,633284,14.07,14758.4,421602.76,Active,2023-11-09,2028-11-09
L000767,C09818,Personal,1275139,14.68,17568.03,780088.43,Active,2026-07-17,2041-07-17
L000768,C09357,Home,4837963,9.23,61889.1,0.0,Closed,2023-06-06,2033-06-06
L000769,C02110,Personal,781763,15.55,10613.26,0.0,Closed,2025-01-15,2045-01-15
L000770,C08998,Personal,264432,13.36,3408.59,60920.87,Active,2026-06-23,2041-06-23
L000771,C07738,Auto,1715109,10.19,16767.65,0.0,Closed,2022-03-09,2042-03-09
L000772,C01151,Personal,439737,13.08,5586.91,306079.18,Active,2021-10-23,2036-10-23
L000773,C03288,Home,4203834,8.69,36988.95,0.0,Closed,2026-08-02,2046-08-02
L000774,C09565,Auto,2484962,12.36,27987.78,750587.02,Active,2024-01-20,2044-01-20
L000775,C03928,Education,692048,9.99,14700.57,430500.98,Active,2023-03-13,2028-03-13
L000776,C06398,Home,1562021,9.15,32538.82,0.0,Closed,2026-06-12,2031-06-12
L000777,C04935,Personal,274590,11.28,3826.13,68067.37,Active,2020-01-11,2030-01-11
L000778,C04414,Home,1620248,8.24,15709.26,1314850.38,Active,2024-05-17,2039-05-17
L000779,C09319,Personal,457790,10.71,5120.17,0.0,Closed,2026-06-28,2041-06-28
L000780,C09651,Home,9488550,8.9,95675.56,7642263.81,Active,2025-03-09,2040-03-09
L000781,C00050,Home,4470181,9.27,40998.87,2033504.13,Active,2026-03-03,2046-03-03
L000782,C02552,Personal,1197774,15.3,17010.69,0.0,Closed,2025-11-01,2040-11-01
L000783,C02123,Personal,576322,16.54,8252.49,352396.31,Active,2024-06-15,2044-06-15
L000784,C03870,Education,244274,8.0,2963.72,139617.6,Active,2024-01-19,2034-01-19
L000785,C08613,Home,9753243,10.34,96328.43,3549122.79,Active,2026-07-09,2046-07-09
L000786,C00259,Home,1813001,8.19,36926.2,1392385.34,Active,2025-07-16,2030-07-16
L000787,C00221,Home,1958339,8.68,24469.53,876956.82,Active,2026-04-15,2036-04-15
L000788,C04090,Auto,1225231,9.55,11460.79,659631.24,Active,2026-05-21,2046-05-21
L000789,C03399,Personal,1386007,16.56,20900.0,526614.99,Active,2020-11-06,2035-11-06
L000790,C08569,Auto,2031844,9.25,42424.7,1416770.87,Active,2020-03-22,2025-03-22
L000791,C00522,Auto,2199043,9.59,20627.38,1949282.78,Active,2025-12-11,2045-12-11
L000792,C08543,Personal,1221914,10.67,26366.72,992771.59,Active,2023-02-09,2028-02-09
L000793,C02122,Home,1637641,8.2,20042.59,1224903.62,Active,2026-07-04,2036-07-04
L000794,C00846,Home,3147785,9.9,33633.95,1089142.11,Active,2024-12-17,2039-12-17
L000795,C05362,Home,2725473,7.67,22240.4,1555965.06,Active,2022-04-20,2042-04-20
L000796,C03663,Home,5029671,8.25,42856.1,0.0,Closed,2025-03-30,2045-03-30
L000797,C00104,Home,4721836,9.64,44446.28,0.0,Closed,2026-07-26,2046-07-26
L000798,C03490,Home,3046899,10.48,41079.22,1097806.31,Active,2025-01-09,2035-01-09
L000799,C04151,Personal,537145,14.05,7171.44,0.0,Closed,2026-05-30,2041-05-30
L000800,C09001,Personal,188470,16.09,4592.24,85383.69,Active,2019-05-06,2024-05-06
L000801,C08894,Home,1609235,10.09,21346.44,0.0,Closed,2024-09-11,2034-09-11
L000802,C02046,Personal,1010502,12.93,15046.19,0.0,Closed,2024-02-09,2034-02-09
L000803,C01812,Auto,1960140,11.66,43266.2,0.0,Closed,2022-11-03,2027-11-03
L000804,C01742,Personal,1096714,15.66,18139.7,918348.9,Active,2021-12-08,2031-12-08
L000805,C02608,Education,583365,10.06,6290.3,0.0,Closed,2025-06-29,2040-06-29
L000806,C08624,Auto,551877,8.74,6913.53,190934.89,Active,2026-07-11,2036-07-11
L000807,C01630,Personal,587954,12.88,7392.68,0.0,Closed,2025-02-10,2040-02-10
L000808,C00313,Personal,504677,10.66,5092.95,406611.94,Active,2026-06-30,2046-06-30
L000809,C09036,Home,2008876,9.62,21122.89,1118814.57,Active,2025-12-28,2040-12-28
L000810,C09152,Personal,1240054,13.11,14625.46,394405.73,Active,2022-04-04,2042-04-04
L000811,C07525,Auto,1462913,9.14,18642.59,477505.06,Active,2024-08-07,2034-08-07
L000812,C03900,Personal,1052272,10.51,10512.74,296685.29,Active,2025-10-02,2045-10-02
L000813,C05609,Personal,863521,16.32,14637.78,738881.04,Active,2026-03-16,2036-03-16
L000814,C09368,Home,3125254,8.07,26277.19,0.0,Closed,2020-07-08,2040-07-08
L000815,C07289,Home,2687529,8.47,26417.92,1434494.46,Active,2024-07-05,2039-07-05
L000816,C08437,Home,3677250,8.04,74631.79,2060145.48,Active,2024-10-31,2029-10-31
L000817,C01811,Home,2098749,9.43,19467.26,1116377.16,Active,2026-05-03,2046-05-03
L000818,C01578,Personal,636742,10.87,8724.33,541477.9,Active,2023-12-31,2033-12-31
L000819,C07193,Auto,1175511,11.12,25628.86,532222.36,Active,2024-01-24,2029-01-24
L000820,C00913,Home,2372317,9.97,50369.71,0.0,Closed,2026-05-04,2031-05-04
L000821,C07977,Home,1670511,9.7,17646.05,1250995.5,Active,2025-06-19,2040-06-19
L000822,C04510,Auto,724568,11.4,7677.14,385227.87,Active,2026-04-15,2046-04-15
L000823,C05514,Personal,1411401,17.61,21359.64,513187.67,Active,2024-06-11,2044-06-11
L000824,C08598,Personal,1062006,15.77,14592.27,0.0,Closed,2025-10-21,2045-10-21
L000825,C00662,Home,1689159,9.15,17283.63,888953.14,Active,2026-05-03,2041-05-03
L000826,C04024,Auto,1777754,12.11,21462.01,0.0,Closed,2026-01-01,2041-01-01
L000827,C04805,Personal,1428002,13.73,18758.96,722281.57,Active,2024-07-04,2039-07-04
L000828,C03539,Personal,1253934,17.45,19699.41,731441.73,Active,2022-10-11,2037-10-11
L000829,C06352,Auto,300820,11.41,3496.96,161742.93,Active,2022-06-18,2037-06-18
L000830,C08213,Home,4032031,7.52,47903.02,2740034.11,Active,2023-10-29,2033-10-29
L000831,C01229,Personal,678724,17.39,11964.32,392126.77,Active,2023-04-25,2033-04-25
L000832,C06617,Education,1311440,9.1,16683.83,435723.36,Active,2023-06-22,2033-06-22
L000833,C05374,Home,2338437,9.21,29888.75,920160.07,Active,2026-06-10,2036-06-10
L000834,C04660,Home,1681301,8.96,34868.41,1159634.87,Active,2026-04-25,2031-04-25
L000835,C05134,Personal,1308554,13.36,30015.33,0.0,Closed,2024-12-31,2029-12-31
L000836,C05217,Home,2422529,9.95,23297.73,0.0,Closed,2026-05-26,2046-05-26
L000837,C01196,Home,4731250,8.18,96340.78,2164378.75,Active,2026-07-19,2031-07-19
L000838,C00991,Personal,1199711,10.81,16397.25,493755.39,Active,2024-05-13,2034-05-13
L000839,C08809,Home,4325430,9.69,40856.86,0.0,Closed,2022-09-01,2042-09-01
L000840,C00460,Personal,1306396,14.29,20512.35,456640.52,Active,2018-11-19,2028-11-19
L000841,C00069,Personal,804995,11.12,17550.76,576545.0,Active,2026-06-04,2031-06-04
L000842,C00084,Home,3322387,9.82,43575.1,0.0,Closed,2026-02-25,2036-02-25
L000843,C06751,Personal,515463,14.16,8053.07,104146.65,Active,2023-08-18,2033-08-18
L000844,C00881,Auto,1316343,8.79,11666.28,333170.81,Active,2025-12-10,2045-12-10
L000845,C09326,Personal,967344,13.68,12675.22,637317.73,Active,2025-01-25,2040-01-25
L000846,C05610,Personal,739251,11.77,8763.16,152942.58,Active,2022-05-20,2037-05-20
L000847,C04549,Personal,405803,13.8,6252.05,259034.38,Active,2026-03-31,2036-03-31
L000848,C06213,Personal,279965,11.34,6134.7,130267.24,Active,2024-06-19,2029-06-19
L000849,C08841,Home,1801659,7.54,36135.81,1027246.12,Active,2022-08-07,2027-08-07
L000850,C03964,Home,3756558,8.14,36203.89,1742556.83,Active,2025-06-05,2040-06-05
L000851,C01146,Auto,377127,10.01,8014.69,323545.91,Active,2026-04-18,2031-04-18
L000852,C05487,Home,2230361,9.35,46678.41,531665.57,Active,2023-12-05,2028-12-05
L000853,C05346,Education,2969804,8.81,29786.99,0.0,Closed,2023-01-19,2038-01-19
L000854,C00536,Personal,1461913,13.4,17545.68,589469.4,Active,2023-12-21,2043-12-21
L000855,C06671,Home,5565640,10.1,118527.44,3058566.43,Active,2025-02-10,2030-02-10
L000856,C06870,Personal,145064,10.8,1630.62,90609.89,Active,2026-06-04,2041-06-04
L000857,C01061,Home,1863625,9.55,19516.7,1369124.53,Active,2024-08-22,2039-08-22
L000858,C05070,Auto,2402401,9.6,50572.38,684506.29,Active,2024-10-11,2029-10-11
L000859,C07850,Auto,423588,12.28,5160.32,279885.64,Active,2021-07-02,2036-07-02
L000860,C05319,Personal,387856,11.16,4045.72,164995.33,Active,2026-02-26,2046-02-26
L000861,C08948,Auto,1253902,10.17,16688.67,854323.64,Active,2022-01-29,2032-01-29
L000862,C05716,Personal,1041976,14.57,16537.4,513984.37,Active,2026-02-14,2036-02-14
L000863,C09241,Personal,524275,16.97,8057.47,142052.2,Active,2026-04-27,2041-04-27
L000864,C09734,Auto,2103820,12.48,30770.34,1061606.5,Active,2026-08-01,2036-08-01
L000865,C01475,Personal,242216,14.68,5721.7,75652.35,Active,2024-07-26,2029-07-26
L000866,C04350,Home,1994648,9.8,18985.23,0.0,Closed,2026-07-31,2046-07-31
L000867,C05952,Home,2074192,7.96,25121.85,1598533.01,Active,2026-03-27,2036-03-27
L000868,C09535,Home,6633673,9.35,85294.25,4898047.66,Active,2025-05-01,2035-05-01
L000869,C00023,Education,533344,10.06,5168.1,164111.67,Active,2026-03-13,2046-03-13
L000870,C07846,Personal,1462243,13.3,17444.74,1175264.79,Active,2024-03-12,2044-03-12
L000871,C04213,Personal,167590,13.56,3861.4,0.0,Closed,2023-09-10,2028-09-10
L000872,C05740,Home,5233840,9.73,68385.43,0.0,Closed,2026-08-03,2036-08-03
L000873,C05995,Personal,1021247,17.0,14979.66,299488.41,Active,2025-10-10,2045-10-10
L000874,C01272,Auto,2093298,10.12,44600.1,676072.54,Active,2025-02-16,2030-02-16
L000875,C09387,Personal,926593,15.09,22087.38,541012.9,Active,2025-04-25,2030-04-25
L000876,C03120,Home,1544476,10.13,20521.71,962320.0,Active,2024-05-21,2034-05-21
L000877,C03155,Personal,1269583,13.41,29154.08,751989.61,Active,2023-10-29,2028-10-29
L000878,C00927,Auto,1499212,10.35,14817.08,384813.28,Active,2026-02-15,2046-02-15
L000879,C09806,Personal,398298,13.98,4947.13,218880.5,Active,2024-06-14,2044-06-14
L000880,C02119,Home,2727772,10.31,36517.59,1837365.43,Active,2024-12-03,2034-12-03
L000881,C03294,Education,2102874,9.77,27522.5,0.0,Closed,2025-10-02,2035-10-02
L000882,C05543,Home,2179634,9.58,28299.49,1773173.78,Active,2024-05-06,2034-05-06
L000883,C00578,Home,5269827,9.4,110418.82,3325992.49,Active,2023-07-24,2028-07-24
L000884,C02619,Personal,1173042,15.09,18989.97,743210.19,Active,2024-01-11,2034-01-11
L000885,C08691,Home,2905901,9.2,37125.99,2321160.6,Active,2026-02-18,2036-02-18
L000886,C01534,Home,1607605,8.76,16076.68,365446.75,Active,2025-09-20,2040-09-20
L000887,C04906,Home,1500000,7.85,18080.47,0.0,Closed,2024-06-25,2034-06-25
L000888,C00570,Home,2561624,7.54,20698.97,0.0,Closed,2026-01-18,2046-01-18
L000889,C09507,Auto,324119,10.93,3330.09,158104.07,Active,2025-09-30,2045-09-30
L000890,C05225,Auto,2020299,10.27,43194.27,1044213.51,Active,2025-08-27,2030-08-27
L000891,C00368,Personal,1269264,16.65,21778.82,1010614.25,Active,2024-07-18,2034-07-18
L000892,C09335,Auto,454019,9.08,9442.33,142284.97,Active,2021-07-21,2026-07-21
L000893,C03821,Personal,283925,10.87,2905.56,0.0,Closed,2021-05-07,2041-05-07
L000894,C01620,Education,1392778,9.83,18274.8,0.0,Closed,2022-06-23,2032-06-23
L000895,C03343,Home,4521481,10.29,96714.56,0.0,Closed,2026-07-09,2031-07-09
L000896,C01486,Education,1789386,10.46,17816.82,0.0,Closed,2021-08-17,2041-08-17
L000897,C01966,Home,2487374,7.9,23627.27,1518217.13,Active,2023-08-30,2038-08-30
L000898,C01909,Home,3253646,9.34,68078.5,697760.78,Active,2023-09-03,2028-09-03
L000899,C01627,Personal,283856,14.13,3805.05,87013.62,Active,2026-04-15,2041-04-15
L000900,C09397,Home,2103080,10.49,23234.39,0.0,Closed,2026-06-02,2041-06-02
L000901,C06018,Personal,1141019,14.4,14521.48,883222.8,Active,2022-11-22,2042-11-22
L000902,C08089,Personal,709197,17.84,17947.27,407490.45,Active,2026-05-18,2031-05-18
L000903,C09003,Home,2273291,10.04,21998.03,1514797.05,Active,2026-08-05,2046-08-05
L000904,C06039,Personal,1436941,12.09,20690.76,1037338.82,Active,2024-08-19,2034-08-19
L000905,C09210,Home,2759482,9.02,28021.34,0.0,Closed,2021-12-25,2036-12-25
L000906,C01838,Home,1674736,8.52,34375.92,0.0,Closed,2022-10-03,2027-10-03
L000907,C06314,Home,3248658,8.51,28213.17,0.0,Closed,2025-06-15,2045-06-15
L000908,C09184,Home,4208061,7.91,50855.49,1159569.8,Active,2025-06-03,2035-06-03
L000909,C00096,Personal,802775,13.97,9965.19,0.0,Closed,2026-07-04,2046-07-04
L000910,C05989,Home,3685539,8.4,36077.25,3268693.85,Active,2026-04-12,2041-04-12
L000911,C00788,Personal,795665,16.5,11964.48,632940.82,Active,2026-02-09,2041-02-09
L000912,C06648,Auto,1011254,12.43,14761.04,634363.28,Active,2025-10-03,2035-10-03
L000913,C02002,Auto,946512,11.32,10948.98,671977.91,Active,2025-11-18,2040-11-18
L000914,C09751,Education,1196743,9.11,12216.6,823810.58,Active,2026-07-19,2041-07-19
L000915,C09420,Personal,178423,16.33,4370.25,157466.44,Active,2024-03-30,2029-03-30
L000916,C04337,Auto,1348689,9.12,13775.75,0.0,Closed,2023-02-05,2038-02-05
L000917,C04250,Personal,1198127,12.83,15025.43,347146.17,Active,2021-02-19,2036-02-19
L000918,C06459,Auto,2464875,11.21,34247.32,2155319.3,Active,2025-07-05,2035-07-05
L000919,C08938,Home,2406819,9.07,50043.41,2091956.59,Active,2021-05-13,2026-05-13
L000920,C09755,Auto,665222,9.83,14078.42,241923.86,Active,2025-05-28,2030-05-28
L000921,C05285,Personal,147144,14.83,2042.3,110815.33,Active,2026-04-21,2041-04-21
L000922,C03050,Home,2701950,8.33,26338.61,0.0,Closed,2026-07-16,2041-07-16
L000923,C01853,Auto,1443594,9.1,14727.89,330859.27,Active,2025-12-25,2040-12-25
L000924,C09294,Auto,729393,9.33,7541.86,518061.25,Active,2022-04-22,2037-04-22
L000925,C06562,Auto,1488110,10.8,20330.61,700477.16,Active,2020-08-28,2030-08-28
L000926,C09692,Personal,1030396,10.88,22341.69,440136.58,Active,2026-08-02,2031-08-02
L000927,C07533,Personal,212826,11.15,2218.53,102734.31,Active,2026-06-03,2046-06-03
L000928,C08502,Personal,1034986,15.12,14570.69,787931.74,Active,2024-04-06,2039-04-06
L000929,C04020,Personal,1218798,11.09,12655.03,1017645.97,Active,2026-07-05,2046-07-05
L000930,C02362,Auto,2264091,8.89,22816.0,912086.5,Active,2023-04-12,2038-04-12
L000931,C05950,Personal,585897,17.61,10410.34,0.0,Closed,2024-06-11,2034-06-11
L000932,C04968,Personal,862208,13.44,11159.82,0.0,Closed,2020-07-06,2035-07-06
L000933,C01441,Home,5302413,8.96,109966.46,3467732.64,Active,2025-06-06,2030-06-06
L000934,C01337,Personal,458196,12.62,5683.2,371516.4,Active,2025-06-16,2040-06-16
L000935,C00141,Home,8358130,9.64,176108.67,3722577.46,Active,2026-06-13,2031-06-13
L000936,C04667,Personal,1217248,13.96,15101.38,887880.48,Active,2025-08-10,2045-08-10
L000937,C02944,Education,2223225,9.15,22748.24,920766.64,Active,2026-04-18,2041-04-18
L000938,C01480,Home,8804023,9.2,90346.76,6468245.06,Active,2021-06-01,2036-06-01
L000939,C02292,Personal,263356,16.05,3673.84,127134.36,Active,2026-04-13,2046-04-13
L000940,C06194,Home,1602397,9.97,21149.18,986987.48,Active,2025-09-17,2035-09-17
L000941,C07244,Auto,1889267,9.81,39964.95,619824.08,Active,2026-05-11,2031-05-11
L000942,C09608,Home,4168134,9.93,54920.76,2429679.94,Active,2025-07-16,2035-07-16
L000943,C09825,Home,1617220,8.09,15539.14,556254.69,Active,2020-06-12,2035-06-12
L000944,C06228,Personal,1011688,15.88,14774.11,0.0,Closed,2020-09-10,2035-09-10
L000945,C01991,Personal,1382389,17.9,21228.24,0.0,Closed,2026-04-18,2046-04-18
L000946,C01604,Auto,561768,9.98,11930.38,285366.25,Active,2022-06-13,2027-06-13
L000947,C08707,Auto,760108,11.94,16885.15,310462.07,Active,2024-07-27,2029-07-27
L000948,C02921,Education,1534322,10.14,14949.14,795418.38,Active,2026-03-09,2046-03-09
L000949,C07282,Personal,1095877,11.54,11716.98,0.0,Closed,2019-12-04,2039-12-04
L000950,C02399,Personal,975006,11.66,13797.54,828538.46,Active,2025-05-11,2035-05-11
L000951,C04638,Home,3012758,10.15,29373.81,0.0,Closed,2026-07-09,2046-07-09
L000952,C03434,Personal,387771,15.32,5198.05,0.0,Closed,2025-07-03,2045-07-03
L000953,C03139,Home,1723191,9.37,15916.4,884970.55,Active,2025-02-27,2045-02-27
L000954,C04657,Personal,845133,12.19,9417.83,418715.27,Active,2025-08-26,2045-08-26
L000955,C05420,Auto,1293001,11.35,14981.63,669365.44,Active,2023-08-27,2038-08-27
L000956,C07742,Home,1817634,9.2,18652.53,1023195.19,Active,2025-06-14,2040-06-14
L000957,C07823,Auto,895958,11.42,10420.97,757295.76,Active,2025-05-14,2040-05-14
L000958,C01189,Home,1870970,8.24,38151.79,977697.73,Active,2026-07-25,2031-07-25
L000959,C02678,Personal,1385636,10.9,15662.2,1236613.09,Active,2026-06-12,2041-06-12
L000960,C02260,Personal,1084051,14.8,15024.01,246722.51,Active,2026-06-16,2041-06-16
L000961,C08578,Personal,706514,11.76,8370.57,357076.14,Active,2024-03-27,2039-03-27
L000962,C05378,Education,1192289,9.73,25174.51,829562.2,Active,2021-08-19,2026-08-19
L000963,C03668,Personal,157248,12.65,3549.76,133062.69,Active,2024-09-03,2029-09-03
L000964,C04931,Personal,628589,11.49,7339.12,452666.42,Active,2023-11-16,2038-11-16
L000965,C02352,Personal,1366305,11.81,19452.73,876024.51,Active,2022-09-18,2032-09-18
L000966,C07931,Home,5462709,8.95,113264.34,4593695.65,Active,2024-11-10,2029-11-10
L000967,C02387,Personal,423276,16.78,6137.9,0.0,Closed,2026-03-23,2046-03-23
L000968,C08438,Education,2046269,10.18,27245.97,789751.84,Active,2026-06-29,2036-06-29
L000969,C05671,Personal,1446919,12.48,32537.98,832252.69,Active,2022-06-10,2027-06-10
L000970,C04312,Auto,2297605,11.48,32277.0,932998.89,Active,2023-02-05,2033-02-05
L000971,C07029,Auto,908802,10.62,9146.67,228058.62,Active,2026-05-23,2046-05-23
L000972,C08939,Personal,762047,17.71,19230.97,402432.95,Active,2019-05-27,2024-05-27
L000973,C09497,Home,8744164,9.33,90413.88,6234925.84,Active,2023-04-26,2038-04-26
L000974,C07954,Personal,1472257,14.88,19256.12,0.0,Closed,2021-08-25,2041-08-25
L000975,C00760,Home,3039966,9.52,39369.71,1293801.28,Active,2020-03-09,2030-03-09
L000976,C03428,Home,2813948,9.14,58604.32,0.0,Closed,2026-07-13,2031-07-13
L000977,C08315,Personal,304889,14.44,3889.18,119615.44,Active,2020-10-15,2040-10-15
L000978,C04985,Home,1785563,7.57,35838.44,864396.39,Active,2025-04-30,2030-04-30
L000979,C00956,Auto,1209428,12.3,27086.77,986912.63,Active,2021-07-18,2026-07-18
L000980,C02648,Home,3679482,8.63,45876.53,0.0,Closed,2023-05-29,2033-05-29
L000981,C07217,Auto,1362567,9.68,28736.45,346246.3,Active,2026-08-02,2031-08-02
L000982,C02304,Education,1990898,10.08,21491.84,703758.73,Active,2026-07-23,2041-07-23
L000983,C07150,Home,1761671,8.65,17503.12,0.0,Closed,2024-10-29,2039-10-29
L000984,C00062,Home,2610084,8.03,52960.57,652493.83,Active,2024-06-16,2029-06-16
L000985,C06929,Personal,474220,15.34,11366.47,171622.53,Active,2019-08-25,2024-08-25
L000986,C00907,Personal,1449177,11.3,15255.23,1199482.38,Active,2023-04-02,2043-04-02
L000987,C00295,Home,2698196,9.68,25468.72,1488349.29,Active,2025-07-19,2045-07-19
L000988,C03367,Auto,303639,12.23,3392.14,124480.26,Active,2025-02-06,2045-02-06
L000989,C00214,Auto,315534,10.56,3162.96,194766.86,Active,2025-06-26,2045-06-26
L000990,C08685,Personal,247009,14.55,5818.14,103130.48,Active,2024-11-07,2029-11-07
L000991,C00021,Personal,354182,14.75,4896.58,243684.42,Active,2025-12-05,2040-12-05
L000992,C02826,Personal,1457013,11.18,16725.42,842521.34,Active,2025-08-19,2040-08-19
L000993,C05257,Home,1839629,8.11,37397.96,0.0,Closed,2026-03-28,2031-03-28
L000994,C07158,Personal,726776,15.72,17565.84,471326.75,Active,2025-07-22,2030-07-22
L000995,C07024,Education,2037036,10.21,27157.02,1797164.37,Active,2026-04-28,2036-04-28
L000996,C05756,Home,2500279,8.97,51865.28,0.0,Closed,2025-07-16,2030-07-16
L000997,C08016,Personal,1147913,14.5,14693.26,0.0,Closed,2024-08-20,2044-08-20
L000998,C04797,Home,4346129,7.67,87439.03,3267529.64,Active,2025-11-06,2030-11-06
L000999,C01795,Personal,1197061,13.94,18543.18,882126.27,Active,2020-08-17,2030-08-17
L001000,C05578,Education,793873,9.47,16661.17,204332.31,Active,2024-12-16,2029-12-16
L001001,C03840,Home,2235363,9.45,46892.18,1933654.72,Active,2025-05-23,2030-05-23
L001002,C04607,Home,1704036,8.87,21466.3,0.0,Closed,2025-08-11,2035-08-11
L001003,C01779,Education,645985,8.34,7954.12,489754.3,Active,2025-09-10,2035-09-10
L001004,C01638,Home,8244585,8.47,102088.82,1852684.61,Active,2022-06-16,2032-06-16
L001005,C00618,Personal,195601,14.95,2730.91,138539.23,Active,2025-07-06,2040-07-06
L001006,C00384,Home,1588107,9.59,20628.05,400246.05,Active,2025-02-02,2035-02-02
L001007,C02758,Education,619295,10.37,6128.93,0.0,Closed,2023-11-02,2043-11-02
L001008,C08847,Home,1755311,7.74,35373.36,1470250.48,Active,2023-08-07,2028-08-07
L001009,C05659,Auto,1490056,10.16,14537.68,1126017.21,Active,2025-06-23,2045-06-23
L001010,C08653,Auto,2493985,10.3,33373.9,0.0,Closed,2022-04-21,2032-04-21
L001011,C05505,Auto,378897,10.89,3882.61,317661.62,Active,2026-02-06,2046-02-06
L001012,C02419,Auto,1563323,9.89,33131.44,1196986.39,Active,2025-02-04,2030-02-04
L001013,C08490,Auto,701327,10.98,9652.84,323644.9,Active,2024-07-31,2034-07-31
L001014,C05413,Personal,211293,11.95,3025.34,46906.69,Active,2025-03-24,2035-03-24
L001015,C05657,Personal,469777,11.7,10378.85,303036.63,Active,2023-10-12,2028-10-12
L001016,C09901,Home,3608743,8.5,31317.51,1377486.72,Active,2026-07-04,2046-07-04
L001017,C08954,Home,4450904,7.97,90184.39,3644197.41,Active,2024-01-28,2029-01-28
L001018,C04848,Home,1966428,9.28,20273.69,741420.58,Active,2024-08-07,2039-08-07
L001019,C09855,Auto,1264955,11.62,14873.72,928498.66,Active,2024-06-28,2039-06-28
L001020,C03207,Home,2338675,8.63,29159.08,1146969.06,Active,2025-04-22,2035-04-22
L001021,C09384,Personal,1014075,11.59,10877.35,647548.18,Active,2024-11-05,2044-11-05
L001022,C09965,Personal,507172,15.24,7181.87,411292.03,Active,2026-03-02,2041-03-02
L001023,C03283,Personal,225098,12.6,5075.7,0.0,Closed,2025-07-10,2030-07-10
L001024,C06921,Personal,459035,16.2,7746.75,0.0,Closed,2026-03-10,2036-03-10
L001025,C08292,Personal,1437981,17.65,25587.15,737786.43,Active,2024-06-20,2034-06-20
L001026,C09925,Home,3226778,10.07,31288.91,0.0,Closed,2023-11-17,2043-11-17
L001027,C02596,Home,9443827,10.01,101541.63,5669344.13,Active,2021-03-13,2036-03-13
L001028,C07412,Auto,819740,9.81,10746.86,0.0,Closed,2026-06-13,2036-06-13
L001029,C07115,Personal,412412,17.35,10327.27,358403.79,Active,2024-02-25,2029-02-25
L001030,C03458,Auto,2414836,8.63,21155.62,824395.4,Active,2025-04-12,2045-04-12
L001031,C08896,Auto,1248838,10.48,26830.03,1113094.19,Active,2021-12-27,2026-12-27
L001032,C03818,Personal,557192,11.5,6509.06,111847.29,Active,2019-08-28,2034-08-28
L001033,C09233,Personal,739288,11.71,7991.23,0.0,Closed,2019-10-21,2039-10-21
L001034,C06090,Home,1602397,10.43,15922.73,0.0,Closed,2025-04-14,2045-04-14
L001035,C02487,Auto,2000204,9.24,20573.96,814620.19,Active,2024-05-10,2039-05-10
L001036,C09600,Personal,1415553,11.03,16115.81,980110.51,Active,2024-02-11,2039-02-11
L001037,C09482,Personal,1384508,14.57,21973.79,0.0,Closed,2026-02-10,2036-02-10
L001038,C09447,Home,2908005,9.71,61372.38,764796.94,Active,2020-02-13,2025-02-13
L001039,C04921,Personal,208134,11.33,2408.95,181365.46,Active,2026-04-20,2041-04-20
L001040,C06469,Home,4218633,9.18,87940.88,1512367.88,Active,2021-10-07,2026-10-07
L001041,C09786,Personal,802398,12.29,17966.71,307987.6,Active,2026-07-29,2031-07-29
L001042,C06937,Personal,539969,16.15,9095.73,146572.9,Active,2026-03-05,2036-03-05
L001043,C01332,Personal,986946,12.58,22244.43,575697.98,Active,2026-06-07,2031-06-07
L001044,C08040,Personal,357340,14.03,4766.05,229518.73,Active,2025-06-08,2040-06-08
L001045,C05895,Personal,237631,11.91,2601.63,148881.11,Active,2025-09-18,2045-09-18
L001046,C07023,Personal,261370,11.32,3023.45,208163.48,Active,2025-06-07,2040-06-07
L001047,C08937,Home,3213424,9.06,66799.01,711123.58,Active,2025-10-04,2030-10-04
L001048,C03727,Personal,376881,14.05,4700.29,169114.38,Active,2024-06-20,2044-06-20
L001049,C07274,Personal,232014,10.67,3152.81,0.0,Closed,2026-05-15,2036-05-15
L001050,C00590,Personal,804385,13.59,10491.67,280909.7,Active,2025-09-30,2040-09-30
L001051,C01656,Personal,1496399,15.73,20516.21,752574.73,Active,2026-06-07,2046-06-07
L001052,C06867,Home,4071066,8.02,38952.25,2604132.19,Active,2022-12-23,2037-12-23
L001053,C01748,Home,8592683,7.64,80340.37,1981904.92,Active,2025-11-17,2040-11-17
L001054,C04773,Personal,437200,15.84,6372.45,339813.03,Active,2025-11-27,2040-11-27
L001055,C03909,Personal,1497449,16.46,25515.18,1304568.55,Active,2021-05-12,2031-05-12
L001056,C06512,Personal,365234,13.81,4817.44,184902.97,Active,2022-06-05,2037-06-05
L001057,C05502,Home,2829358,10.43,38067.13,1477189.09,Active,2026-06-21,2036-06-21
L001058,C09802,Home,4029666,7.86,81437.37,2217961.04,Active,2022-05-03,2027-05-03
L001059,C06415,Personal,1060581,17.46,18742.94,406259.28,Active,2024-03-07,2034-03-07
L001060,C06278,Auto,1689491,11.09,19298.29,1177779.61,Active,2024-12-25,2039-12-25
L001061,C00820,Auto,916912,11.7,9904.88,753132.32,Active,2026-04-24,2046-04-24
L001062,C06017,Auto,468111,9.06,9730.85,289694.73,Active,2024-07-27,2029-07-27
L001063,C00789,Auto,2170545,9.93,23231.92,979091.92,Active,2025-05-06,2040-05-06
L001064,C09683,Personal,565869,16.36,8453.39,476171.59,Active,2024-12-16,2039-12-16
L001065,C00210,Auto,666485,12.4,7525.27,451589.93,Active,2025-03-05,2045-03-05
L001066,C08576,Personal,217540,17.31,3395.86,86760.47,Active,2021-06-22,2036-06-22
L001067,C08181,Home,7977894,8.62,79123.66,5459594.04,Active,2026-05-07,2041-05-07
L001068,C00976,Personal,1276571,11.16,13315.9,777525.13,Active,2025-07-29,2045-07-29
L001069,C02934,Home,1671746,9.92,16044.2,1019872.63,Active,2021-09-15,2041-09-15
L001070,C04237,Auto,661037,9.07,6732.23,193506.63,Active,2025-11-30,2040-11-30
L001071,C08615,Auto,577309,12.23,6449.48,354108.38,Active,2024-09-02,2044-09-02
L001072,C00112,Home,4977195,8.02,41693.23,1848178.72,Active,2019-08-23,2039-08-23
L001073,C05449,Home,3060334,10.0,32886.51,2663827.82,Active,2025-03-11,2040-03-11
L001074,C07381,Auto,2050252,10.84,20939.67,1180091.67,Active,2025-12-06,2045-12-06
L001075,C08733,Personal,105131,11.66,1238.84,0.0,Closed,2020-03-27,2035-03-27
L001076,C02600,Home,9427925,7.87,89392.04,5238904.16,Active,2026-07-10,2041-07-10
L001077,C00644,Personal,613278,10.71,6859.23,135265.99,Active,2026-01-05,2041-01-05
L001078,C08839,Personal,858664,14.86,11218.08,0.0,Closed,2024-02-29,2044-02-29
L001079,C01232,Auto,2296659,12.4,51553.35,888646.06,Active,2021-12-03,2026-12-03
L001080,C08484,Home,5854311,7.99,118676.3,3379513.56,Active,2023-05-31,2028-05-31
L001081,C03848,Auto,1049491,9.15,10738.49,477126.95,Active,2024-08-21,2039-08-21
L001082,C04780,Auto,504325,9.66,10631.24,183317.24,Active,2022-04-20,2027-04-20
L001083,C00129,Personal,298199,14.99,4809.17,86265.93,Active,2026-07-06,2036-07-06
L001084,C07978,Auto,1562788,9.59,16404.0,771966.25,Active,2026-03-21,2041-03-21
L001085,C01261,Auto,327048,9.05,3326.87,183333.52,Active,2023-05-16,2038-05-16
L001086,C00157,Home,1670948,7.81,20105.84,531191.88,Active,2020-08-29,2030-08-29
L001087,C09054,Personal,1271584,15.1,30317.68,329058.2,Active,2023-09-30,2028-09-30
L001088,C05998,Home,1775213,10.27,17449.96,738958.17,Active,2026-07-11,2046-07-11
L001089,C07810,Home,5207243,10.17,56500.1,3575923.22,Active,2023-12-09,2038-12-09
L001090,C03554,Personal,348715,12.17,5037.38,238800.09,Active,2024-02-19,2034-02-19
L001091,C02142,Home,1664846,8.77,34373.92,595541.03,Active,2025-04-22,2030-04-22
L001092,C06127,Home,1678328,8.09,34102.78,0.0,Closed,2025-10-05,2030-10-05
L001093,C03145,Auto,548576,10.38,6023.21,377885.45,Active,2026-05-24,2041-05-24
L001094,C03177,Education,604765,10.35,8109.69,459611.06,Active,2024-07-28,2034-07-28
L001095,C04990,Personal,161360,11.18,1852.29,0.0,Closed,2026-05-25,2041-05-25
L001096,C08167,Home,1836713,10.07,24343.55,1565180.83,Active,2024-06-17,2034-06-17
L001097,C03304,Auto,358654,10.62,4863.63,0.0,Closed,2026-04-01,2036-04-01
L001098,C05763,Education,2452871,8.01,49747.12,0.0,Closed,2025-01-16,2030-01-16
L001099,C00861,Home,1946324,9.62,20465.16,1499471.28,Active,2022-03-10,2037-03-10
L001100,C03239,Personal,325075,11.86,3872.21,0.0,Closed,2026-04-06,2041-04-06
L001101,C09318,Home,5813850,8.18,118385.39,0.0,Closed,2024-12-13,2029-12-13
L001102,C00198,Home,5408266,7.83,65132.39,3499822.4,Active,2024-02-03,2034-02-03
L001103,C00445,Personal,185162,11.12,1926.37,129885.96,Active,2022-05-18,2042-05-18
L001104,C02773,Auto,954325,11.25,10013.31,586816.78,Active,2026-06-18,2046-06-18
L001105,C07404,Auto,2095001,9.26,43753.61,0.0,Closed,2025-03-18,2030-03-18
L001106,C01035,Auto,1841160,9.22,16826.79,1146197.9,Active,2022-04-03,2042-04-03
L001107,C01700,Auto,478270,8.98,4296.97,232730.93,Active,2021-10-29,2041-10-29
L001108,C06280,Home,1853838,7.69,22189.66,896381.5,Active,2025-12-22,2035-12-22
L001109,C03905,Auto,557450,9.43,5170.71,393022.97,Active,2020-09-25,2040-09-25
L001110,C05260,Personal,1320371,14.95,17337.75,572151.21,Active,2022-12-28,2042-12-28
L001111,C05861,Home,5564556,9.03,70579.82,0.0,Closed,2020-12-19,2030-12-19
L001112,C03150,Education,1251469,9.47,16173.15,1008401.35,Active,2025-08-14,2035-08-14
L001113,C09952,Home,1506927,9.99,14532.19,330844.64,Active,2022-12-11,2042-12-11
L001114,C02847,Home,1842838,7.96,37330.84,0.0,Closed,2026-08-02,2031-08-02
L001115,C03196,Auto,2480823,11.57,26575.99,1082965.42,Active,2024-12-02,2044-12-02
L001116,C03046,Personal,648751,14.57,15287.7,0.0,Closed,2025-04-06,2030-04-06
L001117,C06877,Personal,1002627,17.1,24971.81,681594.42,Active,2026-02-01,2031-02-01
L001118,C02489,Education,2127938,8.11,25941.61,633588.24,Active,2026-08-02,2036-08-02
L001119,C04488,Home,2240356,7.99,18725.29,893888.08,Active,2026-01-01,2046-01-01
L001120,C03014,Auto,529390,10.78,5385.26,222469.84,Active,2026-07-08,2046-07-08
L001121,C03312,Personal,1098057,14.72,17527.69,687417.31,Active,2025-07-22,2035-07-22
L001122,C08541,Personal,892299,15.13,12568.05,0.0,Closed,2025-07-21,2040-07-21
L001123,C06537,Personal,228815,10.71,4941.96,147245.41,Active,2024-03-08,2029-03-08
L001124,C04730,Auto,412826,11.56,4838.35,247817.91,Active,2024-06-24,2039-06-24
L001125,C09914,Home,3227757,8.55,40105.93,1440683.59,Active,2026-04-03,2036-04-03
L001126,C07529,Auto,574727,11.98,12778.68,509323.99,Active,2026-03-17,2031-03-17
L001127,C03828,Home,1983298,9.47,18448.1,533533.16,Active,2023-07-02,2043-07-02
L001128,C03827,Personal,1085032,14.91,15119.14,680086.61,Active,2022-04-01,2037-04-01
L001129,C03850,Personal,1124162,11.25,15644.84,616110.51,Active,2026-05-03,2036-05-03
L001130,C08644,Personal,812065,11.75,9615.92,483021.3,Active,2026-04-12,2041-04-12
L001131,C07895,Personal,257959,16.8,4450.63,223580.3,Active,2021-08-23,2031-08-23
L001132,C03446,Home,3186224,9.91,67556.83,1578024.36,Active,2023-05-13,2028-05-13
L001133,C02979,Auto,1446575,8.77,12802.0,950223.96,Active,2023-04-30,2043-04-30
L001134,C05443,Home,1658254,9.01,16828.98,865669.44,Active,2026-04-27,2041-04-27
L001135,C06871,Personal,943686,12.38,10641.87,487608.46,Active,2025-11-04,2045-11-04
L001136,C09932,Home,2816684,9.61,36617.05,2115141.07,Active,2025-03-06,2035-03-06
L001137,C02721,Auto,2259978,9.57,21169.37,0.0,Closed,2024-04-12,2044-04-12
L001138,C07323,Personal,225580,14.42,3068.06,165065.51,Active,2025-10-14,2040-10-14
L001139,C04565,Personal,729723,16.83,10609.35,232672.13,Active,2023-11-11,2043-11-11
L001140,C08642,Personal,526892,16.84,8049.22,0.0,Closed,2025-03-20,2040-03-20
L001141,C00088,Auto,1375615,11.25,19144.29,1128704.48,Active,2022-10-24,2032-10-24
L001142,C08062,Personal,615032,16.48,9239.64,312511.59,Active,2023-08-20,2038-08-20
L001143,C01837,Personal,1456693,17.29,25585.3,1171907.42,Active,2025-08-08,2035-08-08
L001144,C06859,Personal,682530,15.44,11196.22,594099.6,Active,2026-08-04,2036-08-04
L001145,C05404,Home,3140463,7.56,63018.01,2171361.9,Active,2026-06-25,2031-06-25
L001146,C03272,Home,1606694,10.19,34287.9,501501.69,Active,2026-07-14,2031-07-14
L001147,C08452,Home,2490028,7.84,50298.34,796094.05,Active,2023-10-20,2028-10-20
L001148,C02469,Auto,1401550,9.51,29442.01,1141431.03,Active,2026-04-20,2031-04-20
L001149,C01926,Auto,990562,11.83,10789.77,0.0,Closed,2023-04-15,2043-04-15
L001150,C08774,Personal,986820,12.14,22021.14,218140.08,Active,2024-02-04,2029-02-04
L001151,C04541,Home,5766545,10.09,122777.56,3677363.29,Active,2024-10-27,2029-10-27
L001152,C09289,Auto,1627455,10.68,16445.43,367282.84,Active,2023-07-10,2043-07-10
L001153,C01819,Home,1803901,8.59,17859.02,0.0,Closed,2026-07-30,2041-07-30
L001154,C04177,Personal,1370485,10.76,29633.89,476706.9,Active,2023-12-20,2028-12-20
L001155,C01901,Education,1813507,8.93,18318.35,0.0,Closed,2024-10-18,2039-10-18
L001156,C07573,Personal,1221789,17.0,17921.21,321510.88,Active,2025-11-12,2045-11-12
L001157,C01845,Home,1767946,8.4,21825.56,527569.73,Active,2024-08-09,2034-08-09
L001158,C05334,Home,3340652,9.39,30899.69,0.0,Closed,2024-09-23,2044-09-23
L001159,C00037,Home,2171881,9.97,20915.97,1326860.91,Active,2025-04-26,2045-04-26
L001160,C09164,Auto,2071531,12.01,46090.53,0.0,Closed,2026-06-05,2031-06-05
L001161,C04008,Personal,1161860,11.0,11992.58,384111.34,Active,2023-06-11,2043-06-11
L001162,C02675,Home,5302235,9.59,111590.15,4090050.04,Active,2025-12-16,2030-12-16
L001163,C00199,Home,3783248,7.51,44927.57,2574102.03,Active,2026-07-25,2036-07-25
L001164,C08343,Education,530977,8.75,6654.56,0.0,Closed,2025-12-29,2035-12-29
L001165,C09846,Auto,1639657,10.31,21950.64,686644.39,Active,2019-09-15,2029-09-15
L001166,C05803,Auto,1481943,9.29,13611.07,925553.54,Active,2026-06-17,2046-06-17
L001167,C06761,Home,1735391,7.56,34823.18,0.0,Closed,2024-11-03,2029-11-03
L001168,C00999,Personal,1414132,12.22,31614.02,0.0,Closed,2026-01-04,2031-01-04
L001169,C04387,Personal,453906,10.87,4645.07,361093.19,Active,2026-03-15,2046-03-15
L001170,C06492,Auto,1013547,12.29,22694.61,539119.44,Active,2025-11-18,2030-11-18
L001171,C08852,Personal,1051494,16.7,15183.9,421129.03,Active,2023-08-26,2043-08-26
L001172,C07864,Home,3205849,9.85,34156.63,2027855.1,Active,2025-12-19,2040-12-19
L001173,C07899,Home,2366568,9.3,24427.48,1816212.63,Active,2026-07-04,2041-07-04
L001174,C05759,Home,1500000,7.59,13982.01,876474.47,Active,2021-12-13,2036-12-13
L001175,C04290,Home,6389745,9.55,59769.59,3653546.76,Active,2024-01-01,2044-01-01
L001176,C06531,Auto,1967465,11.25,20643.74,756937.16,Active,2019-04-06,2039-04-06
L001177,C06080,Personal,299815,14.68,7082.32,220547.21,Active,2020-03-06,2025-03-06
L001178,C06773,Auto,490890,8.52,4266.27,306174.1,Active,2025-08-13,2045-08-13
L001179,C07498,Home,1543122,9.24,15872.45,856451.41,Active,2025-11-08,2040-11-08
L001180,C03625,Personal,1081645,11.49,12628.79,645687.16,Active,2020-09-10,2035-09-10
L001181,C00032,Home,2156973,7.63,25750.24,471600.48,Active,2026-01-13,2036-01-13
L001182,C08838,Personal,856216,17.45,13451.23,0.0,Closed,2022-10-26,2037-10-26
L001183,C08893,Home,2369887,9.78,25148.92,1409981.43,Active,2025-06-08,2040-06-08
L001184,C03422,Home,4590653,10.48,61892.58,1166039.8,Active,2026-03-02,2036-03-02
L001185,C05499,Auto,2145450,8.71,26842.08,1655860.62,Active,2020-07-23,2030-07-23
L001186,C06544,Auto,642999,11.32,6777.56,175781.36,Active,2025-11-17,2045-11-17
L001187,C06739,Personal,1025933,13.17,12144.04,842554.02,Active,2026-07-09,2046-07-09
L001188,C06646,Home,3983929,7.87,80532.08,2793206.27,Active,2025-12-31,2030-12-31
L001189,C05641,Auto,2433800,11.79,34623.14,535097.34,Active,2023-01-07,2033-01-07
L001190,C08992,Personal,1297028,11.85,28753.45,715080.66,Active,2026-03-19,2031-03-19
L001191,C00606,Home,4256981,7.58,85463.09,2072141.06,Active,2025-03-23,2030-03-23
L001192,C07946,Home,1839254,7.96,37258.24,744172.0,Active,2024-12-12,2029-12-12
L001193,C00524,Personal,1417759,17.66,35740.05,1232467.97,Active,2023-11-19,2028-11-19
L001194,C08776,Personal,1050223,12.94,15643.81,909411.65,Active,2026-04-17,2036-04-17
L001195,C03836,Auto,1655476,11.69,36566.34,791972.98,Active,2026-07-15,2031-07-15
L001196,C02717,Home,2570234,8.03,21546.48,779700.83,Active,2025-02-22,2045-02-22
L001197,C02706,Home,3187772,8.35,39268.53,1773703.22,Active,2026-06-22,2036-06-22
L001198,C06715,Home,4101318,10.21,54677.28,3415257.53,Active,2023-08-30,2033-08-30
L001199,C06038,Home,4853283,8.97,43572.65,2455081.96,Active,2026-07-15,2046-07-15
L001200,C04817,Personal,986122,16.58,16877.03,593436.42,Active,2023-11-06,2033-11-06
L001201,C08419,Personal,816690,17.8,14610.55,327047.73,Active,2025-12-18,2035-12-18
L001202,C07353,Auto,652196,9.66,6147.63,221041.43,Active,2024-04-15,2044-04-15
L001203,C02991,Education,467994,10.05,5043.41,0.0,Closed,2026-02-08,2041-02-08
L001204,C09773,Auto,919669,10.77,19890.51,0.0,Closed,2024-07-05,2029-07-05
L001205,C04106,Personal,1170913,13.69,27057.28,463427.46,Active,2026-03-19,2031-03-19
L001206,C06348,Auto,1790897,9.52,37629.68,0.0,Closed,2025-04-12,2030-04-12
L001207,C01629,Personal,1487430,13.97,23067.97,0.0,Closed,2026-04-12,2036-04-12
L001208,C08625,Education,1945885,10.63,21666.88,764993.01,Active,2024-07-13,2039-07-13
L001209,C03144,Personal,1043609,15.18,14735.09,268543.19,Active,2023-06-11,2038-06-11
L001210,C08729,Auto,1185284,9.24,12191.75,0.0,Closed,2021-05-08,2036-05-08
L001211,C06949,Home,2620667,7.55,21192.11,2043557.48,Active,2026-06-22,2046-06-22
L001212,C04911,Personal,949538,17.02,13942.27,314114.07,Active,2025-03-19,2045-03-19
L001213,C05796,Personal,928369,16.53,22838.4,826514.72,Active,2024-02-17,2029-02-17
L001214,C04217,Education,266627,10.09,3536.8,0.0,Closed,2023-07-01,2033-07-01
L001215,C09780,Education,808820,9.95,7778.51,0.0,Closed,2022-01-24,2042-01-24
L001216,C00650,Auto,1100753,8.84,9790.78,665608.32,Active,2024-11-03,2044-11-03
L001217,C01725,Home,2778610,9.72,26300.77,0.0,Closed,2023-09-24,2043-09-24
L001218,C00715,Personal,1042703,14.89,16752.27,333023.14,Active,2026-02-25,2036-02-25
L001219,C02201,Personal,800134,10.56,8020.65,0.0,Closed,2022-11-01,2042-11-01
L001220,C05726,Auto,1845765,10.81,20759.22,1144787.27,Active,2026-05-01,2041-05-01
L001221,C01657,Personal,1382398,17.51,20814.87,1185415.58,Active,2023-04-23,2043-04-23
L001222,C02969,Education,1408805,8.95,29210.3,628594.42,Active,2025-07-31,2030-07-31
L001223,C04124,Auto,545242,10.48,6020.34,324222.16,Active,2023-09-01,2038-09-01
L001224,C04299,Home,2261485,8.08,21716.5,1231728.75,Active,2022-07-25,2037-07-25
L001225,C00596,Personal,811255,17.41,12153.08,563517.33,Active,2024-09-25,2044-09-25
L001226,C06539,Personal,974221,16.75,14821.03,0.0,Closed,2026-03-29,2041-03-29
L001227,C04571,Home,1500000,9.37,15545.92,1259498.51,Active,2025-05-22,2040-05-22
L001228,C05228,Auto,1026835,9.3,9437.74,625148.39,Active,2024-12-17,2044-12-17
L001229,C02700,Auto,936804,9.44,19647.17,0.0,Closed,2023-08-05,2028-08-05
L001230,C05001,Home,3687816,8.57,45861.82,1100358.85,Active,2025-06-10,2035-06-10
L001231,C04642,Auto,567032,9.85,12005.95,462425.02,Active,2026-01-26,2031-01-26
L001232,C01053,Home,2040692,10.48,22532.49,0.0,Closed,2023-04-10,2038-04-10
L001233,C04704,Personal,1268160,12.51,18570.25,0.0,Closed,2023-10-06,2033-10-06
L001234,C06558,Auto,736803,11.33,7771.36,0.0,Closed,2023-09-29,2043-09-29
L001235,C02156,Home,4669905,7.83,94309.35,0.0,Closed,2022-03-12,2027-03-12
L001236,C02720,Auto,727265,11.79,16100.54,569497.65,Active,2026-05-05,2031-05-05
L001237,C02656,Personal,530726,17.33,9335.17,214564.9,Active,2024-07-25,2034-07-25
L001238,C02590,Home,3590403,9.7,75756.55,2317189.24,Active,2026-07-28,2031-07-28
L001239,C08323,Auto,815830,11.89,8920.51,0.0,Closed,2026-03-05,2046-03-05
L001240,C08621,Personal,113815,12.34,1280.28,62198.09,Active,2022-05-14,2042-05-14
L001241,C00478,Home,3062111,9.65,28843.5,1330497.4,Active,2021-09-21,2041-09-21
L001242,C08987,Home,4660438,9.09,59263.7,2795442.59,Active,2026-07-07,2036-07-07
L001243,C04823,Auto,2224149,12.31,27138.71,0.0,Closed,2024-09-28,2039-09-28
L001244,C00483,Home,1666911,9.65,35130.55,1132894.06,Active,2024-01-06,2029-01-06
L001245,C02028,Home,1844613,8.8,16359.94,0.0,Closed,2023-10-01,2043-10-01
L001246,C02153,Personal,1445251,11.63,31879.24,0.0,Closed,2025-10-16,2030-10-16
L001247,C03373,Auto,2480108,12.39,27985.42,1050054.26,Active,2023-05-26,2043-05-26
L001248,C03847,Personal,738211,15.91,10795.82,0.0,Closed,2024-01-06,2039-01-06
L001249,C09910,Home,6193941,10.2,82540.91,3639978.84,Active,2026-03-20,2036-03-20
L001250,C07096,Home,3354485,9.59,31465.61,0.0,Closed,2025-12-07,2045-12-07
L001251,C05942,Auto,476749,8.65,4736.75,189166.2,Active,2021-03-02,2036-03-02
L001252,C07308,Auto,2483008,12.47,30555.16,1345367.91,Active,2026-02-05,2041-02-05
L001253,C07473,Personal,814518,16.18,13735.75,225439.41,Active,2021-05-04,2031-05-04
L001254,C05882,Personal,642512,12.31,7839.83,134369.63,Active,2026-04-16,2041-04-16
L001255,C00699,Personal,225715,16.81,3443.41,147136.53,Active,2018-12-31,2033-12-31
L001256,C08760,Education,723238,9.35,15136.38,153279.16,Active,2024-03-31,2029-03-31
L001257,C09571,Auto,1280787,9.9,13685.15,421948.28,Active,2024-09-03,2039-09-03
L001258,C07805,Personal,393541,15.86,6558.03,211915.42,Active,2025-11-26,2035-11-26
L001259,C08651,Education,1715265,9.36,22063.84,549045.45,Active,2025-10-14,2035-10-14
L001260,C00651,Home,1760859,8.77,22087.23,1034830.67,Active,2020-08-13,2030-08-13
L001261,C02929,Education,2407275,9.21,21985.06,0.0,Closed,2022-11-06,2042-11-06
L001262,C06274,Personal,1434755,13.68,17509.01,339356.83,Active,2024-10-04,2044-10-04
L001263,C02087,Personal,974349,16.68,16736.9,546283.3,Active,2026-06-03,2036-06-03
L001264,C03756,Auto,2452455,11.95,54491.56,1425360.32,Active,2023-06-06,2028-06-06
L001265,C06990,Home,1664458,10.33,18223.87,0.0,Closed,2024-05-09,2039-05-09
L001266,C01507,Personal,956937,11.33,11075.63,834260.07,Active,2025-09-26,2040-09-26
L001267,C08696,Personal,879023,12.79,11000.58,492122.89,Active,2024-02-20,2039-02-20
L001268,C01893,Personal,398088,16.38,5652.22,109085.25,Active,2022-10-17,2042-10-17
L001269,C00575,Auto,1204214,9.23,11013.39,622246.14,Active,2025-12-02,2045-12-02
L001270,C06996,Personal,193705,13.63,2531.68,52261.4,Active,2026-06-14,2041-06-14
L001271,C04375,Personal,1096624,16.76,18892.62,0.0,Closed,2022-03-04,2032-03-04
L001272,C01088,Auto,2233306,11.55,23893.62,872095.03,Active,2024-10-14,2044-10-14
L001273,C00064,Home,2155119,9.49,20074.47,581513.41,Active,2023-09-23,2043-09-23
L001274,C04320,Home,1596090,10.37,15795.91,714822.36,Active,2024-04-04,2044-04-04
L001275,C07947,Auto,404035,10.79,4539.11,328623.03,Active,2022-03-20,2037-03-20
L001276,C04139,Auto,1107096,12.32,24806.14,0.0,Closed,2025-12-24,2030-12-24
L001277,C00571,Personal,1097899,14.27,25700.13,268625.95,Active,2025-06-22,2030-06-22
L001278,C02471,Home,1659161,8.32,20411.84,673731.54,Active,2025-12-08,2035-12-08
L001279,C06106,Home,2431616,7.75,22888.21,2111886.34,Active,2025-01-10,2040-01-10
L001280,C00299,Auto,397573,9.86,5223.18,118574.6,Active,2024-10-28,2034-10-28
L001281,C02484,Home,3657363,7.77,73756.21,2561082.31,Active,2024-10-24,2029-10-24
L001282,C07585,Home,1902812,7.77,17932.51,0.0,Closed,2023-11-07,2038-11-07
L001283,C01070,Personal,223551,15.11,3145.65,89574.55,Active,2024-12-30,2039-12-30
L001284,C00940,Personal,307081,12.9,3575.83,0.0,Closed,2026-08-05,2046-08-05
L001285,C03381,Home,1753684,7.66,20963.28,0.0,Closed,2026-07-27,2036-07-27
L001286,C06855,Auto,2367705,10.53,23686.42,0.0,Closed,2024-02-11,2044-02-11
L001287,C09226,Home,1833799,8.89,16369.66,1613313.08,Active,2024-02-26,2044-02-26
L001288,C05755,Personal,139054,12.52,3129.84,71154.6,Active,2019-08-31,2024-08-31
L001289,C08340,Personal,738819,14.76,9597.93,336118.84,Active,2026-02-26,2046-02-26
L001290,C07141,Education,797130,9.12,10149.55,0.0,Closed,2026-02-25,2036-02-25
L001291,C00510,Personal,988673,17.71,15038.01,327398.47,Active,2024-11-26,2044-11-26
L001292,C09888,Auto,1601764,9.66,20867.01,394907.27,Active,2025-11-17,2035-11-17
L001293,C04156,Personal,1353819,12.38,15266.91,0.0,Closed,2024-11-07,2044-11-07
L001294,C02220,Auto,1192355,10.84,13432.72,456161.56,Active,2026-07-27,2041-07-27
L001295,C00272,Personal,730484,11.17,15944.49,0.0,Closed,2026-07-31,2031-07-31
L001296,C02246,Personal,686066,17.09,11962.82,157663.44,Active,2024-09-10,2034-09-10
L001297,C01702,Personal,818558,15.26,10936.27,357223.69,Active,2024-10-15,2044-10-15
L001298,C00859,Personal,541710,13.95,7195.99,225193.43,Active,2025-02-02,2040-02-02
L001299,C01290,Personal,104293,15.07,2484.96,0.0,Closed,2026-06-04,2031-06-04
L001300,C03449,Personal,966465,14.67,12491.29,0.0,Closed,2026-05-27,2046-05-27
L001301,C07169,Personal,1461255,15.38,35055.31,0.0,Closed,2023-05-19,2028-05-19
L001302,C02614,Auto,2167206,11.19,24891.58,0.0,Closed,2026-06-14,2041-06-14
L001303,C04123,Home,7505668,8.66,154569.71,4808607.91,Active,2023-08-08,2028-08-08
L001304,C04986,Home,1519636,8.16,30929.23,0.0,Closed,2026-06-08,2031-06-08
L001305,C07873,Personal,850405,11.94,10173.49,0.0,Closed,2023-07-06,2038-07-06
L001306,C07624,Home,3571183,10.4,76581.86,952951.21,Active,2023-05-06,2028-05-06
L001307,C02870,Personal,538485,10.55,5394.22,380093.25,Active,2026-03-13,2046-03-13
L001308,C01399,Personal,457516,14.64,7280.79,370692.06,Active,2021-12-06,2031-12-06
L001309,C06922,Home,2044471,10.3,27358.62,0.0,Closed,2021-10-11,2031-10-11
L001310,C04508,Personal,675307,11.94,15001.36,0.0,Closed,2023-12-16,2028-12-16
L001311,C03924,Auto,1360827,11.22,14250.61,817884.06,Active,2026-03-06,2046-03-06
L001312,C00071,Personal,1463211,10.89,16529.88,297654.38,Active,2026-02-25,2041-02-25
L001313,C05276,Home,9328026,8.99,193589.21,0.0,Closed,2023-01-15,2028-01-15
L001314,C09777,Personal,682867,17.39,10219.31,427269.05,Active,2025-10-31,2045-10-31
L001315,C07829,Home,3345700,9.22,69809.0,0.0,Closed,2022-07-01,2027-07-01
L001316,C04987,Education,1977630,10.87,27096.53,1324107.84,Active,2022-03-12,2032-03-12
L001317,C08814,Home,2811338,7.79,23149.07,2482927.42,Active,2026-03-13,2046-03-13
L001318,C03286,Personal,801083,16.8,13821.28,587312.84,Active,2022-04-19,2032-04-19
L001319,C04319,Personal,214153,16.66,3675.92,0.0,Closed,2025-04-11,2035-04-11
L001320,C00119,Personal,1399325,13.79,32407.7,692310.27,Active,2022-11-27,2027-11-27
L001321,C09882,Home,1563634,10.25,15349.31,479434.42,Active,2024-09-21,2044-09-21
L001322,C01183,Home,2569847,7.69,21002.09,1214208.9,Active,2020-07-18,2040-07-18
L001323,C02254,Home,1713547,9.53,36012.8,1084642.97,Active,2023-09-13,2028-09-13
L001324,C05034,Personal,962155,12.25,21524.36,553290.73,Active,2025-12-26,2030-12-26
L001325,C01084,Personal,1400676,15.14,19738.17,598028.04,Active,2025-09-14,2040-09-14
L001326,C08435,Personal,1184674,12.96,17660.52,1056016.03,Active,2023-03-01,2033-03-01
L001327,C00187,Personal,1343373,16.42,22856.13,0.0,Closed,2024-05-21,2034-05-21
L001328,C04136,Home,2033618,8.27,17353.3,946454.72,Active,2026-07-12,2046-07-12
L001329,C08211,Personal,388720,16.48,9552.34,190797.15,Active,2022-02-27,2027-02-27
L001330,C04161,Personal,1466724,16.16,21705.63,764455.68,Active,2025-07-29,2040-07-29
L001331,C00750,Home,5438650,8.43,53333.61,1200909.72,Active,2024-04-30,2039-04-30
L001332,C03731,Auto,906497,8.73,18698.82,691852.12,Active,2026-03-02,2031-03-02
L001333,C05410,Education,1044150,10.36,11451.56,592025.18,Active,2026-04-08,2041-04-08
L001334,C01470,Personal,1080213,15.0,15118.52,0.0,Closed,2022-10-22,2037-10-22
L001335,C05332,Personal,803931,15.12,10657.43,664534.57,Active,2024-09-26,2044-09-26
L001336,C00538,Home,9138188,7.63,109092.94,0.0,Closed,2026-03-01,2036-03-01
L001337,C05695,Personal,582919,14.0,9050.78,224884.13,Active,2026-05-05,2036-05-05
L001338,C02547,Auto,1690475,11.73,18296.37,1303404.98,Active,2024-11-01,2044-11-01
L001339,C04821,Auto,1821765,8.54,17982.38,1492695.02,Active,2023-06-03,2038-06-03
L001340,C00725,Home,2315387,9.39,24024.39,2035734.79,Active,2024-09-26,2039-09-26
L001341,C02397,Personal,465211,12.14,5625.28,308029.11,Active,2024-05-24,2039-05-24
L001342,C05689,Auto,1048857,9.28,13445.94,0.0,Closed,2025-05-28,2035-05-28
L001343,C09018,Auto,388054,11.83,5529.38,135357.17,Active,2019-06-20,2029-06-20
L001344,C06684,Home,3463173,8.13,29248.18,1154478.37,Active,2026-06-02,2046-06-02
L001345,C08617,Personal,1205045,17.83,18440.09,0.0,Closed,2023-01-29,2043-01-29
L001346,C09169,Education,805792,10.65,10940.74,0.0,Closed,2024-04-29,2034-04-29
L001347,C01047,Home,4672534,9.58,49017.56,1009794.97,Active,2025-04-15,2040-04-15
L001348,C08141,Personal,196878,16.22,3325.01,0.0,Closed,2026-07-02,2036-07-02
L001349,C02228,Personal,411567,12.96,9355.99,289722.05,Active,2024-07-18,2029-07-18
L001350,C00768,Home,2565918,10.41,25462.67,2163106.36,Active,2024-04-27,2044-04-27
L001351,C03808,Personal,1491464,15.11,24163.1,557933.38,Active,2021-11-09,2031-11-09
L001352,C09719,Auto,2435565,10.0,23503.73,977292.84,Active,2025-07-01,2045-07-01
L001353,C03500,Auto,2327094,11.36,24592.72,1147651.37,Active,2025-06-21,2045-06-21
L001354,C08494,Auto,453530,9.33,5826.44,333766.69,Active,2025-05-23,2035-05-23
L001355,C06083,Personal,991337,17.17,17336.14,0.0,Closed,2025-02-06,2035-02-06
L001356,C00932,Home,2654591,7.75,53508.48,1425052.13,Active,2023-04-02,2028-04-02
L001357,C08959,Personal,186282,13.99,2479.54,106686.37,Active,2026-01-23,2041-01-23
L001358,C04966,Home,5673693,8.45,49058.23,3352120.26,Active,2019-09-08,2039-09-08
L001359,C09071,Home,2773196,8.58,57003.35,1521831.67,Active,2025-01-08,2030-01-08
L001360,C03442,Auto,627822,11.64,8877.25,533683.81,Active,2024-08-10,2034-08-10
L001361,C07831,Personal,520073,13.0,6580.18,196770.69,Active,2023-10-16,2038-10-16
L001362,C09722,Home,2651187,8.07,32264.36,0.0,Closed,2026-05-30,2036-05-30
L001363,C08227,Personal,1239017,17.34,31019.73,0.0,Closed,2026-06-04,2031-06-04
L001364,C09604,Home,2953881,9.85,28212.65,0.0,Closed,2026-06-09,2046-06-09
L001365,C03922,Auto,1889234,11.12,19654.98,392030.72,Active,2024-10-10,2044-10-10
L001366,C07191,Home,3315014,8.69,41439.06,2496495.56,Active,2024-08-26,2034-08-26
L001367,C04912,Personal,1331035,16.39,18908.64,768032.76,Active,2026-07-10,2046-07-10
L001368,C08055,Personal,756565,16.84,11005.34,0.0,Closed,2025-06-27,2045-06-27
L001369,C00944,Personal,539531,13.79,12495.28,267469.3,Active,2026-04-11,2031-04-11
L001370,C08750,Personal,120302,14.25,1622.37,72974.82,Active,2026-08-01,2041-08-01
L001371,C03580,Personal,945925,16.22,14038.17,835944.3,Active,2021-06-28,2036-06-28
L001372,C02343,Personal,391786,11.65,4614.23,133441.51,Active,2026-03-17,2041-03-17
L001373,C08904,Home,3907021,10.1,37962.82,2447962.36,Active,2026-03-02,2046-03-02
L001374,C09641,Personal,494974,14.06,6611.74,289027.83,Active,2024-12-26,2039-12-26
L001375,C01551,Home,2282166,8.01,27701.03,953221.52,Active,2024-06-06,2034-06-06
L001376,C06332,Personal,491521,11.99,5408.64,362188.26,Active,2026-02-12,2046-02-12
L001377,C04507,Auto,593515,10.32,6494.63,462776.7,Active,2022-01-26,2037-01-26
L001378,C01269,Auto,2023276,10.06,43048.39,1228352.63,Active,2023-10-12,2028-10-12
L001379,C06961,Personal,915777,17.66,16301.02,692351.31,Active,2025-06-16,2035-06-16
L001380,C00928,Personal,1494171,14.06,19958.76,819205.38,Active,2022-05-27,2037-05-27
L001381,C06501,Personal,677641,12.01,9726.1,218737.2,Active,2021-09-02,2031-09-02
L001382,C08721,Personal,617661,14.44,7878.91,306796.59,Active,2024-04-06,2044-04-06
L001383,C00424,Personal,703794,15.35,9450.0,218283.38,Active,2026-03-05,2046-03-05
L001384,C09586,Home,3140351,9.34,40360.78,2431559.09,Active,2025-06-18,2035-06-18
L001385,C05159,Auto,2112260,10.33,28301.09,1759778.89,Active,2024-12-26,2034-12-26
L001386,C08583,Auto,391571,9.46,5058.26,180256.48,Active,2023-04-11,2033-04-11
L001387,C02457,Home,2059888,9.59,26756.05,0.0,Closed,2024-11-29,2034-11-29
L001388,C01987,Home,2659355,7.86,25199.72,2197538.88,Active,2022-09-03,2037-09-03
L001389,C08337,Home,2867398,8.73,35905.32,1564896.22,Active,2025-04-16,2035-04-16
L001390,C09208,Auto,607004,11.06,6290.23,229344.2,Active,2025-11-18,2045-11-18
L001391,C07856,Home,8155090,7.61,76109.36,2104046.79,Active,2026-07-31,2041-07-31
L001392,C00686,Personal,1073593,14.14,25058.62,472471.29,Active,2025-06-14,2030-06-14
L001393,C09204,Home,1729493,7.92,16448.16,0.0,Closed,2024-07-15,2039-07-15
L001394,C05377,Home,1651549,9.32,21208.21,868289.2,Active,2025-08-14,2035-08-14
L001395,C07554,Home,1662708,9.51,34928.09,1317783.33,Active,2025-06-13,2030-06-13
L001396,C04291,Personal,554395,15.86,9238.53,480422.51,Active,2026-05-17,2036-05-17
L001397,C08540,Personal,1196547,15.31,28660.85,818645.18,Active,2025-09-15,2030-09-15
L001398,C04374,Home,1500000,7.65,12221.85,0.0,Closed,2024-08-05,2044-08-05
L001399,C04190,Auto,1085686,12.14,15664.43,656646.87,Active,2026-04-28,2036-04-28
L001400,C01296,Auto,1713969,11.78,37936.02,484024.43,Active,2019-11-11,2024-11-11
L001401,C05872,Personal,1492737,11.76,21209.85,807943.8,Active,2025-12-27,2035-12-27
L001402,C01906,Home,4206832,9.19,53723.91,1034758.01,Active,2023-11-16,2033-11-16
L001403,C00496,Home,2397330,7.86,28909.19,1614943.42,Active,2025-09-20,2035-09-20
L001404,C03091,Personal,1471522,12.87,17103.9,1097656.33,Active,2025-11-06,2045-11-06
L001405,C08649,Personal,683967,15.37,9746.64,191632.48,Active,2022-01-19,2037-01-19
L001406,C04622,Personal,1355919,14.25,31725.88,469308.19,Active,2023-04-03,2028-04-03
L001407,C07513,Auto,1493709,9.19,31144.86,318173.27,Active,2025-12-28,2030-12-28
L001408,C08007,Personal,378777,12.99,4789.95,0.0,Closed,2020-12-30,2035-12-30
L001409,C08287,Auto,583172,9.84,5566.06,263352.1,Active,2024-05-07,2044-05-07
L001410,C06105,Personal,1332010,15.78,32236.4,624121.18,Active,2024-01-01,2029-01-01
L001411,C02669,Home,2147702,8.21,18245.94,0.0,Closed,2024-09-11,2044-09-11
L001412,C09459,Personal,225667,11.53,2411.25,179141.37,Active,2023-04-29,2043-04-29
L001413,C02323,Education,358992,8.71,3163.29,240494.88,Active,2023-01-07,2043-01-07
L001414,C01731,Home,2174865,9.86,46059.78,469124.35,Active,2024-04-07,2029-04-07
L001415,C04567,Auto,904934,11.5,12722.96,0.0,Closed,2025-04-03,2035-04-03
L001416,C05293,Home,2516065,8.12,51161.35,0.0,Closed,2022-10-20,2027-10-20
L001417,C08098,Auto,1341605,11.71,19023.89,849182.11,Active,2025-10-23,2035-10-23
L001418,C08139,Personal,1027698,15.22,24567.7,0.0,Closed,2022-08-09,2027-08-09
L001419,C07723,Personal,503629,10.89,6906.17,0.0,Closed,2022-03-20,2032-03-20
L001420,C04411,Home,1864224,9.28,23898.62,1575800.29,Active,2023-07-11,2033-07-11
L001421,C01042,Personal,753185,11.73,10688.78,584844.5,Active,2026-07-05,2036-07-05
L001422,C01422,Personal,698428,14.82,11191.22,246613.36,Active,2024-10-11,2034-10-11
L001423,C05792,Education,1708195,9.19,21814.73,1031940.96,Active,2026-05-02,2036-05-02
L001424,C02370,Personal,1008969,16.2,14188.95,638683.92,Active,2025-04-11,2045-04-11
L001425,C08195,Auto,1559262,10.88,21373.06,1211562.91,Active,2026-02-20,2036-02-20
L001426,C01543,Home,4065632,8.86,36214.28,2290613.52,Active,2026-07-09,2046-07-09
L001427,C04677,Education,2168212,8.59,26987.2,643615.11,Active,2022-10-08,2032-10-08
L001428,C08010,Personal,884875,14.19,11125.92,0.0,Closed,2026-04-17,2046-04-17
L001429,C06044,Auto,1865083,10.04,20087.94,910503.11,Active,2022-10-29,2037-10-29
L001430,C02668,Home,1520356,10.48,32663.32,766371.91,Active,2021-10-07,2026-10-07
L001431,C07172,Home,3329966,10.37,36541.49,1858003.51,Active,2020-05-30,2035-05-30
L001432,C03506,Personal,221015,15.38,2972.55,161418.97,Active,2025-08-17,2045-08-17
L001433,C00457,Personal,857940,15.23,20514.06,384585.78,Active,2026-03-04,2031-03-04
L001434,C08346,Home,5320765,10.33,71290.21,2545961.96,Active,2025-08-18,2035-08-18
L001435,C06807,Home,4208302,7.54,84405.75,1086507.84,Active,2021-10-22,2026-10-22
L001436,C01645,Personal,1329267,17.81,33617.4,1020642.74,Active,2026-02-24,2031-02-24
L001437,C01509,Personal,995214,12.4,12201.54,524238.01,Active,2025-02-09,2040-02-09
L001438,C04557,Auto,1591756,11.44,34958.94,794559.73,Active,2025-10-17,2030-10-17
L001439,C05399,Personal,399291,12.52,5849.33,0.0,Closed,2024-08-21,2034-08-21
L001440,C08903,Home,2146133,7.52,25497.39,0.0,Closed,2025-10-03,2035-10-03
L001441,C03571,Personal,246468,16.3,3484.59,108898.23,Active,2024-09-28,2044-09-28
L001442,C03979,Home,1857845,8.03,22570.25,1414536.49,Active,2025-09-16,2035-09-16
L001443,C04279,Education,662372,9.35,8516.63,568787.15,Active,2024-02-24,2034-02-24
L001444,C09541,Education,1004823,8.78,8898.97,262178.43,Active,2025-07-16,2045-07-16
L001445,C06214,Home,2893567,7.74,58311.72,2043629.32,Active,2023-10-06,2028-10-06
L001446,C02908,Home,6412758,8.2,54439.82,5318956.96,Active,2024-05-14,2044-05-14
L001447,C07537,Home,1560621,9.5,32775.95,833942.52,Active,2025-10-13,2030-10-13
L001448,C05507,Home,6558203,9.06,66751.95,0.0,Closed,2022-03-10,2037-03-10
L001449,C02638,Auto,1713606,10.92,19390.8,474486.3,Active,2024-11-22,2039-11-22
L001450,C04446,Auto,1304942,12.26,14605.77,1122159.97,Active,2023-10-28,2043-10-28
L001451,C04685,Home,4270381,9.92,90564.97,1755913.24,Active,2026-07-26,2031-07-26
L001452,C09897,Personal,391216,10.69,8445.63,0.0,Closed,2022-02-09,2027-02-09
L001453,C05220,Personal,621221,13.26,7393.44,271995.47,Active,2026-07-10,2046-07-10
L001454,C01907,Education,2876273,10.87,32457.22,1863410.93,Active,2025-06-12,2040-06-12
L001455,C04486,Home,2182675,9.53,28279.14,1353006.11,Active,2024-02-16,2034-02-16
L001456,C05926,Personal,270643,13.11,3192.02,0.0,Closed,2024-11-08,2044-11-08
L001457,C04102,Home,3185367,9.7,33647.88,1279372.77,Active,2025-07-17,2040-07-17
L001458,C04601,Auto,1499345,11.64,33079.98,513114.04,Active,2026-02-06,2031-02-06
L001459,C02607,Personal,1250805,17.9,19207.61,734972.15,Active,2025-10-11,2045-10-11
L001460,C05933,Education,2979322,9.62,38747.71,1110462.54,Active,2024-02-17,2034-02-17
L001461,C01724,Personal,287552,11.29,6293.74,71808.3,Active,2025-12-21,2030-12-21
L001462,C05589,Home,2675906,8.16,25820.13,626020.94,Active,2026-03-08,2041-03-08
L001463,C01454,Personal,1495605,11.52,15970.19,621799.0,Active,2022-07-17,2042-07-17
L001464,C06206,Auto,571233,11.08,5927.33,0.0,Closed,2025-08-07,2045-08-07
L001465,C08596,Personal,900379,15.4,12123.06,0.0,Closed,2021-10-26,2041-10-26
L001466,C01979,Education,685238,8.87,14181.22,261482.12,Active,2022-07-19,2027-07-19
L001467,C04318,Auto,786984,10.79,10747.37,0.0,Closed,2023-11-14,2033-11-14
L001468,C09669,Auto,307040,9.74,4013.48,0.0,Closed,2025-02-06,2035-02-06
L001469,C04870,Auto,1640679,11.59,23151.76,785668.1,Active,2025-09-25,2035-09-25
L001470,C05621,Education,1858060,8.03,15576.27,610737.68,Active,2024-05-05,2044-05-05
L001471,C07398,Personal,559075,14.25,7053.96,392261.01,Active,2019-08-16,2039-08-16
L001472,C00667,Personal,172024,14.99,2406.45,71902.59,Active,2025-09-16,2040-09-16
L001473,C06568,Home,8610765,9.62,80939.58,6449518.57,Active,2024-05-21,2044-05-21
L001474,C09655,Home,4660061,7.68,43677.38,1855932.6,Active,2024-05-05,2039-05-05
L001475,C04145,Home,4899142,8.18,99759.51,0.0,Closed,2026-06-17,2031-06-17
L001476,C06411,Personal,1122371,15.96,16452.98,0.0,Closed,2025-09-14,2040-09-14
L001477,C00203,Auto,2079471,9.14,43307.83,1380379.67,Active,2026-05-07,2031-05-07
L001478,C06391,Personal,830453,16.18,11666.02,324932.82,Active,2025-09-20,2045-09-20
L001479,C07851,Education,1018275,10.1,9894.13,685917.16,Active,2025-09-24,2045-09-24
L001480,C02197,Personal,213504,16.87,3266.18,167689.0,Active,2024-09-02,2039-09-02
L001481,C07045,Personal,1111753,12.68,16390.49,374604.16,Active,2025-02-24,2035-02-24
L001482,C05793,Education,238304,9.09,4957.21,49581.78,Active,2026-07-30,2031-07-30
L001483,C06875,Home,8665734,9.54,112322.35,0.0,Closed,2021-07-05,2031-07-05
L001484,C07938,Home,2493789,8.04,50612.8,1344639.49,Active,2024-06-01,2029-06-01
L001485,C09993,Personal,1009789,17.77,15405.68,824834.25,Active,2024-05-14,2044-05-14
L001486,C08290,Home,2134786,9.56,27693.79,1360370.71,Active,2025-08-26,2035-08-26
L001487,C03690,Personal,1481014,11.17,15458.57,0.0,Closed,2026-04-23,2046-04-23
L001488,C03545,Auto,1454339,11.03,15041.22,1186740.23,Active,2024-03-31,2044-03-31
L001489,C08121,Home,5603861,9.42,72267.37,2795837.22,Active,2025-07-09,2035-07-09
L001490,C08353,Personal,674042,15.7,16284.14,0.0,Closed,2024-05-28,2029-05-28
L001491,C00258,Home,1753855,10.5,17510.14,1424716.91,Active,2021-06-04,2041-06-04
L001492,C01287,Personal,1227242,11.89,27231.15,402260.49,Active,2020-09-13,2025-09-13
L001493,C00386,Personal,1211674,14.16,28294.14,0.0,Closed,2026-01-09,2031-01-09
L001494,C06740,Home,1746050,8.04,21221.33,1024821.32,Active,2025-02-13,2035-02-13
L001495,C08482,Home,1664178,7.89,20094.47,1395455.44,Active,2025-09-15,2035-09-15
L001496,C08368,Home,1793645,7.75,36154.43,1157812.65,Active,2025-03-12,2030-03-12
L001497,C05249,Auto,2074405,12.41,46574.93,1799927.23,Active,2025-09-01,2030-09-01
L001498,C04604,Home,2730595,9.48,25417.08,1520094.99,Active,2025-12-10,2045-12-10
L001499,C09453,Home,4453772,9.32,57192.7,1942593.28,Active,2024-12-02,2034-12-02
L001500,C01104,Education,354073,8.56,3499.16,0.0,Closed,2026-05-01,2041-05-01
L001501,C07247,Personal,381454,15.02,6158.86,269239.01,Active,2022-11-24,2032-11-24
L001502,C01939,Personal,985029,11.06,11232.95,438497.23,Active,2022-06-14,2037-06-14
L001503,C04495,Education,2112886,8.25,20497.96,511023.6,Active,2021-07-11,2036-07-11
L001504,C00387,Home,2354643,7.71,22109.77,0.0,Closed,2026-02-15,2041-02-15
L001505,C01501,Personal,503968,15.86,8398.21,399422.87,Active,2025-01-25,2035-01-25
L001506,C07207,Auto,1209382,10.02,15995.47,982943.53,Active,2026-07-01,2036-07-01
L001507,C09812,Education,2500025,9.22,25685.15,1615082.05,Active,2020-02-13,2035-02-13
L001508,C05705,Home,2646106,7.94,32020.74,2200070.97,Active,2022-04-21,2032-04-21
L001509,C09146,Home,1733020,8.64,35672.61,0.0,Closed,2024-07-08,2029-07-08
L001510,C06324,Home,2604099,9.68,27476.2,873001.5,Active,2026-05-03,2041-05-03
L001511,C08951,Home,2963393,9.6,31123.55,1406939.4,Active,2026-07-02,2041-07-02
L001512,C01400,Auto,658083,9.77,6250.69,220945.12,Active,2022-04-03,2042-04-03
L001513,C06399,Personal,1215018,14.64,15676.99,985014.43,Active,2023-10-22,2043-10-22
L001514,C04184,Personal,1177024,15.85,19606.81,591698.74,Active,2026-01-01,2036-01-01
L001515,C05725,Personal,1440485,17.81,25779.47,874704.81,Active,2024-09-07,2034-09-07
L001516,C00819,Auto,2141131,12.44,24235.75,1513616.72,Active,2024-06-18,2044-06-18
L001517,C01876,Home,4513468,10.14,59996.27,1351580.42,Active,2026-01-29,2036-01-29
L001518,C08511,Auto,2005046,11.58,44176.76,1696900.01,Active,2025-03-21,2030-03-21
L001519,C00248,Personal,296363,11.74,6553.56,207425.77,Active,2025-02-15,2030-02-15
L001520,C09785,Auto,344856,12.35,3881.64,85279.79,Active,2022-09-14,2042-09-14
L001521,C00923,Personal,1143973,14.36,26832.24,536065.03,Active,2022-02-10,2027-02-10
L001522,C01915,Auto,330577,11.36,3832.39,126515.72,Active,2025-04-30,2040-04-30
L001523,C05597,Auto,477653,10.93,6560.76,135007.95,Active,2025-12-20,2035-12-20
L001524,C00989,Personal,572003,11.81,6795.23,0.0,Closed,2024-01-04,2039-01-04
L001525,C00109,Personal,206758,13.67,2521.67,45732.83,Active,2026-07-21,2046-07-21
L001526,C00908,Home,1544503,8.25,31502.07,867721.43,Active,2021-04-23,2026-04-23
L001527,C08755,Home,1509371,9.71,14276.95,1036373.58,Active,2025-07-09,2045-07-09
L001528,C09148,Auto,2462285,11.8,54523.64,0.0,Closed,2024-10-14,2029-10-14
L001529,C09559,Home,3279122,8.96,33181.06,1894520.23,Active,2026-07-14,2041-07-14
L001530,C01453,Education,649478,8.02,7886.83,580500.44,Active,2023-06-22,2033-06-22
L001531,C09891,Personal,514280,11.14,7125.02,134136.37,Active,2023-05-30,2033-05-30
L001532,C02765,Personal,1477060,12.38,16656.69,1019910.72,Active,2023-08-03,2043-08-03
L001533,C07097,Personal,482063,14.52,6589.12,285863.14,Active,2026-05-27,2041-05-27
L001534,C01430,Home,1839391,7.92,15293.95,517782.34,Active,2025-03-07,2045-03-07
L001535,C00237,Personal,332082,11.92,7373.56,200996.27,Active,2024-01-24,2029-01-24
L001536,C03891,Home,1516570,7.98,18384.16,0.0,Closed,2025-04-21,2035-04-21
L001537,C04469,Auto,1414844,8.98,12711.53,481225.15,Active,2026-03-04,2046-03-04
L001538,C08046,Home,4225355,9.75,40078.2,1071157.6,Active,2024-06-05,2044-06-05
L001539,C01359,Auto,1115474,9.03,23171.65,0.0,Closed,2023-05-24,2028-05-24
L001540,C00669,Home,2943346,9.0,37285.06,939265.76,Active,2026-01-29,2036-01-29
L001541,C05002,Home,2126090,9.71,20110.41,1493458.4,Active,2025-09-01,2045-09-01
L001542,C03716,Personal,999577,12.36,14549.82,768872.46,Active,2022-12-18,2032-12-18
L001543,C04053,Education,682428,10.59,9242.77,409176.15,Active,2020-06-17,2030-06-17
L001544,C08684,Personal,316142,15.76,5248.61,95345.16,Active,2020-08-29,2030-08-29
L001545,C01628,Auto,611901,9.42,7891.07,433407.55,Active,2026-06-16,2036-06-16
L001546,C04195,Home,1501197,8.78,18838.25,1297531.47,Active,2024-03-09,2034-03-09
L001547,C07994,Home,1821331,9.6,23667.41,1095980.28,Active,2021-11-10,2031-11-10
L001548,C05152,Personal,995636,15.33,14160.52,642679.75,Active,2026-03-22,2041-03-22
L001549,C02379,Auto,2053530,9.49,43117.92,1847406.62,Active,2020-10-23,2025-10-23
L001550,C05713,Auto,1649054,9.35,15210.18,784017.53,Active,2024-11-20,2044-11-20
L001551,C04847,Personal,629033,17.61,9954.08,517021.08,Active,2026-06-12,2041-06-12
L001552,C06606,Auto,846551,9.82,9004.09,412915.62,Active,2023-05-13,2038-05-13
L001553,C08859,Personal,599651,15.38,9814.48,503070.12,Active,2025-10-29,2035-10-29
L001554,C06707,Home,2004802,7.62,23923.1,1178745.67,Active,2021-08-25,2031-08-25
L001555,C04628,Home,2219109,8.4,19117.72,0.0,Closed,2025-09-23,2045-09-23
L001556,C08850,Personal,422274,10.83,5776.26,169702.55,Active,2022-10-21,2032-10-21
L001557,C07546,Auto,1756847,12.08,19442.47,1436749.03,Active,2023-07-20,2043-07-20
L001558,C09170,Personal,1112548,13.64,25679.87,787790.73,Active,2025-04-14,2030-04-14
L001559,C08654,Auto,907453,8.68,18696.61,0.0,Closed,2026-03-29,2031-03-29
L001560,C02808,Auto,1853392,11.76,20098.19,539005.31,Active,2026-06-06,2046-06-06
L001561,C02302,Auto,994233,10.25,9759.82,623212.26,Active,2025-02-17,2045-02-17
L001562,C01156,Personal,533952,11.88,7623.67,259244.95,Active,2022-06-19,2032-06-19
L001563,C07553,Education,2350820,9.37,24363.77,1753158.27,Active,2023-05-09,2038-05-09
L001564,C04554,Personal,1257944,11.39,17607.05,922385.25,Active,2024-07-06,2034-07-06
L001565,C02285,Home,2121341,10.33,23226.21,0.0,Closed,2025-02-16,2040-02-16
L001566,C06530,Home,1608045,9.43,20746.13,0.0,Closed,2020-05-10,2030-05-10
L001567,C03547,Home,1987314,7.5,18422.65,436110.02,Active,2026-07-22,2041-07-22
L001568,C06364,Education,1679460,10.65,18721.21,1031457.12,Active,2024-12-03,2039-12-03
L001569,C07185,Auto,1661618,12.44,37332.29,0.0,Closed,2026-03-21,2031-03-21
L001570,C02972,Personal,686552,11.83,15213.06,147516.91,Active,2025-03-27,2030-03-27
L001571,C08119,Personal,1323187,11.3,13928.96,0.0,Closed,2025-07-20,2045-07-20
L001572,C04858,Personal,1413298,15.26,23026.99,0.0,Closed,2024-12-23,2034-12-23
L001573,C05409,Education,1327401,8.61,11612.08,979348.23,Active,2026-01-09,2046-01-09
L001574,C03004,Personal,873094,11.61,9377.2,674849.73,Active,2025-02-11,2045-02-11
L001575,C04575,Education,938661,8.57,8187.55,0.0,Closed,2026-07-25,2046-07-25
L001576,C08548,Education,1382979,8.06,16823.23,0.0,Closed,2026-03-28,2036-03-28
L001577,C00763,Auto,1087891,8.78,22466.85,632590.22,Active,2024-07-13,2029-07-13
L001578,C01887,Personal,944112,11.25,13139.11,315715.86,Active,2022-09-08,2032-09-08
L001579,C02114,Personal,892461,13.38,20480.26,0.0,Closed,2025-11-21,2030-11-21
L001580,C09465,Home,4203153,10.3,56245.58,3536882.29,Active,2025-06-27,2035-06-27
L001581,C05764,Personal,1415720,15.0,33679.88,0.0,Closed,2026-05-02,2031-05-02
L001582,C02253,Personal,809655,16.9,20078.5,456404.3,Active,2025-12-03,2030-12-03
L001583,C00580,Auto,2163639,11.76,25634.17,1713257.36,Active,2025-04-22,2040-04-22
L001584,C01663,Education,1321794,9.88,28006.23,1148416.8,Active,2022-07-18,2027-07-18
L001585,C09613,Personal,315096,14.34,3996.33,82392.29,Active,2025-04-29,2045-04-29
L001586,C05394,Home,5083071,8.66,50532.88,3771033.42,Active,2024-03-01,2039-03-01
L001587,C09316,Home,1903433,9.56,40031.47,392987.27,Active,2022-04-30,2027-04-30
L001588,C07674,Home,2091007,8.57,20676.86,530438.87,Active,2025-01-10,2040-01-10
L001589,C05074,Home,1863619,9.31,23921.33,1240441.87,Active,2026-07-24,2036-07-24
L001590,C02443,Home,5067209,7.95,48278.74,3542466.11,Active,2023-06-14,2038-06-14
L001591,C01281,Auto,1437047,12.16,17395.18,0.0,Closed,2026-05-25,2041-05-25
L001592,C03264,Auto,620316,11.66,8778.24,0.0,Closed,2025-08-24,2035-08-24
L001593,C00345,Home,1809917,8.67,15902.16,0.0,Closed,2025-11-03,2045-11-03
L001594,C00671,Personal,996434,17.7,15832.18,671459.62,Active,2023-09-27,2038-09-27
L001595,C07991,Personal,907440,13.14,10721.98,376229.54,Active,2023-07-19,2043-07-19
L001596,C08333,Home,3164093,9.41,40786.84,0.0,Closed,2026-03-14,2036-03-14
L001597,C08426,Personal,615706,13.37,7376.36,341827.05,Active,2025-11-22,2045-11-22
L001598,C03915,Personal,582585,13.38,6983.74,207624.68,Active,2020-04-03,2040-04-03
L001599,C06948,Auto,1219953,11.31,17019.64,924363.55,Active,2023-06-22,2033-06-22
L001600,C09797,Auto,1820009,10.73,24793.27,0.0,Closed,2025-07-20,2035-07-20
L001601,C01976,Personal,832634,13.21,12535.46,665359.35,Active,2023-01-04,2033-01-04
L001602,C01920,Auto,2066124,9.47,26701.22,1660211.38,Active,2026-01-28,2036-01-28
L001603,C01747,Auto,900106,10.01,19129.02,542497.38,Active,2022-05-12,2027-05-12
L001604,C02085,Home,1611159,9.49,33829.46,780207.04,Active,2025-01-31,2030-01-31
L001605,C07370,Home,2116087,8.6,43516.82,1885995.57,Active,2023-02-04,2028-02-04
L001606,C04112,Home,8487624,7.95,102754.19,6806406.65,Active,2026-01-31,2036-01-31
L001607,C05365,Personal,728113,14.03,9711.26,326636.58,Active,2021-12-18,2036-12-18
L001608,C08319,Home,3366744,7.97,68217.1,2620989.52,Active,2023-08-13,2028-08-13
L001609,C03733,Personal,931291,16.75,13483.41,297395.9,Active,2024-11-29,2044-11-29
L001610,C09876,Auto,1352502,9.72,17664.37,1068800.58,Active,2023-09-20,2033-09-20
L001611,C03783,Auto,2487333,10.01,32884.06,1541445.79,Active,2026-04-28,2036-04-28
L001612,C07343,Home,4790775,8.05,97254.32,0.0,Closed,2025-05-02,2030-05-02
L001613,C02216,Personal,756806,15.4,10189.93,0.0,Closed,2026-06-27,2046-06-27
L001614,C09378,Education,1758092,9.94,23174.94,1453801.36,Active,2026-05-21,2036-05-21
L001615,C04069,Personal,803535,10.71,8987.16,663297.91,Active,2023-11-24,2038-11-24
L001616,C03228,Personal,123020,16.17,1821.4,93346.57,Active,2020-06-14,2035-06-14
L001617,C04031,Auto,1308038,9.58,27522.4,453682.53,Active,2023-02-05,2028-02-05
L001618,C08162,Personal,759722,11.2,8730.63,494081.86,Active,2024-08-06,2039-08-06
L001619,C02380,Personal,934952,14.25,12608.57,0.0,Closed,2024-11-07,2039-11-07
L001620,C09974,Home,1635808,9.61,34443.01,445663.09,Active,2026-05-17,2031-05-17
L001621,C08564,Auto,1353141,11.73,19203.03,463791.1,Active,2025-03-20,2035-03-20
L001622,C07649,Personal,178450,12.68,2630.88,150767.59,Active,2025-07-29,2035-07-29
L001623,C03999,Personal,585637,17.13,10226.53,0.0,Closed,2023-11-12,2033-11-12
L001624,C00869,Home,5707892,9.05,58063.14,4612899.69,Active,2020-12-16,2035-12-16
L001625,C05835,Personal,1407512,16.92,20559.81,564505.58,Active,2024-09-27,2044-09-27
L001626,C06107,Auto,801451,9.34,16769.37,0.0,Closed,2025-09-10,2030-09-10
L001627,C03893,Personal,1143380,11.23,24991.2,332357.43,Active,2025-02-19,2030-02-19
L001628,C05348,Personal,282803,14.24,3566.12,69615.02,Active,2025-12-21,2045-12-21
L001629,C07824,Home,6199588,9.23,63731.41,4802012.54,Active,2022-06-09,2037-06-09
L001630,C01898,Home,1770473,10.46,19526.91,0.0,Closed,2022-07-28,2037-07-28
L001631,C09928,Home,2089078,10.32,20604.96,624002.84,Active,2024-04-10,2044-04-10
L001632,C08247,Home,1770499,8.82,17768.49,747963.9,Active,2023-01-12,2038-01-12
L001633,C09675,Personal,651189,17.08,16211.75,292574.82,Active,2025-12-06,2030-12-06
L001634,C06009,Home,2013418,9.6,42383.99,1663669.97,Active,2023-12-13,2028-12-13
L001635,C03419,Home,3891314,8.7,80211.88,1121043.9,Active,2024-09-28,2029-09-28
L001636,C01033,Personal,831775,13.99,10337.25,643634.69,Active,2025-03-06,2045-03-06
L001637,C07536,Home,2332453,9.8,30565.8,1993943.93,Active,2025-01-12,2035-01-12
L001638,C08761,Home,1658431,8.96,14878.7,964866.78,Active,2024-03-16,2044-03-16
L001639,C00670,Personal,1085593,11.59,15318.89,953230.69,Active,2024-05-22,2034-05-22
L001640,C01263,Personal,897515,10.97,10184.23,0.0,Closed,2025-06-07,2040-06-07
L001641,C00300,Auto,1195151,8.72,24647.27,0.0,Closed,2025-02-18,2030-02-18
L001642,C05488,Personal,665912,12.39,9704.63,567036.5,Active,2025-09-19,2035-09-19
L001643,C09794,Home,2125657,10.12,20682.34,0.0,Closed,2025-11-26,2045-11-26
L001644,C00355,Personal,644100,11.88,14288.62,173166.79,Active,2025-12-11,2030-12-11
L001645,C09375,Education,1445309,8.49,14224.06,0.0,Closed,2026-06-17,2041-06-17
L001646,C00070,Personal,1223038,15.67,20236.68,0.0,Closed,2023-02-26,2033-02-26
L001647,C02364,Personal,1296041,13.42,29768.32,355574.68,Active,2023-08-01,2028-08-01
L001648,C03081,Home,3926274,8.47,38594.56,1069710.29,Active,2025-06-28,2040-06-28
L001649,C07179,Auto,2394826,11.96,53223.19,0.0,Closed,2026-02-11,2031-02-11
L001650,C09359,Personal,651137,14.41,15289.58,0.0,Closed,2020-09-16,2025-09-16
L001651,C05544,Home,2027296,9.4,42477.99,766327.46,Active,2019-11-21,2024-11-21
L001652,C05976,Home,4286712,9.3,55000.68,1000245.02,Active,2023-05-13,2033-05-13
L001653,C00123,Auto,360276,9.98,3867.14,98118.13,Active,2024-08-22,2039-08-22
L001654,C05828,Personal,361609,15.74,4960.5,236416.25,Active,2026-07-17,2046-07-17
L001655,C03455,Auto,2086140,10.59,23176.7,1620785.45,Active,2023-08-10,2038-08-10
L001656,C05647,Personal,470976,14.65,7497.86,298083.38,Active,2026-03-27,2036-03-27
L001657,C04976,Home,1860998,9.54,19477.94,453095.19,Active,2021-08-05,2036-08-05
L001658,C03737,Auto,716180,12.48,16105.29,636326.97,Active,2026-05-28,2031-05-28
L001659,C03831,Home,1934845,8.99,40154.81,1059611.94,Active,2025-01-04,2030-01-04
L001660,C00647,Auto,1515947,11.91,21670.64,881915.94,Active,2023-12-25,2033-12-25
L001661,C03467,Home,1910119,10.07,40650.21,657795.6,Active,2025-08-10,2030-08-10
L001662,C08095,Personal,1452368,15.78,19966.82,926246.73,Active,2020-04-25,2040-04-25
L001663,C08397,Personal,694761,12.51,8567.6,186285.47,Active,2019-06-16,2034-06-16
L001664,C01684,Auto,1313152,8.52,11412.47,1157710.56,Active,2026-07-02,2046-07-02
L001665,C09142,Personal,1188344,16.65,17994.71,271640.69,Active,2025-04-09,2040-04-09
L001666,C00417,Home,5557252,9.17,50609.24,2494627.91,Active,2023-12-06,2043-12-06
L001667,C08887,Auto,2099786,9.02,18919.34,0.0,Closed,2020-02-01,2040-02-01
L001668,C09337,Personal,767156,14.38,9752.19,309150.52,Active,2025-03-29,2045-03-29
L001669,C07609,Personal,348245,15.24,4647.53,0.0,Closed,2024-12-10,2044-12-10
L001670,C06144,Personal,645742,16.78,11132.99,0.0,Closed,2026-04-01,2036-04-01
L001671,C00844,Personal,295591,10.69,6381.26,143272.45,Active,2026-06-08,2031-06-08
L001672,C00520,Home,4467788,9.13,93026.07,3941916.34,Active,2026-01-06,2031-01-06
L001673,C05677,Home,2451490,9.4,25451.34,1086583.95,Active,2026-07-27,2041-07-27
L001674,C04248,Home,2312977,9.11,29437.69,774920.9,Active,2026-01-11,2036-01-11
L001675,C08194,Home,2592531,9.48,27040.57,2072369.03,Active,2019-10-06,2034-10-06
L001676,C01822,Education,416885,8.33,8518.92,292768.28,Active,2023-04-22,2028-04-22
L001677,C09869,Auto,689135,8.81,6911.99,0.0,Closed,2025-06-29,2040-06-29
L001678,C07149,Personal,311123,14.18,7268.35,174054.0,Active,2024-02-26,2029-02-26
L001679,C06911,Personal,541022,15.66,7389.34,0.0,Closed,2025-06-16,2045-06-16
L001680,C03184,Personal,1045560,16.56,17881.12,279638.45,Active,2023-02-28,2033-02-28
L001681,C08612,Auto,431912,8.97,4373.03,0.0,Closed,2026-07-25,2041-07-25
L001682,C08387,Auto,1587661,10.9,34440.47,604600.71,Active,2024-07-05,2029-07-05
L001683,C06393,Auto,1108851,10.92,24064.89,407311.26,Active,2025-03-16,2030-03-16
L001684,C09291,Education,1730462,8.34,21307.46,1389568.75,Active,2024-08-04,2034-08-04
L001685,C03031,Home,2030916,8.3,17368.53,1697076.28,Active,2025-12-31,2045-12-31
L001686,C07236,Personal,1467184,12.71,16886.96,348541.34,Active,2023-09-05,2043-09-05
L001687,C01461,Home,5695866,8.02,54498.45,0.0,Closed,2026-08-05,2041-08-05
L001688,C01691,Home,4826725,9.8,51279.26,3648607.04,Active,2025-07-14,2040-07-14
L001689,C07088,Home,2409055,10.15,23487.82,1710015.3,Active,2025-07-11,2045-07-11
L001690,C02136,Home,1725567,9.32,15882.27,1126724.75,Active,2026-03-13,2046-03-13
L001691,C07319,Auto,569552,10.3,12185.54,0.0,Closed,2022-10-08,2027-10-08
L001692,C07520,Personal,959430,12.7,11950.34,786487.98,Active,2023-01-02,2038-01-02
L001693,C00771,Auto,2100978,11.66,24757.53,1574412.16,Active,2021-11-18,2036-11-18
L001694,C07134,Home,1804170,9.84,38191.4,754495.43,Active,2022-02-14,2027-02-14
L001695,C02043,Home,1948313,8.9,19645.35,0.0,Closed,2026-06-30,2041-06-30
L001696,C06234,Auto,1917285,9.63,24945.87,1587427.36,Active,2026-02-27,2036-02-27
L001697,C03865,Personal,1374867,17.6,34614.11,615405.48,Active,2025-11-04,2030-11-04
L001698,C02082,Personal,1012692,12.88,12733.15,876219.78,Active,2025-11-26,2040-11-26
L001699,C08321,Auto,496259,12.46,5624.21,289344.02,Active,2025-01-30,2045-01-30
L001700,C00101,Personal,1339775,13.37,30738.36,602139.6,Active,2025-11-13,2030-11-13
L001701,C07372,Auto,319490,12.15,3865.3,71310.97,Active,2022-03-21,2037-03-21
L001702,C04377,Home,5975045,10.25,127688.29,5309481.13,Active,2023-12-06,2028-12-06
L001703,C06339,Personal,970483,15.92,14199.4,638502.96,Active,2025-08-13,2040-08-13
L001704,C04690,Personal,756774,14.2,17687.37,312154.25,Active,2026-02-09,2031-02-09
L001705,C03796,Personal,1444478,17.75,36484.08,0.0,Closed,2025-09-06,2030-09-06
L001706,C08158,Auto,730937,8.62,15038.6,0.0,Closed,2024-09-27,2029-09-27
L001707,C05130,Home,4208337,10.08,40834.67,3528220.49,Active,2025-11-26,2045-11-26
L001708,C00501,Personal,873596,16.62,21533.01,0.0,Closed,2025-09-17,2030-09-17
L001709,C08676,Auto,1389209,12.03,30923.25,329240.58,Active,2024-01-03,2029-01-03
L001710,C04526,Education,1581305,10.06,15322.85,1234624.37,Active,2021-07-30,2041-07-30
L001711,C04227,Home,2466144,7.86,23368.87,0.0,Closed,2024-07-21,2039-07-21
L001712,C05607,Home,2366740,9.41,49601.92,1731586.48,Active,2025-05-30,2030-05-30
L001713,C08222,Personal,1127822,17.82,18016.81,0.0,Closed,2023-08-09,2038-08-09
L001714,C04037,Personal,292517,12.48,3601.53,190982.36,Active,2022-05-31,2037-05-31
L001715,C04796,Home,5566398,9.48,71966.89,4716959.64,Active,2026-05-23,2036-05-23
L001716,C00352,Personal,545593,10.6,7392.54,343973.39,Active,2024-05-13,2034-05-13
L001717,C07364,Personal,813975,12.06,9800.51,0.0,Closed,2019-10-03,2034-10-03
L001718,C09961,Education,2104306,9.97,44679.23,0.0,Closed,2023-06-14,2028-06-14
L001719,C04716,Education,962616,9.16,8760.21,0.0,Closed,2025-08-08,2045-08-08
L001720,C09754,Personal,939290,11.91,11218.73,394139.05,Active,2025-07-26,2040-07-26
L001721,C06125,Auto,1510564,11.09,20885.05,1246183.02,Active,2025-02-13,2035-02-13
L001722,C02004,Home,1508696,10.18,20088.21,854874.98,Active,2025-03-21,2035-03-21
L001723,C07300,Personal,838106,12.49,18851.39,629881.73,Active,2023-01-02,2028-01-02
L001724,C09478,Education,2007109,9.52,42172.64,1286865.01,Active,2023-10-30,2028-10-30
L001725,C03502,Home,1901103,9.7,17969.8,1458878.41,Active,2023-03-12,2043-03-12
L001726,C01425,Personal,678658,14.47,8671.89,558922.92,Active,2022-10-10,2042-10-10
L001727,C02427,Education,1244147,10.88,17053.72,340223.29,Active,2023-05-22,2033-05-22
L001728,C02842,Personal,600730,10.99,13058.33,169513.87,Active,2023-12-16,2028-12-16
L001729,C02348,Auto,1148422,10.07,24440.15,371114.8,Active,2021-12-02,2026-12-02
L001730,C01911,Personal,1138450,12.04,16359.79,795099.42,Active,2025-11-27,2035-11-27
L001731,C08081,Personal,106515,11.21,1114.7,32295.91,Active,2023-10-07,2043-10-07
L001732,C07608,Auto,657003,9.76,13881.91,438543.77,Active,2026-07-24,2031-07-24
L001733,C03503,Personal,126706,15.5,1715.45,98290.84,Active,2020-06-02,2040-06-02
L001734,C00526,Home,2791460,8.01,56614.1,617808.52,Active,2026-06-08,2031-06-08
L001735,C07195,Personal,1124054,17.05,16530.38,367286.32,Active,2026-08-03,2046-08-03
L001736,C01599,Auto,909555,11.84,12965.48,0.0,Closed,2026-03-17,2036-03-17
L001737,C07194,Personal,309699,12.78,3873.72,119429.07,Active,2025-12-08,2040-12-08
L001738,C06598,Auto,1379360,11.15,15807.93,1228330.1,Active,2023-03-19,2038-03-19
L001739,C03234,Home,2899802,10.17,28311.11,1217775.01,Active,2025-06-19,2045-06-19
L001740,C06372,Home,1543468,7.94,12852.61,0.0,Closed,2024-10-22,2044-10-22
L001741,C09477,Personal,397026,13.18,9070.19,151382.56,Active,2025-09-07,2030-09-07
L001742,C09126,Auto,1807516,9.33,37811.21,418674.78,Active,2026-02-23,2031-02-23
L001743,C06494,Auto,1448920,12.01,15963.96,0.0,Closed,2025-11-17,2045-11-17
L001744,C07751,Auto,1033802,9.56,10832.68,0.0,Closed,2025-11-04,2040-11-04
L001745,C05161,Personal,975129,17.59,15416.89,849561.65,Active,2026-03-14,2041-03-14
L001746,C06662,Personal,819898,16.76,20270.92,476754.8,Active,2026-07-29,2031-07-29
L001747,C02268,Home,7321657,8.37,149756.68,3076057.35,Active,2024-02-25,2029-02-25
L001748,C00452,Personal,415050,14.42,5645.0,180536.7,Active,2021-03-10,2036-03-10
L001749,C03977,Personal,704524,10.98,7998.75,613874.89,Active,2025-04-14,2040-04-14
L001750,C08057,Home,2743761,7.87,22728.43,1642892.8,Active,2026-04-28,2046-04-28
L001751,C05795,Personal,101345,10.87,1388.58,71115.22,Active,2026-06-16,2036-06-16
L001752,C03692,Auto,1695289,12.33,24646.97,0.0,Closed,2023-01-04,2033-01-04
L001753,C06081,Personal,399146,17.97,7184.31,102667.58,Active,2026-07-26,2036-07-26
L001754,C02288,Education,334791,9.42,3479.83,142302.85,Active,2025-02-26,2040-02-26
L001755,C07571,Home,2337001,10.4,50115.57,0.0,Closed,2023-09-16,2028-09-16
L001756,C05655,Auto,1603320,9.19,14621.98,1081061.07,Active,2026-01-23,2046-01-23
L001757,C05108,Personal,518395,12.38,5845.9,357307.08,Active,2023-05-05,2043-05-05
L001758,C04836,Home,3876765,10.28,38133.63,2468816.37,Active,2024-07-10,2044-07-10
L001759,C05462,Auto,2132461,8.88,19022.04,1167158.55,Active,2020-02-07,2040-02-07
L001760,C09414,Auto,1799711,10.37,17811.07,408511.28,Active,2022-09-21,2042-09-21
L001761,C05919,Personal,1272117,10.7,12871.92,1019716.38,Active,2023-09-04,2043-09-04
L001762,C03514,Home,2517729,9.24,25897.19,1308492.25,Active,2023-05-14,2038-05-14
L001763,C06102,Personal,715185,10.9,7333.45,308205.07,Active,2025-12-30,2045-12-30
L001764,C01710,Personal,1186342,13.95,27573.36,843343.96,Active,2022-01-09,2027-01-09
L001765,C01010,Auto,748995,9.83,15851.35,0.0,Closed,2023-12-17,2028-12-17
L001766,C04602,Personal,794802,16.98,19744.33,340104.44,Active,2023-08-11,2028-08-11
L001767,C02168,Home,1722383,9.6,22381.63,383927.91,Active,2024-09-29,2034-09-29
L001768,C06511,Home,2798350,8.4,27392.67,683995.52,Active,2025-01-01,2040-01-01
L001769,C07689,Home,4115836,9.56,86560.95,3263382.74,Active,2024-07-13,2029-07-13
L001770,C03757,Auto,2480293,8.89,31271.84,2189455.16,Active,2024-07-12,2034-07-12
L001771,C09485,Personal,919386,10.92,19953.02,516139.93,Active,2026-02-25,2031-02-25
L001772,C09687,Personal,592679,16.81,9041.67,0.0,Closed,2025-02-15,2040-02-15
L001773,C02126,Personal,1480260,15.13,19634.24,1309792.5,Active,2024-10-03,2044-10-03
L001774,C08017,Personal,1478804,12.31,21482.39,1030688.93,Active,2024-12-11,2034-12-11
L001775,C07377,Personal,1334727,14.2,17954.82,549431.17,Active,2022-06-15,2037-06-15
L001776,C06111,Home,2374295,9.94,31297.65,1377191.78,Active,2024-11-29,2034-11-29
L001777,C05963,Personal,123109,14.85,2919.07,33823.62,Active,2026-07-16,2031-07-16
L001778,C05772,Personal,189405,17.31,2956.67,0.0,Closed,2025-09-15,2040-09-15
L001779,C09817,Personal,1061229,12.58,15583.48,319336.86,Active,2025-03-30,2035-03-30
L001780,C02278,Personal,831558,17.27,12368.33,646829.21,Active,2026-05-12,2046-05-12
L001781,C01140,Education,2951184,10.16,32003.07,882212.99,Active,2025-02-11,2040-02-11
L001782,C00385,Home,2770580,10.27,59235.39,0.0,Closed,2024-09-14,2029-09-14
L001783,C08367,Personal,889625,17.72,15869.71,223128.12,Active,2020-12-11,2030-12-11
L001784,C05066,Home,1637739,8.28,15916.96,808212.24,Active,2020-07-31,2035-07-31
L001785,C07787,Auto,1993550,8.77,41160.64,0.0,Closed,2024-10-10,2029-10-10
L001786,C05945,Home,1904919,9.5,17756.34,0.0,Closed,2023-06-27,2043-06-27
L001787,C03473,Personal,585563,17.86,10498.26,165990.25,Active,2026-05-21,2036-05-21
L001788,C07549,Home,7943851,9.77,75453.31,0.0,Closed,2025-05-09,2045-05-09
L001789,C02745,Education,1250605,8.34,25561.75,797854.13,Active,2026-05-08,2031-05-08
L001790,C05188,Auto,423561,12.19,5135.33,247928.58,Active,2023-10-21,2038-10-21
L001791,C00276,Home,3906606,9.17,49847.37,2319506.69,Active,2026-05-03,2036-05-03
L001792,C08183,Home,1921931,9.73,18204.56,0.0,Closed,2023-04-14,2043-04-14
L001793,C00133,Home,1701636,7.76,34307.92,735003.34,Active,2019-02-18,2024-02-18
L001794,C03987,Personal,394781,17.2,6131.74,0.0,Closed,2022-12-28,2037-12-28
L001795,C09698,Personal,250921,13.06,2950.46,189387.05,Active,2026-01-23,2046-01-23
L001796,C01338,Home,2550359,8.56,31702.7,0.0,Closed,2026-03-23,2036-03-23
L001797,C04048,Personal,1411707,13.32,32352.4,1144845.43,Active,2023-07-21,2028-07-21
L001798,C01382,Auto,723259,8.97,9150.2,377268.81,Active,2025-08-13,2035-08-13
L001799,C03221,Home,2107956,10.27,23001.66,1369046.52,Active,2023-03-20,2038-03-20
L001800,C08465,Auto,962125,12.37,21582.27,703333.69,Active,2025-02-13,2030-02-13
L001801,C01797,Personal,1381878,14.25,17435.42,715592.9,Active,2020-01-24,2040-01-24
L001802,C03816,Auto,2275427,12.25,27675.99,1996477.15,Active,2025-02-10,2040-02-10
L001803,C09582,Personal,520502,13.01,11845.68,269119.76,Active,2025-01-17,2030-01-17
L001804,C01930,Personal,1491116,17.34,37331.22,1265900.33,Active,2024-06-09,2029-06-09
L001805,C04639,Home,2448252,9.33,51214.69,2082154.68,Active,2025-10-20,2030-10-20
L001806,C07083,Personal,1384364,17.47,20802.1,0.0,Closed,2024-11-27,2044-11-27
L001807,C08614,Home,1543768,7.81,12730.75,686612.62,Active,2026-02-09,2046-02-09
L001808,C02581,Home,2772628,9.84,36395.27,2387927.02,Active,2021-12-27,2031-12-27
L001809,C01777,Personal,511407,14.51,6549.75,196100.8,Active,2025-05-16,2045-05-16
L001810,C02687,Auto,518692,10.05,5022.69,310798.66,Active,2025-06-19,2045-06-19
L001811,C04640,Home,2077851,7.85,41982.32,0.0,Closed,2026-08-04,2031-08-04
L001812,C08403,Auto,1842281,9.91,19695.93,1583356.23,Active,2023-08-27,2038-08-27
L001813,C06536,Personal,1334420,10.58,13394.37,371189.29,Active,2022-05-20,2042-05-20
L001814,C05197,Personal,1291284,10.84,27972.72,0.0,Closed,2024-11-18,2029-11-18
L001815,C07716,Personal,219293,11.07,3029.46,153983.78,Active,2023-02-24,2033-02-24
L001816,C04978,Personal,1363357,15.41,22339.28,0.0,Closed,2025-10-27,2035-10-27
L001817,C09851,Personal,934286,14.09,21782.82,790906.26,Active,2024-06-14,2029-06-14
L001818,C07375,Auto,1163443,10.48,12846.26,0.0,Closed,2025-01-03,2040-01-03
L001819,C07233,Home,1965087,9.64,20686.25,0.0,Closed,2024-09-08,2039-09-08
L001820,C01820,Home,1842697,8.23,17855.31,960057.26,Active,2021-02-01,2036-02-01
L001821,C06403,Personal,826947,17.25,12287.12,626421.9,Active,2025-07-20,2045-07-20
L001822,C03560,Home,1773151,8.19,21691.64,696072.54,Active,2026-01-23,2036-01-23
L001823,C05201,Home,1575219,10.43,15652.67,917353.85,Active,2026-07-26,2046-07-26
L001824,C07170,Home,3592569,10.01,38627.91,2267185.29,Active,2025-12-13,2040-12-13
L001825,C03722,Auto,654390,8.74,5778.74,193738.07,Active,2024-02-03,2044-02-03
L001826,C03471,Personal,193146,12.18,2150.99,115547.76,Active,2024-10-05,2044-10-05
L001827,C03820,Home,1659985,7.59,15473.29,0.0,Closed,2026-05-01,2041-05-01
L001828,C03156,Home,2910201,10.27,31755.62,0.0,Closed,2022-03-29,2037-03-29
L001829,C01854,Personal,157346,13.06,1850.16,0.0,Closed,2024-09-05,2044-09-05
L001830,C00321,Home,2271137,9.76,47987.19,529784.69,Active,2026-01-07,2031-01-07
L001831,C00002,Auto,1505520,11.93,16503.66,597007.73,Active,2026-01-25,2046-01-25
L001832,C01778,Personal,645470,11.72,6981.59,132431.63,Active,2024-06-20,2044-06-20
L001833,C09404,Home,2451805,7.55,22798.25,1777674.27,Active,2020-09-21,2035-09-21
L001834,C05661,Personal,807856,14.78,19125.67,522532.24,Active,2026-03-05,2031-03-05
L001835,C04514,Personal,1469505,16.58,36189.95,737825.6,Active,2026-06-29,2031-06-29
L001836,C03788,Home,5937867,10.04,57459.15,3515594.34,Active,2026-08-05,2046-08-05
L001837,C03601,Auto,1804596,10.42,24269.55,892013.2,Active,2024-06-15,2034-06-15
L001838,C09962,Home,4059903,9.15,84572.78,2920674.44,Active,2023-12-24,2028-12-24
L001839,C01038,Personal,644296,17.02,11205.88,501167.76,Active,2023-06-25,2033-06-25
L001840,C00017,Auto,987842,8.7,20362.45,761647.08,Active,2025-02-06,2030-02-06
L001841,C00389,Personal,1023394,14.85,24265.97,757755.0,Active,2026-04-24,2031-04-24
L001842,C06918,Home,2586554,10.43,55505.48,775337.11,Active,2025-06-12,2030-06-12
L001843,C04120,Personal,193812,15.0,2712.57,105655.34,Active,2026-05-11,2041-05-11
L001844,C00398,Home,1581212,8.21,15303.2,505360.89,Active,2026-06-29,2041-06-29
L001845,C00010,Personal,249722,15.31,3548.25,167668.75,Active,2022-07-28,2037-07-28
L001846,C07762,Home,4310064,10.43,47456.53,941960.87,Active,2025-03-23,2040-03-23
L001847,C03420,Auto,972400,9.97,10431.62,0.0,Closed,2026-07-10,2041-07-10
L001848,C02911,Home,1607102,7.82,19346.06,0.0,Closed,2026-05-15,2036-05-15
L001849,C01288,Personal,1165735,16.38,17431.0,0.0,Closed,2026-07-01,2041-07-01
L001850,C04023,Home,1568366,9.47,20268.52,316065.59,Active,2020-11-09,2030-11-09
L001851,C07586,Home,1540533,10.38,20683.81,310465.04,Active,2026-04-18,2036-04-18
L001852,C04686,Personal,976777,14.54,23002.27,0.0,Closed,2026-01-29,2031-01-29
L001853,C05699,Personal,207859,15.05,2744.75,158696.91,Active,2025-03-04,2045-03-04
L001854,C04902,Personal,611765,12.97,7728.24,415772.95,Active,2025-05-23,2040-05-23
L001855,C08018,Auto,1311022,10.28,12895.81,856898.1,Active,2023-10-24,2043-10-24
L001856,C00404,Auto,1819583,11.11,25178.19,1104131.77,Active,2019-01-08,2029-01-08
L001857,C00145,Personal,362733,17.44,6405.71,0.0,Closed,2025-01-25,2035-01-25
L001858,C08330,Home,3952641,9.5,41274.45,0.0,Closed,2023-10-03,2038-10-03
L001859,C09504,Home,1747388,7.74,14334.38,1391132.28,Active,2023-06-06,2043-06-06
L001860,C01352,Personal,515454,17.25,7658.83,420325.83,Active,2025-07-08,2045-07-08
L001861,C02817,Home,6152143,9.63,57869.32,4992595.91,Active,2026-02-09,2046-02-09
L001862,C01688,Personal,1004753,10.68,13659.1,0.0,Closed,2026-03-26,2036-03-26
L001863,C07570,Personal,1210042,17.39,18108.65,748263.04,Active,2025-11-13,2045-11-13
L001864,C01623,Auto,1530574,8.98,15505.9,716858.54,Active,2021-08-21,2036-08-21
L001865,C00766,Home,1879481,7.72,17658.82,0.0,Closed,2026-07-23,2041-07-23
L001866,C01740,Home,2822950,8.85,25127.12,1597862.44,Active,2022-12-05,2042-12-05
L001867,C01884,Home,3038896,9.67,64075.23,2718448.61,Active,2023-08-25,2028-08-25
L001868,C00041,Personal,1461900,13.9,19370.61,795175.6,Active,2024-12-01,2039-12-01
L001869,C03674,Personal,303211,12.24,3389.49,153154.32,Active,2022-12-13,2042-12-13
L001870,C07508,Auto,2431662,11.88,26571.54,1534749.74,Active,2024-10-12,2044-10-12
L001871,C02529,Personal,400304,10.81,5471.22,282302.64,Active,2026-03-09,2036-03-09
L001872,C02762,Auto,1618552,8.9,16320.29,1130574.41,Active,2026-07-30,2041-07-30
L001873,C02807,Auto,1237986,12.04,14889.79,0.0,Closed,2026-08-02,2041-08-02
L001874,C01729,Personal,1371231,16.15,23098.26,1098764.4,Active,2026-03-17,2036-03-17
L001875,C02689,Personal,1166817,16.16,28474.01,1017672.67,Active,2026-01-14,2031-01-14
L001876,C03688,Auto,1118445,8.53,22962.79,785946.66,Active,2024-02-13,2029-02-13
L001877,C05043,Home,3288881,9.7,42918.28,0.0,Closed,2026-05-27,2036-05-27
L001878,C01097,Personal,329879,15.87,7999.25,197074.28,Active,2023-08-05,2028-08-05
L001879,C03563,Personal,386928,17.95,9814.91,0.0,Closed,2024-03-30,2029-03-30
L001880,C07125,Home,4621726,9.88,97925.35,2519108.17,Active,2026-07-21,2031-07-21
L001881,C08927,Education,2845028,10.21,60742.83,1933575.06,Active,2025-10-24,2030-10-24
L001882,C04098,Auto,2117717,8.9,21353.5,1078512.61,Active,2021-02-06,2036-02-06
L001883,C06655,Auto,449468,12.3,10066.44,220041.39,Active,2023-08-22,2028-08-22
L001884,C09907,Home,1730906,9.52,18095.44,970769.94,Active,2026-04-17,2041-04-17
L001885,C06073,Home,2541710,8.35,31310.03,2129703.39,Active,2022-08-20,2032-08-20
L001886,C00234,Personal,549187,10.52,11809.61,259297.53,Active,2026-07-04,2031-07-04
L001887,C08695,Home,1581396,8.75,15805.24,724724.58,Active,2026-06-28,2041-06-28
L001888,C04724,Personal,831284,14.13,12972.11,0.0,Closed,2020-11-25,2030-11-25
L001889,C00497,Auto,1525222,11.17,15920.0,0.0,Closed,2026-07-06,2046-07-06
L001890,C09988,Education,1697902,9.63,17863.34,1394559.59,Active,2025-06-08,2040-06-08
L001891,C03063,Home,2102451,8.76,18593.0,917314.65,Active,2026-07-26,2046-07-26
L001892,C09056,Personal,1074621,17.67,27095.76,667702.31,Active,2023-02-25,2028-02-25
L001893,C07841,Education,2228947,10.52,22283.31,933805.42,Active,2025-12-26,2045-12-26
L001894,C00518,Home,1780938,9.02,16046.48,640676.31,Active,2024-07-06,2044-07-06
L001895,C06984,Home,6828751,8.73,60259.29,4899700.08,Active,2023-07-26,2043-07-26
L001896,C05185,Personal,1118178,15.96,16391.51,970645.62,Active,2025-07-10,2040-07-10
L001897,C03532,Personal,564120,14.79,9028.82,199875.39,Active,2026-03-12,2036-03-12
L001898,C02854,Personal,1386191,15.08,22432.07,1228242.93,Active,2024-01-25,2034-01-25
L001899,C04605,Personal,895215,11.18,10276.4,0.0,Closed,2026-01-21,2041-01-21
L001900,C08738,Personal,1259503,10.98,27372.09,814308.46,Active,2022-07-18,2027-07-18
L001901,C02308,Personal,429237,16.79,6227.6,0.0,Closed,2024-05-20,2044-05-20
L001902,C04779,Education,876978,10.73,9819.53,449831.99,Active,2026-08-05,2041-08-05
L001903,C06462,Education,228607,8.11,4647.37,0.0,Closed,2024-08-26,2029-08-26
L001904,C08342,Personal,1151720,13.48,13889.01,808319.93,Active,2023-10-12,2043-10-12
L001905,C01375,Home,5649152,7.6,113466.06,0.0,Closed,2026-07-15,2031-07-15
L001906,C07091,Education,1880871,8.39,18400.6,0.0,Closed,2022-07-28,2037-07-28
L001907,C09835,Home,2558033,9.67,24128.91,972419.9,Active,2025-10-02,2045-10-02
L001908,C06128,Personal,418447,11.22,4381.99,199187.42,Active,2023-03-14,2043-03-14
L001909,C05978,Home,2857808,8.78,59018.72,1654002.26,Active,2025-01-04,2030-01-04
L001910,C06692,Personal,1475838,14.82,19237.68,1232112.69,Active,2024-10-21,2044-10-21
L001911,C08609,Auto,1468356,10.43,19755.75,300707.9,Active,2024-09-25,2034-09-25
L001912,C01477,Personal,881687,16.22,21544.11,436862.12,Active,2026-07-05,2031-07-05
L001913,C03370,Personal,586781,13.85,7232.91,264067.3,Active,2026-02-01,2046-02-01
L001914,C03160,Personal,1421025,17.82,35945.69,1072337.76,Active,2025-11-21,2030-11-21
L001915,C00743,Auto,1544469,9.5,19985.05,483960.48,Active,2024-12-20,2034-12-20
L001916,C09788,Auto,1274881,8.74,11258.13,869445.29,Active,2026-01-11,2046-01-11
L001917,C01087,Personal,415856,10.77,4227.52,0.0,Closed,2023-02-28,2043-02-28
L001918,C01505,Home,5010199,9.77,47588.52,3411387.77,Active,2025-11-30,2045-11-30
L001919,C06796,Personal,774943,13.96,9614.07,231663.76,Active,2024-06-05,2044-06-05
L001920,C06694,Auto,641560,12.18,7144.8,408686.4,Active,2024-12-08,2044-12-08
L001921,C08920,Personal,439933,14.4,10327.93,261179.04,Active,2026-06-30,2031-06-30
L001922,C07837,Auto,463837,12.04,5120.19,156680.64,Active,2026-05-25,2046-05-25
L001923,C09072,Personal,1247320,13.64,28790.68,742360.48,Active,2025-03-29,2030-03-29
L001924,C02806,Home,2637107,9.07,26857.22,2067064.75,Active,2026-01-10,2041-01-10
L001925,C06745,Home,4930300,9.91,52710.13,3570190.2,Active,2021-09-29,2036-09-29
L001926,C09791,Personal,792431,17.45,13999.05,316531.02,Active,2024-08-12,2034-08-12
L001927,C02559,Personal,766240,13.62,11722.69,156836.13,Active,2022-04-16,2032-04-16
L001928,C02516,Home,3074327,8.1,62483.5,2054497.13,Active,2025-03-09,2030-03-09
L001929,C03541,Personal,1082922,14.96,25739.91,550764.1,Active,2020-05-24,2025-05-24
L001930,C06215,Home,1737053,10.28,18965.13,455008.0,Active,2025-06-13,2040-06-13
L001931,C02092,Home,2782409,8.6,24322.78,0.0,Closed,2025-02-14,2045-02-14
L001932,C01435,Auto,1149716,8.81,14446.16,860552.05,Active,2026-05-06,2036-05-06
L001933,C06045,Home,2682080,7.81,22117.89,964515.99,Active,2023-03-18,2043-03-18
L001934,C07394,Personal,681409,17.75,10385.35,611994.17,Active,2023-06-22,2043-06-22
L001935,C07913,Personal,553914,11.19,7689.86,314166.28,Active,2025-04-03,2035-04-03
L001936,C08445,Home,1826264,10.19,38973.67,611681.43,Active,2026-06-04,2031-06-04
L001937,C05510,Personal,1089203,12.95,24754.85,680454.89,Active,2022-03-03,2027-03-03
L001938,C03425,Home,9460419,8.56,93493.51,2665000.73,Active,2025-08-17,2040-08-17
L001939,C08216,Home,1587092,10.34,17386.6,495310.35,Active,2025-10-03,2040-10-03
L001940,C09787,Auto,2355601,11.28,27189.31,1200099.66,Active,2025-11-15,2040-11-15
L001941,C05519,Home,7341499,8.03,70286.39,0.0,Closed,2022-04-17,2037-04-17
L001942,C09044,Personal,825596,15.96,13809.24,236610.54,Active,2024-08-16,2034-08-16
L001943,C04586,Home,3102090,8.65,38710.79,0.0,Closed,2025-08-27,2035-08-27
L001944,C06927,Auto,1121396,10.27,14987.5,765606.78,Active,2026-04-28,2036-04-28
L001945,C07973,Education,1747142,10.75,37769.63,1531422.84,Active,2022-07-28,2027-07-28
L001946,C02184,Education,2207959,9.19,22644.84,1898714.69,Active,2025-12-21,2040-12-21
L001947,C08283,Personal,163808,16.97,2399.0,0.0,Closed,2026-03-26,2046-03-26
L001948,C03163,Personal,1128234,11.8,24983.06,992636.2,Active,2026-03-01,2031-03-01
L001949,C02750,Auto,942532,11.32,13154.69,0.0,Closed,2024-07-20,2034-07-20
L001950,C01116,Home,8539259,10.0,181434.02,3874819.35,Active,2021-07-06,2026-07-06
L001951,C01772,Personal,304420,16.93,4669.94,0.0,Closed,2022-06-19,2037-06-19
L001952,C09438,Home,1534968,8.5,15115.44,0.0,Closed,2023-07-08,2038-07-08
L001953,C05494,Home,7644765,9.05,69027.96,3307081.59,Active,2021-07-29,2041-07-29
L001954,C07629,Education,1009248,10.48,13606.99,849001.53,Active,2026-04-13,2036-04-13
L001955,C08604,Personal,677818,15.06,8955.5,255686.57,Active,2026-04-23,2046-04-23
L001956,C03785,Auto,313524,9.74,3319.45,179844.7,Active,2024-12-06,2039-12-06
L001957,C07222,Auto,661109,10.76,6716.24,170164.32,Active,2021-08-24,2041-08-24
L001958,C02188,Home,2224923,8.06,45177.33,0.0,Closed,2022-02-06,2027-02-06
L001959,C01914,Home,5149478,9.41,47697.65,2023777.11,Active,2021-03-07,2041-03-07
L001960,C09764,Education,2894074,10.83,39587.89,1109364.18,Active,2026-01-07,2036-01-07
L001961,C05682,Home,7863773,9.62,102272.67,3967053.53,Active,2026-05-25,2036-05-25
L001962,C09471,Home,1697389,8.32,20882.14,1177219.66,Active,2026-04-14,2036-04-14
L001963,C06304,Personal,654791,11.19,7520.64,429411.0,Active,2024-10-03,2039-10-03
L001964,C09031,Auto,2186065,11.82,31136.63,690125.56,Active,2026-07-21,2036-07-21
L001965,C06953,Education,2456320,9.71,23234.01,816392.77,Active,2021-10-24,2041-10-24
L001966,C06136,Personal,535047,13.07,6794.3,191875.19,Active,2026-05-16,2041-05-16
L001967,C08970,Home,9346505,8.28,190768.36,4282759.58,Active,2026-05-16,2031-05-16
L001968,C03379,Auto,2259775,10.85,25472.09,992462.98,Active,2024-05-21,2039-05-21
L001969,C07594,Home,1669015,9.6,17529.12,0.0,Closed,2026-04-04,2041-04-04
L001970,C05890,Personal,983756,14.07,13147.38,816374.46,Active,2022-02-04,2037-02-04
L001971,C08931,Auto,942306,9.15,12013.36,0.0,Closed,2024-04-27,2034-04-27
L001972,C06727,Home,2457235,9.28,22552.8,1396936.99,Active,2024-08-01,2044-08-01
L001973,C09263,Home,1891344,9.3,17383.53,1304797.92,Active,2021-07-30,2041-07-30
L001974,C04624,Auto,1282738,11.55,28242.96,459411.7,Active,2025-02-15,2030-02-15
L001975,C07564,Home,2340433,9.28,30003.44,595294.94,Active,2022-08-22,2032-08-22
L001976,C06421,Home,4426078,10.33,59302.75,0.0,Closed,2026-05-26,2036-05-26
L001977,C03485,Personal,392655,11.47,4579.47,0.0,Closed,2025-02-06,2040-02-06
L001978,C07595,Personal,289579,12.82,4293.04,0.0,Closed,2023-11-26,2033-11-26
L001979,C02893,Personal,446747,13.95,6923.06,348262.56,Active,2023-03-11,2033-03-11
L001980,C05806,Personal,487120,12.27,7065.0,191489.76,Active,2026-05-10,2036-05-10
L001981,C00309,Home,2284875,7.51,27133.8,1303382.98,Active,2023-02-20,2033-02-20
L001982,C05017,Personal,545627,17.35,8148.8,0.0,Closed,2024-02-16,2044-02-16
L001983,C01380,Personal,300959,13.41,3889.41,0.0,Closed,2024-04-04,2039-04-04
L001984,C02927,Home,4743289,8.48,46653.45,0.0,Closed,2026-01-07,2041-01-07
L001985,C02889,Personal,990434,14.98,23551.96,426962.55,Active,2026-06-04,2031-06-04
L001986,C00263,Home,1612811,8.17,19713.02,0.0,Closed,2025-12-16,2035-12-16
L001987,C00323,Education,1625438,9.5,34137.22,607622.66,Active,2025-09-27,2030-09-27
L001988,C00130,Home,4207747,8.19,35694.46,3164803.72,Active,2022-02-17,2042-02-17
L001989,C07209,Home,1856082,8.65,23161.93,1300232.05,Active,2025-04-17,2035-04-17
L001990,C01512,Home,2004000,7.6,16266.85,1244982.4,Active,2023-10-25,2043-10-25
L001991,C05568,Personal,323201,13.99,7518.65,125120.98,Active,2025-10-21,2030-10-21
L001992,C06998,Personal,948242,16.53,23327.28,767964.45,Active,2023-08-07,2028-08-07
L001993,C06429,Personal,1053558,10.59,10582.28,908000.64,Active,2020-07-02,2040-07-02
L001994,C07019,Personal,1429840,11.37,15120.36,505158.94,Active,2026-07-09,2046-07-09
L001995,C01851,Personal,1222026,17.79,30891.99,0.0,Closed,2023-10-24,2028-10-24
L001996,C09341,Auto,1415080,11.54,31149.72,939640.03,Active,2026-05-14,2031-05-14
L001997,C08072,Home,1577352,8.27,13459.88,906450.21,Active,2021-02-12,2041-02-12
L001998,C02582,Home,1955027,8.97,19794.31,939332.3,Active,2025-12-08,2040-12-08
L001999,C00362,Home,5071051,8.51,49966.37,0.0,Closed,2020-06-09,2035-06-09
L002000,C04787,Education,1320867,8.54,13038.09,775693.54,Active,2026-07-10,2041-07-10
L002001,C05160,Home,1574690,9.29,16244.35,831612.73,Active,2025-06-25,2040-06-25
L002002,C08262,Personal,467491,11.13,10194.72,373407.96,Active,2021-06-23,2026-06-23
L002003,C07731,Auto,1452159,9.88,13898.39,1058811.98,Active,2025-12-16,2045-12-16
L002004,C05600,Auto,2495964,10.78,53994.86,1595029.0,Active,2026-01-03,2031-01-03
L002005,C01495,Personal,1437593,16.59,35411.73,307376.73,Active,2022-03-23,2027-03-23
L002006,C02190,Home,1816655,8.77,37508.31,685356.86,Active,2026-06-25,2031-06-25
L002007,C07189,Personal,266269,16.78,3861.15,0.0,Closed,2024-03-21,2044-03-21
L002008,C02660,Home,6289015,8.28,61122.08,3286574.21,Active,2024-06-28,2039-06-28
L002009,C00640,Home,2319251,8.62,20303.49,568599.67,Active,2022-05-21,2042-05-21
L002010,C01761,Home,4615755,8.33,94321.55,1214762.92,Active,2026-05-21,2031-05-21
L002011,C02646,Auto,1443700,8.52,17915.26,880617.46,Active,2025-01-23,2035-01-23
L002012,C06626,Home,5980410,8.89,60266.59,4441187.98,Active,2021-05-03,2036-05-03
L002013,C09745,Home,2427183,7.69,22763.15,1149219.43,Active,2023-09-08,2038-09-08
L002014,C00455,Personal,982407,15.26,13925.01,557101.38,Active,2026-03-26,2041-03-26
L002015,C02290,Personal,819219,13.05,10392.07,0.0,Closed,2024-01-15,2039-01-15
L002016,C03507,Personal,1146425,12.08,16500.93,826589.83,Active,2026-06-28,2036-06-28
L002017,C03051,Home,2099065,10.4,20815.83,1381794.69,Active,2023-05-21,2043-05-21
L002018,C08320,Education,2421268,9.11,24716.8,0.0,Closed,2023-04-08,2038-04-08
L002019,C04828,Personal,1080167,10.72,14708.62,545025.58,Active,2024-11-03,2034-11-03
L002020,C00931,Personal,149090,16.14,2204.26,82964.14,Active,2025-04-25,2040-04-25
L002021,C07786,Home,3709515,8.64,76356.92,2771698.54,Active,2024-04-22,2029-04-22
L002022,C00350,Home,3893878,8.37,48008.2,0.0,Closed,2024-10-30,2034-10-30
L002023,C02453,Auto,1982404,10.7,22159.91,0.0,Closed,2024-08-06,2039-08-06
L002024,C07883,Home,2128357,8.34,20759.64,925911.48,Active,2026-04-06,2041-04-06
L002025,C06765,Personal,1427754,16.21,21178.85,752774.9,Active,2024-03-29,2039-03-29
L002026,C01886,Home,8277424,8.98,74367.7,2092655.05,Active,2026-04-10,2046-04-10
L002027,C00349,Home,2990040,8.7,61633.87,1991849.85,Active,2024-12-22,2029-12-22
L002028,C00225,Auto,1022555,11.23,22350.29,452814.99,Active,2021-09-25,2026-09-25
L002029,C09581,Auto,2020896,9.26,42205.95,1622778.62,Active,2026-01-04,2031-01-04
L002030,C01484,Personal,268832,15.0,3539.95,0.0,Closed,2025-08-28,2045-08-28
L002031,C08362,Personal,624163,11.75,6764.1,145871.73,Active,2026-03-08,2046-03-08
L002032,C04150,Personal,1361106,17.13,20099.38,402333.69,Active,2024-06-11,2044-06-11
L002033,C01879,Home,1838436,8.87,23159.38,448580.92,Active,2026-06-13,2036-06-13
L002034,C05096,Auto,1653603,9.03,34350.16,0.0,Closed,2025-09-30,2030-09-30
L002035,C05818,Home,3434327,8.88,30634.98,0.0,Closed,2024-01-20,2044-01-20
L002036,C00607,Personal,1067638,14.25,24980.66,0.0,Closed,2026-01-08,2031-01-08
L002037,C02586,Auto,968012,9.48,20320.59,849308.76,Active,2025-09-18,2030-09-18
L002038,C04937,Personal,1190031,17.97,18338.42,723583.2,Active,2025-07-23,2045-07-23
L002039,C06048,Education,2453773,8.36,50177.51,786611.7,Active,2021-09-15,2026-09-15
L002040,C01882,Education,1870997,10.48,40196.49,745335.53,Active,2026-03-29,2031-03-29
L002041,C05083,Personal,1462372,13.8,33875.4,449022.39,Active,2026-07-04,2031-07-04
L002042,C06119,Personal,1315953,16.15,32106.4,846782.65,Active,2026-04-13,2031-04-13
L002043,C05943,Personal,397690,17.35,5939.4,330882.86,Active,2023-10-06,2043-10-06
L002044,C07772,Personal,255335,13.94,3164.02,0.0,Closed,2026-07-16,2046-07-16
L002045,C09305,Home,2936309,8.39,25277.91,1716967.6,Active,2026-03-27,2046-03-27
L002046,C00831,Home,2654687,9.28,34032.05,1853233.54,Active,2026-03-15,2036-03-15
L002047,C08699,Home,2277731,9.19,23360.42,908619.52,Active,2026-07-06,2041-07-06
L002048,C05318,Personal,739088,14.06,9222.94,585277.21,Active,2024-07-26,2044-07-26
L002049,C02578,Auto,839190,9.09,8556.61,0.0,Closed,2026-06-02,2041-06-02
L002050,C02551,Home,1977978,7.58,23561.62,1574758.57,Active,2020-03-17,2030-03-17
L002051,C05292,Education,1727405,10.16,16853.36,466394.5,Active,2024-09-25,2044-09-25
L002052,C07852,Auto,626897,10.85,7066.36,398339.68,Active,2026-02-23,2041-02-23
L002053,C01794,Auto,1009344,11.98,11099.68,274548.1,Active,2019-10-09,2039-10-09
L002054,C09112,Home,1567898,8.53,15467.3,1246381.76,Active,2023-10-31,2038-10-31
L002055,C09620,Personal,350801,15.37,4998.97,175896.68,Active,2021-09-14,2036-09-14
L002056,C01474,Personal,125586,16.8,2166.77,81066.74,Active,2025-02-25,2035-02-25
L002057,C02628,Personal,1413660,11.24,16281.3,1003654.08,Active,2024-02-20,2039-02-20
L002058,C00505,Auto,633226,12.38,14207.66,338102.06,Active,2022-09-08,2027-09-08
L002059,C00612,Personal,483117,15.67,7993.77,192200.26,Active,2025-02-28,2035-02-28
L002060,C06704,Home,6609817,8.3,64316.91,5069664.09,Active,2023-12-26,2038-12-26
L002061,C01934,Home,2034093,10.22,27129.11,1744019.99,Active,2024-09-05,2034-09-05
L002062,C00613,Education,2656509,10.29,26148.38,1392399.76,Active,2025-09-20,2045-09-20
L002063,C08068,Personal,768694,16.43,18869.22,629187.97,Active,2025-09-12,2030-09-12
L002064,C09188,Home,1913969,7.8,23019.95,1320690.91,Active,2025-10-27,2035-10-27
L002065,C05836,Personal,1001262,16.96,24862.41,590895.5,Active,2023-11-21,2028-11-21
L002066,C05678,Personal,1335091,16.54,19117.48,0.0,Closed,2023-06-04,2043-06-04
L002067,C03340,Education,1907790,9.8,18158.5,1278128.53,Active,2026-06-25,2046-06-25
L002068,C03096,Auto,1490157,12.31,18182.66,786008.61,Active,2023-09-10,2038-09-10
L002069,C09276,Home,7186155,9.18,73658.25,5906810.72,Active,2022-12-16,2037-12-16
L002070,C00418,Personal,482059,14.16,6471.68,0.0,Closed,2022-07-24,2037-07-24
L002071,C08875,Auto,2379485,9.15,49567.6,0.0,Closed,2026-05-31,2031-05-31
L002072,C03569,Personal,298323,17.44,4475.9,125035.75,Active,2020-05-27,2040-05-27
L002073,C08795,Home,1905999,9.84,25019.35,1045925.02,Active,2025-04-09,2035-04-09
L002074,C07768,Home,2612328,8.92,26371.79,0.0,Closed,2023-01-05,2038-01-05
L002075,C09418,Personal,424214,12.93,6316.47,0.0,Closed,2024-09-18,2034-09-18
L002076,C04691,Home,3287522,7.97,39834.62,1770243.78,Active,2025-07-20,2035-07-20
L002077,C00922,Personal,1348287,16.42,20198.52,965375.12,Active,2025-06-01,2040-06-01
L002078,C03961,Auto,1573466,9.98,16889.3,1026287.69,Active,2025-10-05,2040-10-05
L002079,C02477,Personal,1043105,12.81,12079.85,0.0,Closed,2025-10-08,2045-10-08
L002080,C04919,Home,1711854,7.67,13969.07,575594.59,Active,2024-01-08,2044-01-08
L002081,C04094,Auto,1908617,9.6,24801.66,760257.71,Active,2026-07-08,2036-07-08
L002082,C03902,Home,3066468,7.57,24834.68,0.0,Closed,2026-03-21,2046-03-21
L002083,C07309,Education,1036562,10.39,10272.35,0.0,Closed,2021-08-03,2041-08-03
L002084,C06188,Home,2519793,7.98,21045.2,0.0,Closed,2024-11-14,2044-11-14
L002085,C03792,Personal,196468,16.36,2786.57,51824.1,Active,2026-02-03,2046-02-03
L002086,C00315,Auto,1475003,12.45,16706.14,1269564.29,Active,2024-09-20,2044-09-20
L002087,C08527,Personal,1228049,13.27,15756.6,989808.34,Active,2024-02-02,2039-02-02
L002088,C00459,Personal,780621,17.83,11945.38,0.0,Closed,2026-07-11,2046-07-11
L002089,C09344,Auto,1536917,9.7,20056.01,911725.54,Active,2026-06-07,2036-06-07
L002090,C07705,Personal,1246272,16.22,18495.53,408631.41,Active,2026-08-05,2041-08-05
L002091,C02340,Personal,394581,16.29,9656.35,0.0,Closed,2024-08-26,2029-08-26
L002092,C08500,Auto,1616848,12.33,19749.48,0.0,Closed,2023-09-13,2038-09-13
L002093,C00734,Personal,550495,11.88,6015.43,355871.54,Active,2026-03-17,2046-03-17
L002094,C00057,Home,1771608,8.27,36151.18,797988.64,Active,2025-09-18,2030-09-18
L002095,C01769,Home,2009982,9.89,42597.47,0.0,Closed,2024-04-16,2029-04-16
L002096,C02023,Personal,133976,14.74,3169.02,0.0,Closed,2026-04-27,2031-04-27
L002097,C08134,Auto,1671831,11.66,18013.57,1114063.38,Active,2025-09-18,2045-09-18
L002098,C02319,Home,1579222,9.2,32935.55,538493.09,Active,2025-08-07,2030-08-07
L002099,C06138,Home,1683983,9.22,15390.31,345107.38,Active,2026-05-16,2046-05-16
L002100,C06498,Personal,1003760,16.63,14441.4,284688.01,Active,2025-12-17,2045-12-17
L002101,C09623,Personal,1464079,12.98,21843.0,969415.31,Active,2025-04-10,2035-04-10
L002102,C02890,Personal,1006802,17.17,14898.07,901643.78,Active,2020-06-27,2040-06-27
L002103,C02414,Auto,379153,8.53,3740.34,272536.29,Active,2024-09-11,2039-09-11
L002104,C02606,Personal,784970,14.49,12420.27,0.0,Closed,2025-06-06,2035-06-06
L002105,C05164,Auto,1787490,12.07,25717.67,1423201.93,Active,2025-05-13,2035-05-13
L002106,C03466,Home,1923190,7.58,38609.94,0.0,Closed,2022-08-07,2027-08-07
L002107,C04097,Personal,245263,12.96,3096.72,0.0,Closed,2023-04-19,2038-04-19
L002108,C01955,Auto,722998,9.71,6838.74,0.0,Closed,2025-10-04,2045-10-04
L002109,C06193,Education,1111153,10.32,23784.05,300882.74,Active,2026-07-10,2031-07-10
L002110,C09804,Home,4646683,7.58,55351.16,2728677.83,Active,2025-12-10,2035-12-10
L002111,C07813,Education,1062484,10.31,22737.05,826009.33,Active,2023-01-31,2028-01-31
L002112,C06171,Auto,1819425,10.57,24621.78,0.0,Closed,2026-04-12,2036-04-12
L002113,C03729,Personal,1125734,16.05,16572.92,763455.12,Active,2025-04-24,2040-04-24
L002114,C05575,Personal,290402,16.5,4366.8,157945.39,Active,2023-10-28,2038-10-28
L002115,C00511,Home,1567718,7.52,12648.61,469931.07,Active,2023-01-17,2043-01-17
L002116,C00492,Home,1825039,10.01,17624.11,0.0,Closed,2023-03-23,2043-03-23
L002117,C08404,Auto,1262000,12.5,28392.4,420096.33,Active,2024-10-09,2029-10-09
L002118,C03201,Auto,366479,12.31,4471.72,99633.97,Active,2026-06-14,2041-06-14
L002119,C09621,Home,1630546,8.03,33085.01,1289711.63,Active,2025-03-13,2030-03-13
L002120,C09944,Auto,463539,8.74,5806.89,0.0,Closed,2026-06-15,2036-06-15
L002121,C04656,Auto,1859039,10.97,25576.7,1445874.58,Active,2021-11-03,2031-11-03
L002122,C00250,Auto,934935,11.47,13128.72,236100.87,Active,2024-09-22,2034-09-22
L002123,C06321,Personal,162872,14.23,2194.26,104037.93,Active,2025-11-21,2040-11-21
L002124,C08389,Auto,1646676,8.61,33871.45,457488.89,Active,2025-01-13,2030-01-13
L002125,C06019,Home,1651352,10.24,35281.68,604805.02,Active,2025-07-10,2030-07-10
L002126,C03888,Personal,455971,11.69,10071.54,339292.68,Active,2025-04-05,2030-04-05
L002127,C01299,Personal,239095,11.34,2523.47,145715.54,Active,2026-07-26,2046-07-26
L002128,C09522,Home,5194475,7.9,105076.8,2967910.63,Active,2023-02-02,2028-02-02
L002129,C08363,Home,2037703,8.47,20030.25,0.0,Closed,2026-06-01,2041-06-01
L002130,C09553,Personal,302161,14.08,4706.09,163072.12,Active,2024-12-01,2034-12-01
L002131,C02420,Auto,898089,9.4,18817.68,357360.71,Active,2025-10-01,2030-10-01
L002132,C06051,Home,1941359,8.25,18833.91,851172.25,Active,2026-03-09,2041-03-09
L002133,C01834,Education,2138394,10.01,22992.38,0.0,Closed,2023-07-23,2038-07-23
L002134,C01376,Education,1970084,9.12,25084.32,484173.58,Active,2024-06-05,2034-06-05
L002135,C04627,Home,2307466,9.4,29731.86,0.0,Closed,2021-08-22,2031-08-22
L002136,C00802,Personal,1430916,10.76,19516.98,964762.68,Active,2021-08-09,2031-08-09
L002137,C03034,Auto,2329392,11.93,33325.81,764290.65,Active,2025-11-22,2035-11-22
L002138,C09503,Personal,1048131,17.95,16135.61,542810.7,Active,2025-09-08,2045-09-08
L002139,C02203,Home,2085745,9.47,21742.12,574062.12,Active,2025-12-17,2040-12-17
L002140,C02086,Home,3544115,9.82,33779.89,1532443.86,Active,2024-04-25,2044-04-25
L002141,C03481,Personal,1188574,12.47,14626.24,1048572.11,Active,2024-09-20,2039-09-20
L002142,C08996,Personal,298356,12.2,3326.85,0.0,Closed,2025-02-16,2045-02-16
L002143,C01833,Personal,720156,11.45,8389.91,428266.06,Active,2023-05-06,2038-05-06
L002144,C09436,Home,1673994,10.4,22494.41,403642.13,Active,2026-03-11,2036-03-11
L002145,C03764,Home,1908688,7.93,23087.11,0.0,Closed,2021-08-01,2031-08-01
L002146,C08026,Home,7438069,9.08,94544.65,3931814.76,Active,2024-12-19,2034-12-19
L002147,C05077,Personal,1218109,13.22,18346.08,246030.74,Active,2023-05-22,2033-05-22
L002148,C03269,Home,2165844,7.8,26049.34,647027.33,Active,2025-12-09,2035-12-09
L002149,C00875,Personal,418874,14.56,5380.0,0.0,Closed,2025-09-30,2045-09-30
L002150,C02293,Home,2340691,8.39,20150.39,0.0,Closed,2025-02-17,2045-02-17
L002151,C04121,Personal,385464,15.91,5637.14,279102.74,Active,2019-11-17,2034-11-17
L002152,C07690,Personal,753483,12.07,16787.48,461687.01,Active,2025-01-16,2030-01-16
L002153,C03231,Personal,436074,16.23,7367.44,343796.33,Active,2025-04-06,2035-04-06
L002154,C07905,Personal,1340290,11.95,16042.64,302436.25,Active,2026-08-03,2041-08-03
L002155,C06152,Personal,941881,11.43,13204.73,753800.64,Active,2024-03-18,2034-03-18
L002156,C06271,Home,6994025,7.53,140245.64,3728034.45,Active,2022-01-24,2027-01-24
L002157,C07084,Personal,1355033,14.03,16879.65,1101092.84,Active,2026-03-20,2046-03-20
L002158,C00691,Personal,1052877,11.65,12400.19,0.0,Closed,2026-01-21,2041-01-21
L002159,C05956,Auto,385923,10.03,4154.23,221300.61,Active,2024-03-24,2039-03-24
L002160,C03020,Auto,2343901,11.53,32994.42,1964186.53,Active,2023-12-23,2033-12-23
L002161,C09540,Personal,1356292,16.99,23563.44,0.0,Closed,2026-01-05,2036-01-05
L002162,C00787,Personal,1006970,13.66,23253.31,0.0,Closed,2019-08-01,2024-08-01
L002163,C03179,Home,3018447,9.7,31884.66,2021813.84,Active,2026-01-14,2041-01-14
L002164,C05316,Personal,626907,17.87,15875.02,251285.06,Active,2024-10-02,2029-10-02
L002165,C03862,Personal,1328478,14.21,16722.9,1098949.13,Active,2026-05-28,2046-05-28
L002166,C06243,Personal,1123120,14.71,14549.04,326518.59,Active,2026-02-22,2046-02-22
L002167,C02412,Personal,188292,15.01,4480.44,153979.29,Active,2026-02-05,2031-02-05
L002168,C06681,Personal,856444,14.85,11182.76,0.0,Closed,2023-09-28,2043-09-28
L002169,C05718,Home,1834411,8.54,15965.92,0.0,Closed,2020-11-22,2040-11-22
L002170,C00388,Auto,2492636,8.65,21868.9,0.0,Closed,2025-11-14,2045-11-14
L002171,C07090,Auto,1930809,10.23,41242.84,1493449.13,Active,2023-12-13,2028-12-13
L002172,C03593,Personal,789883,11.24,8282.49,0.0,Closed,2026-04-14,2046-04-14
L002173,C05936,Home,5753262,8.58,56924.76,1289236.88,Active,2025-02-24,2040-02-24
L002174,C07072,Education,400484,8.97,4054.83,0.0,Closed,2025-10-04,2040-10-04
L002175,C08083,Education,1371212,10.31,14996.25,511018.62,Active,2026-04-13,2041-04-13
L002176,C05509,Personal,460831,16.84,11413.23,215907.66,Active,2021-12-13,2026-12-13
L002177,C09433,Personal,577250,12.87,7254.3,227806.82,Active,2024-09-07,2039-09-07
L002178,C04914,Auto,1612499,10.99,22203.05,0.0,Closed,2026-07-16,2036-07-16
L002179,C06578,Personal,1118042,13.13,13202.39,0.0,Closed,2025-12-22,2045-12-22
L002180,C01068,Personal,453460,12.92,10299.05,309545.71,Active,2025-12-06,2030-12-06
L002181,C04794,Personal,1447016,14.7,23080.3,597696.82,Active,2025-09-07,2035-09-07
L002182,C08514,Education,389880,10.13,3796.07,0.0,Closed,2025-01-05,2045-01-05
L002183,C07407,Education,1626751,9.6,15269.84,1025393.03,Active,2022-10-19,2042-10-19
L002184,C08616,Auto,1532757,10.95,33287.64,1138259.99,Active,2024-01-24,2029-01-24
L002185,C00449,Home,1564462,9.14,15998.37,1162194.98,Active,2026-06-12,2041-06-12
L002186,C08241,Personal,559224,12.34,8133.54,185624.49,Active,2019-11-08,2029-11-08
L002187,C04512,Education,1444840,8.73,29803.53,0.0,Closed,2026-07-28,2031-07-28
L002188,C05728,Personal,1020544,13.61,15607.19,312762.71,Active,2024-05-23,2034-05-23
L002189,C07956,Personal,1415449,14.82,18450.51,573650.13,Active,2026-01-03,2046-01-03
L002190,C04603,Auto,1405439,10.23,15301.29,0.0,Closed,2026-07-26,2041-07-26
L002191,C07136,Auto,1642826,10.66,35441.09,0.0,Closed,2022-05-04,2027-05-04
L002192,C05646,Home,3235283,10.46,43582.86,0.0,Closed,2026-07-27,2036-07-27
L002193,C09642,Personal,302629,17.86,4637.93,250163.62,Active,2022-04-26,2042-04-26
L002194,C01672,Auto,1255564,11.38,17566.57,625294.22,Active,2023-05-25,2033-05-25
L002195,C01126,Personal,1397730,13.78,17158.18,283666.48,Active,2024-06-24,2044-06-24
L002196,C04392,Personal,1040506,14.69,24584.57,0.0,Closed,2025-12-29,2030-12-29
L002197,C07430,Personal,410127,10.98,4656.34,162735.05,Active,2023-10-11,2038-10-11
L002198,C03114,Auto,415666,11.35,4389.9,151694.96,Active,2021-11-10,2041-11-10
L002199,C02928,Personal,930988,12.11,10322.47,383525.92,Active,2022-09-05,2042-09-05
L002200,C01187,Home,3450891,9.21,31516.16,1802300.88,Active,2023-12-07,2043-12-07
L002201,C01745,Personal,759467,16.97,18862.46,493012.06,Active,2026-02-14,2031-02-14
L002202,C00146,Home,1574462,9.34,14511.94,609648.32,Active,2021-06-01,2041-06-01
L002203,C00581,Home,2252209,10.01,47863.87,1246637.02,Active,2023-09-25,2028-09-25
L002204,C00816,Personal,286868,11.21,3002.13,67608.79,Active,2022-02-23,2042-02-23
L002205,C07325,Home,2354745,8.64,20644.15,1553409.41,Active,2025-09-23,2045-09-23
L002206,C05973,Home,2989636,8.03,25062.36,0.0,Closed,2021-06-02,2041-06-02
L002207,C06580,Personal,487063,12.45,7115.23,102309.91,Active,2026-06-23,2036-06-23
L002208,C02763,Personal,812444,13.89,18857.85,719597.47,Active,2025-03-27,2030-03-27
L002209,C00528,Personal,1268382,10.94,14368.64,1140008.77,Active,2023-10-05,2038-10-05
L002210,C01695,Auto,352757,8.52,3065.77,119927.95,Active,2025-09-14,2045-09-14
L002211,C01768,Auto,1086088,11.94,15544.56,505453.76,Active,2024-06-13,2034-06-13
L002212,C05516,Education,1115926,10.93,24224.0,0.0,Closed,2024-04-27,2029-04-27
L002213,C06279,Home,4638751,9.22,42394.63,1318470.52,Active,2022-10-04,2042-10-04
L002214,C01808,Home,1812160,9.94,17415.76,1581758.36,Active,2025-11-09,2045-11-09
L002215,C08476,Auto,804503,11.73,9516.08,0.0,Closed,2024-10-19,2039-10-19
L002216,C01452,Personal,478361,14.93,7697.14,0.0,Closed,2021-11-09,2031-11-09
L002217,C05697,Personal,1365638,11.66,16092.42,0.0,Closed,2025-11-18,2040-11-18
L002218,C03082,Auto,1930937,11.64,42602.18,1649359.06,Active,2026-05-17,2031-05-17
L002219,C04643,Home,2685992,8.22,22835.86,1657258.98,Active,2023-07-06,2043-07-06
L002220,C05264,Home,3515041,9.93,74563.22,0.0,Closed,2019-07-29,2024-07-29
L002221,C08236,Home,6992895,8.46,60509.05,0.0,Closed,2025-09-12,2045-09-12
L002222,C00338,Personal,692574,12.9,8064.74,0.0,Closed,2025-04-20,2045-04-20
L002223,C09973,Home,4127057,8.78,36550.28,2297426.4,Active,2025-11-05,2045-11-05
L002224,C05581,Auto,1648529,10.75,16736.34,338605.96,Active,2025-11-29,2045-11-29
L002225,C07030,Home,2308287,9.55,48534.74,2010188.4,Active,2025-12-20,2030-12-20
L002226,C01363,Auto,1588153,12.07,22849.69,607500.39,Active,2026-02-20,2036-02-20
L002227,C05314,Personal,199001,17.75,3032.97,44788.96,Active,2024-07-14,2044-07-14
L002228,C02075,Home,5139012,9.72,67118.12,2174863.94,Active,2026-07-19,2036-07-19
L002229,C02776,Education,1099649,8.3,13516.73,0.0,Closed,2025-01-24,2035-01-24
L002230,C08582,Personal,253015,15.86,3493.54,114288.19,Active,2022-05-06,2042-05-06
L002231,C03152,Home,2300039,8.12,46768.7,0.0,Closed,2022-11-29,2027-11-29
L002232,C07912,Education,704128,9.98,7557.98,0.0,Closed,2025-10-20,2040-10-20
L002233,C06540,Home,3415721,8.62,29902.35,2735416.65,Active,2025-07-20,2045-07-20
L002234,C00705,Home,4304029,8.27,36727.2,1734004.19,Active,2025-09-17,2045-09-17
L002235,C00073,Home,4098281,8.11,39426.0,3659112.57,Active,2024-06-25,2039-06-25
L002236,C00978,Auto,1881805,9.61,24463.57,0.0,Closed,2023-07-10,2033-07-10
L002237,C08133,Auto,343745,11.01,3550.44,124783.34,Active,2025-11-16,2045-11-16
L002238,C05513,Personal,567611,11.03,12349.73,152374.04,Active,2023-05-13,2028-05-13
L002239,C07821,Personal,484530,14.53,7678.29,0.0,Closed,2023-03-07,2033-03-07
L002240,C05417,Personal,935095,12.64,11610.58,468411.68,Active,2026-07-08,2041-07-08
L002241,C07472,Home,1750401,8.68,21871.34,0.0,Closed,2026-04-22,2036-04-22
L002242,C05991,Auto,2388625,9.3,49932.43,1966935.41,Active,2024-01-27,2029-01-27
L002243,C03023,Personal,913828,11.88,20272.23,428837.02,Active,2025-09-15,2030-09-15
L002244,C04074,Personal,399386,13.82,9255.79,218650.45,Active,2025-01-25,2030-01-25
L002245,C04763,Auto,1182613,11.4,25949.41,279081.78,Active,2024-12-02,2029-12-02
L002246,C03291,Home,2551940,10.27,27846.34,686232.05,Active,2026-04-27,2041-04-27
L002247,C09224,Education,996989,8.46,9794.38,740099.91,Active,2022-09-23,2037-09-23
L002248,C07427,Personal,804409,15.44,10854.81,475911.41,Active,2026-02-06,2046-02-06
L002249,C07593,Auto,1507148,10.73,20531.29,1021413.05,Active,2022-11-29,2032-11-29
L002250,C08535,Personal,236590,13.57,5452.44,184790.83,Active,2026-07-13,2031-07-13
L002251,C00220,Home,1888363,7.62,37946.69,1691725.64,Active,2023-11-11,2028-11-11
L002252,C06878,Home,1530627,9.94,32476.13,0.0,Closed,2022-02-06,2027-02-06
L002253,C03703,Home,1795238,9.19,37431.95,580222.92,Active,2026-01-31,2031-01-31
L002254,C00504,Personal,1298505,15.34,18477.04,817101.16,Active,2026-02-07,2041-02-07
L002255,C00674,Auto,1296856,11.23,14927.87,270285.23,Active,2022-05-16,2037-05-16
L002256,C01714,Personal,421153,13.91,5583.23,294468.3,Active,2024-03-25,2039-03-25
L002257,C08985,Personal,914642,17.99,16474.61,809772.82,Active,2023-01-27,2033-01-27
L002258,C04088,Auto,903911,8.67,7941.88,470893.37,Active,2023-04-21,2043-04-21
L002259,C09434,Personal,943539,11.44,10986.36,581168.46,Active,2023-01-03,2038-01-03
L002260,C02158,Home,9227275,9.7,87218.98,0.0,Closed,2022-09-08,2042-09-08
L002261,C03073,Personal,808420,12.95,9442.47,427689.96,Active,2025-10-16,2045-10-16
L002262,C00356,Personal,500482,14.76,6922.59,0.0,Closed,2022-06-14,2037-06-14
L002263,C00533,Personal,956074,13.31,12292.32,765880.25,Active,2021-11-20,2036-11-20
L002264,C04587,Home,9088667,8.4,78299.27,6798098.45,Active,2025-05-27,2045-05-27
L002265,C01388,Auto,957328,11.14,9972.8,564740.96,Active,2021-12-12,2041-12-12
L002266,C06854,Personal,909439,14.76,14539.05,343604.07,Active,2026-04-29,2036-04-29
L002267,C08748,Personal,426853,15.31,6967.89,289601.2,Active,2023-06-24,2033-06-24
L002268,C02350,Home,2595175,9.79,24684.0,640711.98,Active,2021-01-21,2041-01-21
L002269,C00805,Personal,1417191,17.07,35274.21,0.0,Closed,2022-03-10,2027-03-10
L002270,C02724,Home,1518179,10.26,32451.38,1270772.18,Active,2023-11-30,2028-11-30
L002271,C02871,Auto,1796092,9.31,23054.56,0.0,Closed,2025-11-30,2035-11-30
L002272,C08525,Personal,238460,13.22,3051.7,76360.1,Active,2023-05-28,2038-05-28
L002273,C08679,Personal,467458,12.67,10557.31,0.0,Closed,2025-12-17,2030-12-17
L002274,C07753,Home,2775210,7.99,56257.97,1296571.94,Active,2026-01-29,2031-01-29
L002275,C07804,Education,2516603,9.89,26874.44,673050.05,Active,2023-05-08,2038-05-08
L002276,C08311,Auto,1692234,12.28,18964.34,1476364.44,Active,2026-06-13,2046-06-13
L002277,C09809,Auto,2283121,10.02,30196.9,0.0,Closed,2025-12-20,2035-12-20
L002278,C02805,Personal,859974,17.48,15208.73,762023.25,Active,2023-12-25,2033-12-25
L002279,C00681,Personal,1288630,13.08,16372.18,0.0,Closed,2020-03-29,2035-03-29
L002280,C09593,Auto,588945,9.21,6047.27,152104.0,Active,2025-10-30,2040-10-30
L002281,C01685,Home,1500000,10.38,16469.57,517579.04,Active,2025-05-06,2040-05-06
L002282,C01119,Personal,843884,15.02,11124.65,233136.97,Active,2026-05-29,2046-05-29
L002283,C08378,Personal,454544,13.24,5823.05,319920.75,Active,2026-07-23,2041-07-23
L002284,C01758,Personal,149166,14.17,2331.32,109314.4,Active,2025-03-26,2035-03-26
L002285,C08028,Education,2082953,10.99,23661.7,781110.84,Active,2020-11-30,2035-11-30
L002286,C05554,Personal,1060679,15.45,15173.4,857606.81,Active,2024-06-06,2039-06-06
L002287,C03454,Auto,344786,11.44,7572.36,262123.67,Active,2024-05-16,2029-05-16
L002288,C07507,Personal,914527,10.77,10262.79,608211.27,Active,2024-02-20,2039-02-20
L002289,C05664,Home,1947546,10.48,19417.75,1286373.45,Active,2025-11-24,2045-11-24
L002290,C01145,Auto,1397179,10.71,14146.8,1175985.6,Active,2021-04-12,2041-04-12
L002291,C04162,Personal,277828,16.54,4185.54,0.0,Closed,2026-05-01,2041-05-01
L002292,C00018,Auto,348250,11.74,7700.95,270250.69,Active,2023-11-05,2028-11-05
L002293,C09096,Education,2598759,10.4,55728.82,0.0,Closed,2022-07-14,2027-07-14
L002294,C07532,Education,256401,10.21,2788.33,0.0,Closed,2026-07-23,2041-07-23
L002295,C05412,Personal,427666,14.87,5590.43,285838.93,Active,2026-08-04,2046-08-04
L002296,C07187,Personal,1384642,11.41,19396.21,523055.64,Active,2024-05-22,2034-05-22
L002297,C01439,Home,1884633,9.65,39719.09,651866.45,Active,2026-04-04,2031-04-04
L002298,C04049,Education,409709,10.15,3994.58,216927.22,Active,2025-10-28,2045-10-28
L002299,C08955,Auto,1127535,11.33,11892.56,867925.23,Active,2026-02-05,2046-02-05
L002300,C09919,Education,2682239,10.6,57784.74,1460991.24,Active,2023-10-29,2028-10-29
L002301,C06204,Home,1603662,8.29,19703.45,654281.8,Active,2026-07-03,2036-07-03
L002302,C07386,Home,4638145,10.05,61421.92,2111711.02,Active,2025-12-18,2035-12-18
L002303,C04525,Auto,2029235,10.53,22468.9,1469846.22,Active,2026-05-21,2041-05-21
L002304,C01674,Personal,604932,14.48,8252.14,476151.1,Active,2023-08-17,2038-08-17
L002305,C01498,Home,3571663,8.53,73329.79,1170103.74,Active,2026-07-17,2031-07-17
L002306,C02297,Home,3103133,10.2,30358.25,1176124.37,Active,2026-06-22,2046-06-22
L002307,C03142,Personal,1333416,16.29,19854.16,634899.63,Active,2026-05-02,2041-05-02
L002308,C08000,Home,6274805,8.29,61020.52,2387344.61,Active,2023-06-28,2038-06-28
L002309,C07827,Personal,1147936,12.75,13245.02,230312.47,Active,2023-06-24,2043-06-24
L002310,C04022,Home,3963017,8.01,37895.54,1125567.15,Active,2026-06-08,2041-06-08
L002311,C01449,Home,8265272,8.89,73781.08,6616697.18,Active,2026-03-05,2046-03-05
L002312,C00708,Personal,979959,17.62,17418.38,0.0,Closed,2021-12-01,2031-12-01
L002313,C02667,Personal,1425804,11.62,16765.03,493381.55,Active,2025-04-10,2040-04-10
L002314,C03584,Auto,1024691,9.1,13035.87,910466.08,Active,2023-04-25,2033-04-25
L002315,C02866,Personal,668097,13.03,15211.52,527247.83,Active,2024-03-17,2029-03-17
L002316,C02247,Auto,2090579,10.7,28443.86,993490.18,Active,2025-08-21,2035-08-21
L002317,C05733,Auto,2124973,12.29,30844.49,922126.84,Active,2023-03-21,2033-03-21
L002318,C02279,Personal,322322,11.0,3663.5,152950.7,Active,2025-10-05,2040-10-05
L002319,C09887,Personal,1187924,17.58,21084.47,1058348.44,Active,2023-01-08,2033-01-08
L002320,C08037,Home,1832613,8.52,18067.96,1099021.31,Active,2026-05-03,2041-05-03
L002321,C05272,Home,2585721,9.09,26364.72,866250.15,Active,2024-11-05,2039-11-05
L002322,C03305,Auto,1075039,10.76,10921.38,631096.54,Active,2024-01-17,2044-01-17
L002323,C05242,Personal,539261,17.58,9571.35,0.0,Closed,2024-08-10,2034-08-10
L002324,C00466,Auto,2297275,11.65,27056.0,1535171.24,Active,2026-04-15,2041-04-15
L002325,C09050,Home,1766616,10.4,23739.02,836367.28,Active,2026-02-26,2036-02-26
L002326,C01280,Auto,1344797,10.45,13381.05,0.0,Closed,2021-12-12,2041-12-12
L002327,C06504,Home,5194041,7.79,62443.18,4379016.15,Active,2026-02-05,2036-02-05
L002328,C08668,Personal,1363743,17.25,21230.17,855471.16,Active,2022-04-06,2037-04-06
L002329,C07100,Home,2079255,9.64,21888.09,0.0,Closed,2025-01-13,2040-01-13
L002330,C03104,Education,1234255,8.67,25423.88,398188.26,Active,2023-12-23,2028-12-23
L002331,C02978,Personal,406436,16.38,6077.36,276409.89,Active,2025-03-06,2040-03-06
L002332,C01150,Auto,1139105,11.8,16211.42,0.0,Closed,2020-10-30,2030-10-30
L002333,C07080,Personal,352418,12.72,7968.17,269085.18,Active,2024-07-27,2029-07-27
L002334,C00857,Personal,692353,12.36,7797.88,226392.11,Active,2024-04-19,2044-04-19
L002335,C02316,Personal,647331,12.03,7781.56,287321.44,Active,2023-02-28,2038-02-28
L002336,C02768,Personal,265066,13.26,3998.47,167677.14,Active,2025-09-10,2035-09-10
L002337,C09346,Personal,1031427,16.19,25186.55,0.0,Closed,2025-11-07,2030-11-07
L002338,C03728,Auto,1129552,11.33,11913.84,552874.77,Active,2026-01-12,2046-01-12
L002339,C08014,Personal,135559,11.43,1577.56,87005.1,Active,2022-10-24,2037-10-24
L002340,C04354,Home,4522001,8.63,93059.36,2023912.79,Active,2022-04-03,2027-04-03
L002341,C08499,Home,6979614,9.34,146039.74,4698606.96,Active,2025-11-08,2030-11-08
L002342,C00056,Home,1582588,10.15,33742.24,633723.81,Active,2026-02-09,2031-02-09
L002343,C05016,Auto,584770,9.06,12155.9,141464.08,Active,2022-08-22,2027-08-22
L002344,C06724,Personal,855639,17.79,13650.31,564292.92,Active,2026-03-09,2041-03-09
L002345,C08862,Home,3180069,9.14,28898.86,1980568.86,Active,2026-02-22,2046-02-22
L002346,C07215,Personal,287639,16.61,4134.0,105294.61,Active,2026-01-31,2046-01-31
L002347,C06269,Auto,1253768,9.46,26306.96,388636.45,Active,2023-08-20,2028-08-20
L002348,C05623,Home,1677816,7.63,20030.0,0.0,Closed,2026-07-20,2036-07-20
L002349,C05340,Auto,877442,10.5,9699.23,400085.98,Active,2024-01-18,2039-01-18
L002350,C02060,Home,2570065,9.8,24462.09,1027204.81,Active,2026-02-21,2046-02-21
L002351,C09870,Personal,242525,10.8,5248.92,119342.33,Active,2024-07-06,2029-07-06
L002352,C03890,Home,1669087,9.24,17168.12,533564.26,Active,2026-01-27,2041-01-27
L002353,C07140,Personal,419303,14.52,5731.28,267510.95,Active,2026-03-17,2041-03-17
L002354,C00078,Education,1045512,10.26,11402.01,701600.59,Active,2021-10-06,2036-10-06
L002355,C04491,Personal,349912,15.38,4706.15,167132.84,Active,2022-07-29,2042-07-29
L002356,C09475,Auto,2446666,11.58,34511.08,2130649.58,Active,2026-07-27,2036-07-27
L002357,C06903,Auto,1162278,9.3,11996.92,0.0,Closed,2023-07-07,2038-07-07
L002358,C00270,Auto,1572428,9.94,33363.05,1162233.37,Active,2025-06-15,2030-06-15
L002359,C07853,Auto,1358359,9.37,28441.85,1016736.48,Active,2026-06-22,2031-06-22
L002360,C09996,Home,2200306,8.12,18568.9,1275035.45,Active,2025-02-03,2045-02-03
L002361,C08698,Education,893139,10.76,9073.45,625429.75,Active,2024-12-03,2044-12-03
L002362,C03682,Auto,1342361,8.81,27741.59,0.0,Closed,2026-07-20,2031-07-20
L002363,C01195,Auto,509832,11.93,6095.9,0.0,Closed,2023-08-03,2038-08-03
L002364,C02213,Education,999897,10.19,13319.14,642299.0,Active,2025-03-20,2035-03-20
L002365,C09358,Personal,987442,16.06,14543.9,600126.84,Active,2024-12-31,2039-12-31
L002366,C04759,Education,346770,10.7,3876.3,201178.84,Active,2024-09-07,2039-09-07
L002367,C05347,Auto,1158431,8.98,24035.88,0.0,Closed,2025-08-15,2030-08-15
L002368,C07161,Auto,1032247,8.56,21207.99,600074.91,Active,2025-07-22,2030-07-22
L002369,C03521,Auto,1445609,9.58,13550.58,600995.95,Active,2022-09-28,2042-09-28
L002370,C04212,Education,1867399,10.03,39704.28,1115320.36,Active,2024-06-08,2029-06-08
L002371,C02280,Auto,667049,12.39,14969.93,152353.85,Active,2025-04-19,2030-04-19
L002372,C07467,Auto,1480984,11.38,20720.42,0.0,Closed,2022-01-25,2032-01-25
L002373,C06467,Home,2070346,10.39,27808.85,1214066.65,Active,2024-04-14,2034-04-14
L002374,C08686,Personal,1463530,10.83,14937.43,597028.25,Active,2025-09-22,2045-09-22
L002375,C03705,Personal,199183,12.65,4496.42,115649.59,Active,2024-06-12,2029-06-12
L002376,C00306,Personal,443712,13.3,5701.9,231379.43,Active,2024-12-11,2039-12-11
L002377,C03369,Education,2881478,9.04,36563.75,1842771.62,Active,2025-10-26,2035-10-26
L002378,C06553,Home,7936690,8.38,68274.84,4877270.26,Active,2026-06-30,2046-06-30
L002379,C02193,Home,2950315,9.31,37870.11,1914553.57,Active,2025-11-05,2035-11-05
L002380,C04175,Auto,989024,12.06,11908.15,294928.86,Active,2024-12-19,2039-12-19
L002381,C02519,Personal,1355758,13.06,20290.93,0.0,Closed,2022-03-28,2032-03-28
L002382,C06408,Personal,531620,16.69,7672.73,322542.76,Active,2025-05-08,2045-05-08
L002383,C06422,Home,9911821,9.13,206379.03,7153341.25,Active,2018-11-15,2023-11-15
L002384,C06024,Auto,990809,11.46,11549.35,665981.08,Active,2024-03-14,2039-03-14
L002385,C02329,Auto,1865826,10.69,18866.77,609093.99,Active,2023-05-03,2043-05-03
L002386,C02591,Education,1672764,10.25,35747.41,751520.03,Active,2023-08-08,2028-08-08
L002387,C07435,Personal,494959,15.87,12002.28,128149.54,Active,2025-06-16,2030-06-16
L002388,C08271,Personal,742894,12.31,8341.02,559792.31,Active,2023-11-28,2043-11-28
L002389,C09110,Auto,1101139,8.59,22639.35,831402.69,Active,2024-01-10,2029-01-10
L002390,C05069,Home,1856768,7.71,17434.79,1516483.6,Active,2025-01-10,2040-01-10
L002391,C05183,Auto,1990307,8.54,19646.03,1268937.83,Active,2020-10-26,2035-10-26
L002392,C09445,Home,2798677,9.27,25668.44,1356419.86,Active,2023-08-19,2043-08-19
L002393,C00091,Auto,366098,10.5,4046.84,149938.35,Active,2021-06-13,2036-06-13
L002394,C02855,Auto,1909586,11.51,42006.36,933811.8,Active,2025-06-10,2030-06-10
L002395,C02863,Auto,2356502,12.48,26739.96,1316780.61,Active,2026-04-23,2046-04-23
L002396,C03951,Home,2495878,8.26,50918.54,980892.42,Active,2023-09-02,2028-09-02
L002397,C00515,Home,1894288,8.86,19055.69,400073.3,Active,2022-12-15,2037-12-15
L002398,C05148,Home,2799452,9.16,25476.18,1714874.41,Active,2025-03-29,2045-03-29
L002399,C06962,Personal,369241,14.95,8774.53,0.0,Closed,2021-09-24,2026-09-24
L002400,C05642,Home,2552922,8.04,24456.04,1603937.9,Active,2020-07-23,2035-07-23
L002401,C08381,Home,2870913,9.67,30273.98,1180658.4,Active,2022-07-10,2037-07-10
L002402,C08414,Personal,1047337,12.7,15453.09,501900.39,Active,2025-09-28,2035-09-28
L002403,C03072,Home,1824631,10.41,39137.14,1021112.38,Active,2026-05-02,2031-05-02
L002404,C06734,Home,8007379,9.73,104624.53,0.0,Closed,2026-07-17,2036-07-17
L002405,C06861,Education,966206,8.67,8489.21,568837.85,Active,2025-05-13,2045-05-13
L002406,C08402,Personal,343457,11.26,4781.81,73789.04,Active,2026-06-20,2036-06-20
L002407,C06330,Auto,399313,10.25,4352.32,0.0,Closed,2026-06-18,2041-06-18
L002408,C00287,Home,2985640,9.08,30424.6,2464855.78,Active,2025-08-01,2040-08-01
L002409,C00971,Personal,684900,13.77,8402.71,574583.11,Active,2021-04-08,2041-04-08
L002410,C01665,Auto,1800061,10.4,24188.44,0.0,Closed,2021-01-25,2031-01-25
L002411,C04481,Home,1626889,7.57,32653.66,707292.17,Active,2025-02-04,2030-02-04
L002412,C01209,Home,2072437,8.62,20554.15,456753.17,Active,2024-05-16,2039-05-16
L002413,C01005,Personal,1320795,13.6,30459.38,1052447.68,Active,2024-11-25,2029-11-25
L002414,C02650,Personal,919377,10.58,19797.45,819610.07,Active,2026-07-08,2031-07-08
L002415,C09334,Auto,1415213,10.84,30657.36,469817.86,Active,2024-12-26,2029-12-26
L002416,C01954,Personal,611025,16.95,10600.12,346859.53,Active,2024-12-20,2034-12-20
L002417,C04536,Personal,307716,11.79,6812.36,249598.02,Active,2023-07-01,2028-07-01
L002418,C04077,Personal,242593,14.08,5654.78,176377.85,Active,2025-11-19,2030-11-19
L002419,C01981,Home,1664003,8.59,20711.44,0.0,Closed,2023-07-06,2033-07-06
L002420,C06471,Home,1726424,7.63,16131.97,0.0,Closed,2025-08-12,2040-08-12
L002421,C01814,Home,4317129,9.68,45550.61,2052770.84,Active,2024-03-10,2039-03-10
L002422,C02624,Home,2284972,10.22,22384.56,792137.38,Active,2026-02-03,2046-02-03
L002423,C02209,Auto,959701,9.47,10004.07,813309.37,Active,2026-05-28,2041-05-28
L002424,C02560,Personal,975176,11.0,21202.69,347227.4,Active,2021-11-10,2026-11-10
L002425,C05019,Personal,183778,13.27,2188.54,81759.74,Active,2025-02-02,2045-02-02
L002426,C01668,Auto,1732281,9.71,18309.06,0.0,Closed,2024-08-26,2039-08-26
L002427,C06668,Auto,1285476,10.55,12877.14,0.0,Closed,2026-04-21,2046-04-21
L002428,C06120,Auto,875740,10.38,18771.05,190334.51,Active,2025-10-03,2030-10-03
L002429,C03763,Personal,1392614,15.24,19720.27,342704.75,Active,2025-04-24,2040-04-24
L002430,C03186,Home,3993236,9.04,40597.13,0.0,Closed,2025-04-04,2040-04-04
L002431,C04144,Education,702089,9.7,7416.35,0.0,Closed,2023-12-16,2038-12-16
L002432,C06121,Home,4310170,9.05,38918.43,2075638.41,Active,2025-09-27,2045-09-27
L002433,C08270,Personal,495004,16.26,8372.35,0.0,Closed,2025-12-02,2035-12-02
L002434,C03937,Personal,498387,15.65,7198.56,255656.47,Active,2025-03-14,2040-03-14
L002435,C04245,Personal,1070332,14.86,17176.55,421796.67,Active,2021-12-22,2031-12-22
L002436,C03279,Home,2536106,8.12,24412.37,1133045.59,Active,2024-10-05,2039-10-05
L002437,C08763,Personal,615131,13.44,7961.83,0.0,Closed,2026-07-09,2041-07-09
L002438,C02836,Auto,1731933,9.09,36027.78,386983.82,Active,2026-07-24,2031-07-24
L002439,C00035,Auto,1124350,8.51,13946.34,0.0,Closed,2026-07-01,2036-07-01
L002440,C07777,Home,3576413,8.86,35977.11,2166071.57,Active,2026-06-15,2041-06-15
L002441,C04040,Personal,996967,15.21,13282.91,564823.97,Active,2026-03-04,2046-03-04
L002442,C01354,Home,2501975,7.92,50635.29,848395.07,Active,2025-12-22,2030-12-22
L002443,C00149,Personal,247387,12.58,3061.99,206042.83,Active,2026-03-14,2041-03-14
L002444,C08204,Personal,987648,12.04,21989.65,655478.15,Active,2026-02-15,2031-02-15
L002445,C07358,Personal,681275,12.63,10024.03,318279.19,Active,2025-07-16,2035-07-16
L002446,C03932,Personal,659385,17.46,10363.7,0.0,Closed,2025-07-07,2040-07-07
L002447,C06177,Education,2522429,9.75,32985.87,563813.84,Active,2025-08-30,2035-08-30
L002448,C02801,Personal,1236050,15.12,20032.74,471776.46,Active,2022-03-28,2032-03-28
L002449,C06923,Auto,1431326,11.74,31651.32,441181.07,Active,2023-08-18,2028-08-18
L002450,C01897,Home,5354620,9.33,68790.06,0.0,Closed,2024-12-24,2034-12-24
L002451,C08497,Home,1506644,8.22,14590.28,448035.74,Active,2024-10-10,2039-10-10
L002452,C00733,Auto,2171352,9.35,45443.43,0.0,Closed,2023-11-17,2028-11-17
L002453,C06559,Personal,1031414,13.82,12691.23,0.0,Closed,2025-07-08,2045-07-08
L002454,C01735,Home,1524145,9.12,15567.88,653373.81,Active,2025-02-26,2040-02-26
L002455,C07613,Home,2598772,8.53,53355.37,1218963.14,Active,2023-01-09,2028-01-09
L002456,C05809,Auto,1161801,9.99,24679.12,477209.54,Active,2026-06-20,2031-06-20
L002457,C08882,Home,1913175,8.71,23936.05,1179335.41,Active,2026-08-05,2036-08-05
L002458,C08855,Home,1804798,10.2,17656.52,1030902.21,Active,2026-05-11,2046-05-11
L002459,C02684,Personal,1281344,12.33,28716.93,435566.69,Active,2022-03-04,2027-03-04
L002460,C06651,Home,1680975,8.58,34552.63,660749.35,Active,2025-10-07,2030-10-07
L002461,C07914,Home,2250452,8.81,22571.92,1447904.07,Active,2023-02-24,2038-02-24
L002462,C03823,Auto,2307103,9.13,29387.97,0.0,Closed,2026-05-25,2036-05-25
L002463,C01004,Auto,1120876,11.88,12248.17,411925.1,Active,2025-09-20,2045-09-20
L002464,C06900,Education,865861,8.28,17672.8,460917.11,Active,2025-08-22,2030-08-22
L002465,C01181,Personal,412537,12.7,4745.29,106775.3,Active,2022-04-30,2042-04-30
L002466,C05428,Home,2153469,8.0,43664.59,1799030.21,Active,2024-04-13,2029-04-13
L002467,C08260,Home,4245683,9.85,55754.95,2423546.86,Active,2026-06-11,2036-06-11
L002468,C01008,Home,1852166,8.21,22677.94,1567056.11,Active,2023-08-27,2033-08-27
L002469,C01034,Home,6013811,9.95,79306.54,2132849.06,Active,2025-05-01,2035-05-01
L002470,C03574,Personal,873703,15.92,14592.14,672083.19,Active,2026-05-27,2036-05-27
L002471,C02948,Home,2865153,10.07,30911.89,2537085.61,Active,2025-01-28,2040-01-28
L002472,C05103,Personal,219223,13.45,3331.68,173375.45,Active,2026-06-21,2036-06-21
L002473,C01524,Personal,1377100,16.76,20959.83,800837.48,Active,2026-07-09,2041-07-09
L002474,C01511,Personal,620544,11.72,13716.02,394543.38,Active,2025-10-19,2030-10-19
L002475,C07087,Home,1741577,9.09,15770.37,1085852.63,Active,2021-10-23,2041-10-23
L002476,C08730,Personal,947036,17.17,14013.69,0.0,Closed,2025-03-18,2045-03-18
L002477,C03912,Auto,1042256,11.65,11222.84,0.0,Closed,2021-02-06,2041-02-06
L002478,C06845,Personal,954963,11.75,10349.0,835123.1,Active,2026-06-25,2046-06-25
L002479,C05781,Personal,870706,16.81,21550.43,532272.07,Active,2025-09-18,2030-09-18
L002480,C06180,Home,7768360,7.57,62914.31,6904292.47,Active,2025-06-26,2045-06-26
L002481,C04334,Home,1808638,8.85,22764.5,1245463.4,Active,2025-03-17,2035-03-17
L002482,C08549,Home,1568694,10.2,15346.69,973425.72,Active,2025-08-20,2045-08-20
L002483,C02029,Personal,879232,17.12,12976.87,200699.78,Active,2022-08-18,2042-08-18
L002484,C08573,Home,1805214,10.19,38524.45,1557568.35,Active,2022-05-29,2027-05-29
L002485,C08552,Personal,910668,17.15,13461.66,632216.94,Active,2024-10-22,2044-10-22
L002486,C00546,Auto,2301136,8.66,20203.43,1537120.51,Active,2025-03-25,2045-03-25
L002487,C06371,Personal,1162663,11.74,25710.3,467653.85,Active,2025-12-22,2030-12-22
L002488,C05679,Home,1603530,9.03,16292.7,990358.67,Active,2023-06-04,2038-06-04
L002489,C00506,Personal,1065300,13.1,13548.8,920801.17,Active,2024-02-04,2039-02-04
L002490,C01506,Personal,358574,17.13,5295.04,193708.79,Active,2023-06-09,2043-06-09
L002491,C03960,Auto,2422098,8.77,30381.44,0.0,Closed,2025-12-10,2035-12-10
L002492,C07066,Personal,1485412,15.86,21671.44,544438.95,Active,2022-05-07,2037-05-07
L002493,C09823,Home,7940597,8.33,97731.54,5462835.32,Active,2025-08-04,2035-08-04
L002494,C04183,Auto,1115764,10.17,14850.14,359113.68,Active,2026-08-01,2036-08-01
L002495,C00125,Education,2494519,9.7,32552.25,2129421.74,Active,2025-11-27,2035-11-27
L002496,C02940,Auto,856809,11.41,18804.77,222261.55,Active,2024-10-26,2029-10-26
L002497,C07838,Personal,1134907,11.36,11993.69,0.0,Closed,2026-01-25,2046-01-25
L002498,C06964,Education,1760769,10.55,19518.14,909353.11,Active,2026-01-29,2041-01-29
L002499,C01932,Auto,1856320,9.82,19744.19,802995.21,Active,2026-04-06,2041-04-06
L002500,C03575,Auto,2481240,11.23,34502.92,2194513.77,Active,2024-06-23,2034-06-23
